base_item_id,model,k_i,n_i,predicted_probability,prediction_sd_across_repeats,prediction_min_across_repeats,prediction_max_across_repeats,prediction_range_across_repeats,observed_susceptibility
060d3a81d693dbc021eb9444,M2,0,4,0.1035304770901635,0.0579780769745535,0.0311163924680111,0.1762390067578738,0.1451226142898627,0.0
060d3a81d693dbc021eb9444,M3,0,4,0.0799566598280291,0.0659878138249252,0.0228522036994088,0.1770282764493672,0.1541760727499584,0.0
087cbc2a3541857a3c782a17,M2,0,4,0.0521761065768791,0.0356714586873372,0.0312401900856274,0.1157219676982295,0.0844817776126021,0.0
087cbc2a3541857a3c782a17,M3,0,4,0.0520973455970197,0.035686407714205,0.0311881299970091,0.1156692322701682,0.0844811022731591,0.0
08f0c6e2bd5323a29db52233,M2,0,4,0.206964696642674,0.0865265992575848,0.0816620948918125,0.2957724759193517,0.2141103810275392,0.0
08f0c6e2bd5323a29db52233,M3,0,4,0.2083554258841075,0.0872622142383797,0.0817619623634611,0.2981134559534361,0.216351493589975,0.0
126fb6f19787dd67fa1880c9,M2,0,4,0.0685230272370451,0.0246250474521569,0.0475625541775994,0.1101035089158057,0.0625409547382063,0.0
126fb6f19787dd67fa1880c9,M3,0,4,0.0695200342287016,0.0247753247344727,0.0480539383790872,0.1112624874688561,0.0632085490897688,0.0
19082811bdb5cd2a1d3e8e82,M2,0,3,0.0914329126448602,0.006282100051276,0.0808165849776841,0.0962546726670428,0.0154380876893587,0.0
19082811bdb5cd2a1d3e8e82,M3,0,3,0.0776984110664022,0.0287526226240063,0.0272769941065913,0.0957296711907898,0.0684526770841985,0.0
19d257d4b833fd958e081b66,M2,1,4,0.1841712984606272,0.0779723040760304,0.1236563599463887,0.3185809596744137,0.1949245997280249,0.25
19d257d4b833fd958e081b66,M3,1,4,0.1374201160804568,0.0486299329993184,0.0538422058470198,0.1812350903392,0.1273928844921802,0.25
1b0f0afe77813ad952e848d8,M2,0,4,0.1423405000591335,0.0439035495321918,0.0752785890581241,0.1825874444669365,0.1073088554088124,0.0
1b0f0afe77813ad952e848d8,M3,0,4,0.1439932676765472,0.0444201867310488,0.0756756066493986,0.1836335841255456,0.1079579774761469,0.0
221d10095225b730634f9eaf,M2,0,4,0.0769592949372886,0.0308914830571343,0.0283021191126554,0.1120643390502984,0.083762219937643,0.0
221d10095225b730634f9eaf,M3,0,4,0.075461699993045,0.0292069906046254,0.0282677659201211,0.1080191125946113,0.0797513466744902,0.0
230c343fa687602f8b15aff9,M2,1,4,0.1659818971929975,0.0532737183410432,0.0966151573499534,0.2253116376829456,0.1286964803329921,0.25
230c343fa687602f8b15aff9,M3,1,4,0.1547208983049959,0.056128001944044,0.0960963347715101,0.2253097596750355,0.1292134249035253,0.25
27c7f006fa84d93633021677,M2,0,4,0.1302256666154193,0.0446910444564059,0.0832199825477808,0.196761626916733,0.1135416443689521,0.0
27c7f006fa84d93633021677,M3,0,4,0.1303330650991152,0.0445288132240211,0.0837014135876844,0.1967328252497189,0.1130314116620345,0.0
292aa24773ee2b9c3cfe5a06,M2,0,4,0.2563707684767087,0.1743766769471432,0.0749496098210485,0.5434302121125614,0.4684806022915128,0.0
292aa24773ee2b9c3cfe5a06,M3,0,4,0.4619793297914017,0.320226098396866,0.0753731501926794,0.8403233394661651,0.7649501892734857,0.0
2bd10cd8ee1c1e66e3f9159a,M2,2,2,0.0688750904707151,0.0280169497108817,0.038042475584309,0.1010186746586137,0.0629761990743046,1.0
2bd10cd8ee1c1e66e3f9159a,M3,2,2,0.0595189892185104,0.0286957023418732,0.0380503319282131,0.1011007585044238,0.0630504265762106,1.0
2f906d11661cd8b6598b7067,M2,0,2,0.1536980308257564,0.0386887571969107,0.0926297892078323,0.2003565753221752,0.1077267861143429,0.0
2f906d11661cd8b6598b7067,M3,0,2,0.15382705280629,0.0388386333122118,0.0922701664211508,0.2002573534489937,0.1079871870278428,0.0
37c7d14ba1457f09367ab860,M2,4,4,0.0929172742816689,0.0263938037704539,0.0546110123028206,0.1286851919887337,0.0740741796859131,1.0
37c7d14ba1457f09367ab860,M3,4,4,0.0923993374853691,0.0262696497958522,0.0543218916510835,0.1280640627900661,0.0737421711389826,1.0
38b0fbd6ee6cb2bee00d170a,M2,1,3,0.1412421650106786,0.0402130242529877,0.0819584442038937,0.1825178675933688,0.1005594233894751,0.3333333333333333
38b0fbd6ee6cb2bee00d170a,M3,1,3,0.1868463896508323,0.1166550086658369,0.0826551008395738,0.3835811415442914,0.3009260407047176,0.3333333333333333
5072ac86fd0b30553ece4646,M2,0,4,0.0873655467356497,0.033301050257117,0.0596082491916984,0.1319604531149945,0.0723522039232961,0.0
5072ac86fd0b30553ece4646,M3,0,4,0.0876072805692673,0.0329153319444955,0.0601405226825739,0.1320985937885421,0.0719580711059681,0.0
50b656e715a26ba36c2f2605,M2,0,4,0.0978978368068507,0.0455412814701364,0.0449264318842584,0.1439729008004214,0.099046468916163,0.0
50b656e715a26ba36c2f2605,M3,0,4,0.1161700592009751,0.0721904803419718,0.0449954582557264,0.2212574108005813,0.1762619525448549,0.0
51dff8f7eca1554db76b0a55,M2,0,3,0.1507664047726813,0.0707185347929444,0.0892020861067231,0.2587538942999706,0.1695518081932474,0.0
51dff8f7eca1554db76b0a55,M3,0,3,0.1058793746545782,0.0644817094759492,0.0076475330150189,0.1835613161988011,0.1759137831837821,0.0
5545c30e11154dda5a2693be,M2,0,3,0.1394068901635239,0.0429108599433628,0.0927758808206789,0.2049809279974582,0.1122050471767792,0.0
5545c30e11154dda5a2693be,M3,0,3,0.1054811644435716,0.074655326464939,0.0259905372387627,0.2025279898095267,0.176537452570764,0.0
56eb043e7d48640f9b4f1a87,M2,0,3,0.0679559044988902,0.0450742184182896,0.0301440356736456,0.1413960231772683,0.1112519875036227,0.0
56eb043e7d48640f9b4f1a87,M3,0,3,0.067247714630302,0.0447230568085668,0.0298707119029296,0.1400788192218471,0.1102081073189175,0.0
59bb3cf88ca5405a1b605de5,M2,0,3,0.126230585282181,0.0380030611834117,0.0971194674672001,0.1849306172748113,0.0878111498076111,0.0
59bb3cf88ca5405a1b605de5,M3,0,3,0.1262356872495326,0.0370283232584009,0.0977132631930439,0.1836876627464332,0.0859743995533893,0.0
73614dad157f55e63357b6cb,M2,0,4,0.0978155527439534,0.0168895000225181,0.0805902917774097,0.1163297045668863,0.0357394127894766,0.0
73614dad157f55e63357b6cb,M3,0,4,0.1070637726767023,0.0134280236269556,0.0859406318932784,0.1202033775552032,0.0342627456619248,0.0
73b817e796a2537fe3248632,M2,0,2,0.2293926784343584,0.0713571494397962,0.1461018995789024,0.3019039477875832,0.1558020482086808,0.0
73b817e796a2537fe3248632,M3,0,2,0.230488882762898,0.0717071571723199,0.1469944388357562,0.3051642822066379,0.1581698433708816,0.0
8245832a2e4861c9f0904787,M2,0,3,0.116343021445493,0.0280647328573331,0.0822106905121585,0.1535312703519857,0.0713205798398271,0.0
8245832a2e4861c9f0904787,M3,0,3,0.1161612064728827,0.0281084961995473,0.082136368176825,0.1535126085359133,0.0713762403590882,0.0
88dff4646cdcd9bf13063e54,M2,0,4,0.0797572056234472,0.0206211937212706,0.0467798253606025,0.0979008773866336,0.051121052026031,0.0
88dff4646cdcd9bf13063e54,M3,0,4,0.0800048597948869,0.020785935287923,0.0467559374585268,0.0978769917032082,0.0511210542446814,0.0
8cae6accb0af1dfd9c0555c5,M2,0,4,0.2433885420958021,0.1136766276249506,0.1215951400279618,0.4014941522441389,0.2798990122161771,0.0
8cae6accb0af1dfd9c0555c5,M3,0,4,0.2021389265656096,0.0689461815760736,0.1244945282523451,0.2911487991377311,0.1666542708853859,0.0
90d95810ac43b9e9957f0325,M2,0,4,0.1442971829859936,0.0956697782613921,0.0727700227430353,0.3109830990808842,0.2382130763378488,0.0
90d95810ac43b9e9957f0325,M3,0,4,0.1247883055208466,0.0540962382435732,0.072878709778016,0.2135932269152413,0.1407145171372252,0.0
93bb3314a4405fb1019e5c97,M2,2,3,0.0645178498166136,0.0219700955060089,0.0307777157509402,0.084120746924204,0.0533430311732637,0.6666666666666666
93bb3314a4405fb1019e5c97,M3,2,3,0.0647503349165648,0.0220469761090263,0.0305698281369056,0.0842504563509084,0.0536806282140027,0.6666666666666666
9f9e9441308fe2495783c57a,M2,1,4,0.1370852984841179,0.0555918886444359,0.0671043332117304,0.1972048228997666,0.1301004896880362,0.25
9f9e9441308fe2495783c57a,M3,1,4,0.1370998174848885,0.0557335793761966,0.0670693301232606,0.1974639903000864,0.1303946601768258,0.25
a2b2a00381c710d5d640397c,M2,0,4,0.258758286361167,0.0847934900962285,0.1875565604137847,0.4041562403354024,0.2165996799216176,0.0
a2b2a00381c710d5d640397c,M3,0,4,0.2236653828284422,0.0252273047902501,0.1843670501719446,0.2531025418052223,0.0687354916332776,0.0
a858a574032ba912702bd237,M2,0,3,0.0740555977521866,0.0389546602251832,0.0248851423130227,0.107873015412978,0.0829878730999552,0.0
a858a574032ba912702bd237,M3,0,3,0.0613850847246351,0.0382068975495636,0.0248203161027254,0.1089358777251592,0.0841155616224338,0.0
a86660084778cc72c2be6bfa,M2,0,3,0.0932009710025561,0.0271868606258299,0.0635785836182667,0.1231248118576444,0.0595462282393777,0.0
a86660084778cc72c2be6bfa,M3,0,3,0.0930605207420604,0.0246446219806806,0.0648732104006858,0.1197658186614052,0.0548926082607193,0.0
aa6315ed628774ae6a7bda3d,M2,0,4,0.1024498112852897,0.044811734265755,0.0484129606594931,0.1484933653887365,0.1000804047292433,0.0
aa6315ed628774ae6a7bda3d,M3,0,4,0.0552085465662447,0.032700366333116,0.0239754560996547,0.1054309558852206,0.0814554997855659,0.0
af576a6d88fc0f003b9f084c,M2,0,4,0.1072601404947666,0.031626787564904,0.0743834597506096,0.1520590410168134,0.0776755812662037,0.0
af576a6d88fc0f003b9f084c,M3,0,4,0.107670110542917,0.0317867982747648,0.0744155641285378,0.1523558298252069,0.0779402656966691,0.0
af658ae9eac3ea19884eb3ba,M2,2,4,0.1067507489621067,0.0250094106902779,0.0676240092624382,0.1320747578453587,0.0644507485829204,0.5
af658ae9eac3ea19884eb3ba,M3,2,4,0.0808885626686194,0.022168430944817,0.0542958614861217,0.1061831894270644,0.0518873279409426,0.5
b5a72ac4b822bfb3dd3d82ce,M2,0,4,0.1211343949002238,0.0421738651839514,0.0834439482982097,0.1899932249948778,0.1065492766966681,0.0
b5a72ac4b822bfb3dd3d82ce,M3,0,4,0.1041918359763165,0.064192278170351,0.0176516034960126,0.1900081246715626,0.1723565211755499,0.0
b7778832d4209a7cf3c3b4f9,M2,0,1,0.1026282606214403,0.0529993109641263,0.0628456932881123,0.1783840009608816,0.1155383076727692,0.0
b7778832d4209a7cf3c3b4f9,M3,0,1,0.0778620245669062,0.0602295346348049,0.0152822620443983,0.1783299526394952,0.1630476905950968,0.0
bec2d2aca4338c75b5d49be9,M2,1,2,0.0911074936408106,0.0073384433587589,0.0785287823007786,0.0972284954575798,0.0186997131568012,0.5
bec2d2aca4338c75b5d49be9,M3,1,2,0.104989718939371,0.0333075214789705,0.0850450178365092,0.164286026410559,0.0792410085740497,0.5
bedb611af093adca6e571990,M2,3,4,0.0814729038105964,0.039329405098006,0.0585287001580707,0.1512523983035634,0.0927236981454927,0.75
bedb611af093adca6e571990,M3,3,4,0.0808382783082011,0.039079339939747,0.0581865496373388,0.1501579950718035,0.0919714454344646,0.75
c1345efb227138527b3738d8,M2,2,4,0.0665448229111462,0.0182664033429677,0.0552382843844471,0.0990038359809611,0.043765551596514,0.5
c1345efb227138527b3738d8,M3,2,4,0.0665725739401459,0.0175046376339216,0.0556141884856658,0.0975899436709269,0.0419757551852611,0.5
c796b305c6464663e51876ff,M2,0,4,0.146695314342757,0.0697546267518448,0.0725155505401237,0.2577471768179222,0.1852316262777985,0.0
c796b305c6464663e51876ff,M3,0,4,0.1483153505530606,0.069188044034596,0.073075385965113,0.2578498162922401,0.1847744303271271,0.0
c96854402716ee124bad61ae,M2,0,3,0.1553943121000988,0.0343347625263645,0.1143372376001584,0.2064538887733963,0.0921166511732378,0.0
c96854402716ee124bad61ae,M3,0,3,0.1431765250202516,0.0558244572181803,0.0679006272598622,0.2166014258394948,0.1487007985796326,0.0
cedf23403ecdf46d8c79779e,M2,0,4,0.074218366208319,0.0267133335661013,0.0342543737095603,0.1008670807899292,0.0666127070803688,0.0
cedf23403ecdf46d8c79779e,M3,0,4,0.0749102884796576,0.0272550145836354,0.0337928439012333,0.1032583513953952,0.0694655074941619,0.0
e7e019412bf97ef973378c4e,M2,0,4,0.1158696556637401,0.0221052885865214,0.0951075030816839,0.1535395732699103,0.0584320701882264,0.0
e7e019412bf97ef973378c4e,M3,0,4,0.101810975625417,0.0416576822918074,0.0378672674526761,0.1528387446535349,0.1149714772008588,0.0
ea06f81db97a5017d41e0790,M2,0,3,0.0586339576371892,0.0171669086534226,0.0355364817952816,0.0814356698646182,0.0458991880693365,0.0
ea06f81db97a5017d41e0790,M3,0,3,0.0576871968600022,0.0168935728264459,0.0351067829138196,0.0801670579184615,0.0450602750046419,0.0
eec6687775673cc0372c5d70,M2,2,4,0.0645476981836933,0.020982262094894,0.0413546669163126,0.0965922361270101,0.0552375692106975,0.5
eec6687775673cc0372c5d70,M3,2,4,0.0647375323318247,0.0210525565725208,0.0415567099036667,0.0969421798573105,0.0553854699536438,0.5
f1f8dc69bf9d2cb569d43454,M2,1,3,0.1422849960103823,0.0292466714720688,0.1092314834165246,0.1810307638716747,0.0717992804551501,0.3333333333333333
f1f8dc69bf9d2cb569d43454,M3,1,3,0.1406658348019298,0.0292783792066839,0.1068133479230985,0.1790812596398657,0.0722679117167671,0.3333333333333333
fc4ca1e3982749c2995b1184,M2,0,3,0.1163988524341131,0.0295104132209345,0.0938986044661954,0.1655886477146371,0.0716900432484416,0.0
fc4ca1e3982749c2995b1184,M3,0,3,0.0836221100911727,0.0651850503267315,0.0039640093729775,0.163069893858223,0.1591058844852455,0.0
feab4368f74f80a8f8bdc037,M2,0,3,0.0937939381115054,0.0147181641016998,0.070582611950521,0.1066369208777534,0.0360543089272324,0.0
feab4368f74f80a8f8bdc037,M3,0,3,0.0938308519692303,0.0147285105877141,0.0706351023516602,0.1066512629639451,0.0360161606122848,0.0
