population,repeat,seed,outer_fold,model,base_item_id,board_id,consideration_cluster_id,k_i,n_i,observed_susceptibility,predicted_probability
representative_primary,0,20260809,0,M2,19082811bdb5cd2a1d3e8e82,926dacce2e7d,34,0,3,0.0,0.0929939795998773
representative_primary,0,20260809,0,M2,2bd10cd8ee1c1e66e3f9159a,c484ba14cd1a,140,2,2,1.0,0.0783919068721394
representative_primary,0,20260809,0,M2,38b0fbd6ee6cb2bee00d170a,36b44414c0a6,8095,1,3,0.3333333333333333,0.120075688788575
representative_primary,0,20260809,0,M2,5072ac86fd0b30553ece4646,a7fe53a4018d,9617,0,4,0.0,0.1137171574753747
representative_primary,0,20260809,0,M2,5545c30e11154dda5a2693be,918093301aef,1,0,3,0.0,0.1107862196385629
representative_primary,0,20260809,0,M2,59bb3cf88ca5405a1b605de5,499932b126ef,11,0,3,0.0,0.1030464781097167
representative_primary,0,20260809,0,M2,88dff4646cdcd9bf13063e54,d63083f5e364,116,0,4,0.0,0.0861431429428862
representative_primary,0,20260809,0,M2,c96854402716ee124bad61ae,4fdbcddceaaf,1,0,3,0.0,0.1659070136757522
representative_primary,0,20260809,0,M2,fc4ca1e3982749c2995b1184,b82faf8ede14,1,0,3,0.0,0.1211988088187523
representative_primary,0,20260809,0,M3,19082811bdb5cd2a1d3e8e82,926dacce2e7d,34,0,3,0.0,0.0931268970236163
representative_primary,0,20260809,0,M3,2bd10cd8ee1c1e66e3f9159a,c484ba14cd1a,140,2,2,1.0,0.0782064280581104
representative_primary,0,20260809,0,M3,38b0fbd6ee6cb2bee00d170a,36b44414c0a6,8095,1,3,0.3333333333333333,0.1223562740669141
representative_primary,0,20260809,0,M3,5072ac86fd0b30553ece4646,a7fe53a4018d,9617,0,4,0.0,0.1129638628888111
representative_primary,0,20260809,0,M3,5545c30e11154dda5a2693be,918093301aef,1,0,3,0.0,0.1129641320324085
representative_primary,0,20260809,0,M3,59bb3cf88ca5405a1b605de5,499932b126ef,11,0,3,0.0,0.1037415915374135
representative_primary,0,20260809,0,M3,88dff4646cdcd9bf13063e54,d63083f5e364,116,0,4,0.0,0.0863287607276447
representative_primary,0,20260809,0,M3,c96854402716ee124bad61ae,4fdbcddceaaf,1,0,3,0.0,0.1645692920903475
representative_primary,0,20260809,0,M3,fc4ca1e3982749c2995b1184,b82faf8ede14,1,0,3,0.0,0.1238885112309261
representative_primary,0,20260809,1,M2,126fb6f19787dd67fa1880c9,136a9772e348,9611,0,4,0.0,0.0547498492164371
representative_primary,0,20260809,1,M2,221d10095225b730634f9eaf,6c22db837d6a,199,0,4,0.0,0.0913252917848039
representative_primary,0,20260809,1,M2,27c7f006fa84d93633021677,52c92fe42219,9611,0,4,0.0,0.0832199825477808
representative_primary,0,20260809,1,M2,37c7d14ba1457f09367ab860,e1e202f73f44,9507,4,4,1.0,0.0961499968230813
representative_primary,0,20260809,1,M2,8245832a2e4861c9f0904787,fd5da0bf0f2a,9611,0,3,0.0,0.0955532534390878
representative_primary,0,20260809,1,M2,8cae6accb0af1dfd9c0555c5,aefd878b4270,8534,0,4,0.0,0.1462643272250434
representative_primary,0,20260809,1,M2,9f9e9441308fe2495783c57a,dc4a0e322bef,12,1,4,0.25,0.1587835161899682
representative_primary,0,20260809,1,M2,a86660084778cc72c2be6bfa,5ffc8594267a,12,0,3,0.0,0.0829980830633635
representative_primary,0,20260809,1,M2,c796b305c6464663e51876ff,65cde817fb8f,9611,0,4,0.0,0.1166943988984454
representative_primary,0,20260809,1,M2,eec6687775673cc0372c5d70,508180109679,9611,2,4,0.5,0.0582826743195293
representative_primary,0,20260809,1,M3,126fb6f19787dd67fa1880c9,136a9772e348,9611,0,4,0.0,0.0566177784630941
representative_primary,0,20260809,1,M3,221d10095225b730634f9eaf,6c22db837d6a,199,0,4,0.0,0.0863115069800162
representative_primary,0,20260809,1,M3,27c7f006fa84d93633021677,52c92fe42219,9611,0,4,0.0,0.0837014135876844
representative_primary,0,20260809,1,M3,37c7d14ba1457f09367ab860,e1e202f73f44,9507,4,4,1.0,0.0957053588802337
representative_primary,0,20260809,1,M3,8245832a2e4861c9f0904787,fd5da0bf0f2a,9611,0,3,0.0,0.0952172842254283
representative_primary,0,20260809,1,M3,8cae6accb0af1dfd9c0555c5,aefd878b4270,8534,0,4,0.0,0.1518932955138548
representative_primary,0,20260809,1,M3,9f9e9441308fe2495783c57a,dc4a0e322bef,12,1,4,0.25,0.1586774155654644
representative_primary,0,20260809,1,M3,a86660084778cc72c2be6bfa,5ffc8594267a,12,0,3,0.0,0.0864943013499078
representative_primary,0,20260809,1,M3,c796b305c6464663e51876ff,65cde817fb8f,9611,0,4,0.0,0.1203670020059716
representative_primary,0,20260809,1,M3,eec6687775673cc0372c5d70,508180109679,9611,2,4,0.5,0.0585445935678318
representative_primary,0,20260809,2,M2,08f0c6e2bd5323a29db52233,a922079ba6b3,16,0,4,0.0,0.0816620948918125
representative_primary,0,20260809,2,M2,1b0f0afe77813ad952e848d8,aa59e2fea465,16,0,4,0.0,0.0752785890581241
representative_primary,0,20260809,2,M2,230c343fa687602f8b15aff9,44c2a3bf9b5b,5,1,4,0.25,0.2030313677760261
representative_primary,0,20260809,2,M2,73b817e796a2537fe3248632,b5c6b002c47b,8070,0,2,0.0,0.2836857847674552
representative_primary,0,20260809,2,M2,90d95810ac43b9e9957f0325,ebb994099954,9675,0,4,0.0,0.0913621121279707
representative_primary,0,20260809,2,M2,93bb3314a4405fb1019e5c97,5e0291b4a26b,31,2,3,0.6666666666666666,0.084120746924204
representative_primary,0,20260809,2,M2,af576a6d88fc0f003b9f084c,8ef83b6e21b4,16,0,4,0.0,0.0743834597506096
representative_primary,0,20260809,2,M2,b7778832d4209a7cf3c3b4f9,df2a966a5c33,5,0,1,0.0,0.0639288934027239
representative_primary,0,20260809,2,M2,c1345efb227138527b3738d8,5077ada3358c,158,2,4,0.5,0.0552382843844471
representative_primary,0,20260809,2,M2,cedf23403ecdf46d8c79779e,ea2512a2e57e,3488,0,4,0.0,0.0635708926822848
representative_primary,0,20260809,2,M3,08f0c6e2bd5323a29db52233,a922079ba6b3,16,0,4,0.0,0.0817619623634611
representative_primary,0,20260809,2,M3,1b0f0afe77813ad952e848d8,aa59e2fea465,16,0,4,0.0,0.0756756066493986
representative_primary,0,20260809,2,M3,230c343fa687602f8b15aff9,44c2a3bf9b5b,5,1,4,0.25,0.2031458931966581
representative_primary,0,20260809,2,M3,73b817e796a2537fe3248632,b5c6b002c47b,8070,0,2,0.0,0.2842409069932799
representative_primary,0,20260809,2,M3,90d95810ac43b9e9957f0325,ebb994099954,9675,0,4,0.0,0.0915060112090361
representative_primary,0,20260809,2,M3,93bb3314a4405fb1019e5c97,5e0291b4a26b,31,2,3,0.6666666666666666,0.0839038372923355
representative_primary,0,20260809,2,M3,af576a6d88fc0f003b9f084c,8ef83b6e21b4,16,0,4,0.0,0.0744155641285378
representative_primary,0,20260809,2,M3,b7778832d4209a7cf3c3b4f9,df2a966a5c33,5,0,1,0.0,0.0638636266951183
representative_primary,0,20260809,2,M3,c1345efb227138527b3738d8,5077ada3358c,158,2,4,0.5,0.0556141884856658
representative_primary,0,20260809,2,M3,cedf23403ecdf46d8c79779e,ea2512a2e57e,3488,0,4,0.0,0.0629477464868961
representative_primary,0,20260809,3,M2,060d3a81d693dbc021eb9444,39c9d15be2c9,273,0,4,0.0,0.1336228386960016
representative_primary,0,20260809,3,M2,292aa24773ee2b9c3cfe5a06,ba5f5285d226,9693,0,4,0.0,0.2221059924570442
representative_primary,0,20260809,3,M2,50b656e715a26ba36c2f2605,68eda3326b3c,22,0,4,0.0,0.1276583473674269
representative_primary,0,20260809,3,M2,73614dad157f55e63357b6cb,a61ef25edfa9,4,0,4,0.0,0.0805902917774097
representative_primary,0,20260809,3,M2,a858a574032ba912702bd237,6db8d2ba4a71,22,0,3,0.0,0.1023913334793558
representative_primary,0,20260809,3,M2,aa6315ed628774ae6a7bda3d,737c2fe51f4f,5976,0,4,0.0,0.1444999313954833
representative_primary,0,20260809,3,M2,af658ae9eac3ea19884eb3ba,1c196c3207c2,4,2,4,0.5,0.1242288079087309
representative_primary,0,20260809,3,M2,bec2d2aca4338c75b5d49be9,d3d192f6f2e9,4,1,2,0.5,0.0972284954575798
representative_primary,0,20260809,3,M3,060d3a81d693dbc021eb9444,39c9d15be2c9,273,0,4,0.0,0.0242200521863509
representative_primary,0,20260809,3,M3,292aa24773ee2b9c3cfe5a06,ba5f5285d226,9693,0,4,0.0,0.5951021630708065
representative_primary,0,20260809,3,M3,50b656e715a26ba36c2f2605,68eda3326b3c,22,0,4,0.0,0.2212574108005813
representative_primary,0,20260809,3,M3,73614dad157f55e63357b6cb,a61ef25edfa9,4,0,4,0.0,0.1113050090624349
representative_primary,0,20260809,3,M3,a858a574032ba912702bd237,6db8d2ba4a71,22,0,3,0.0,0.0380479858474228
representative_primary,0,20260809,3,M3,aa6315ed628774ae6a7bda3d,737c2fe51f4f,5976,0,4,0.0,0.0239754560996547
representative_primary,0,20260809,3,M3,af658ae9eac3ea19884eb3ba,1c196c3207c2,4,2,4,0.5,0.0774555304817119
representative_primary,0,20260809,3,M3,bec2d2aca4338c75b5d49be9,d3d192f6f2e9,4,1,2,0.5,0.164286026410559
representative_primary,0,20260809,4,M2,087cbc2a3541857a3c782a17,a8c08cb7bde1,0,0,4,0.0,0.0400622950370154
representative_primary,0,20260809,4,M2,19d257d4b833fd958e081b66,e68b633a57ae,8,1,4,0.25,0.1503542709411134
representative_primary,0,20260809,4,M2,2f906d11661cd8b6598b7067,51e790c22d59,766,0,2,0.0,0.0926297892078323
representative_primary,0,20260809,4,M2,51dff8f7eca1554db76b0a55,c35228e609f6,8,0,3,0.0,0.1804304331036311
representative_primary,0,20260809,4,M2,56eb043e7d48640f9b4f1a87,f426101b1538,0,0,3,0.0,0.0784117054192262
representative_primary,0,20260809,4,M2,a2b2a00381c710d5d640397c,a94b5c7c3f06,67,0,4,0.0,0.2296378898579978
representative_primary,0,20260809,4,M2,b5a72ac4b822bfb3dd3d82ce,7fc74b77564e,8,0,4,0.0,0.1260859209043919
representative_primary,0,20260809,4,M2,bedb611af093adca6e571990,9aa417751887,0,3,4,0.75,0.0704556690050862
representative_primary,0,20260809,4,M2,e7e019412bf97ef973378c4e,5877a571834a,88,0,4,0.0,0.0951075030816839
representative_primary,0,20260809,4,M2,ea06f81db97a5017d41e0790,1a3477a1a33b,0,0,3,0.0,0.0676740907846612
representative_primary,0,20260809,4,M2,f1f8dc69bf9d2cb569d43454,9f051a541429,0,1,3,0.3333333333333333,0.1551267952312332
representative_primary,0,20260809,4,M2,feab4368f74f80a8f8bdc037,c571eca3306b,4673,0,3,0.0,0.0959168802664747
representative_primary,0,20260809,4,M3,087cbc2a3541857a3c782a17,a8c08cb7bde1,0,0,4,0.0,0.0400801874013716
representative_primary,0,20260809,4,M3,19d257d4b833fd958e081b66,e68b633a57ae,8,1,4,0.25,0.1528318210660087
representative_primary,0,20260809,4,M3,2f906d11661cd8b6598b7067,51e790c22d59,766,0,2,0.0,0.0922701664211508
representative_primary,0,20260809,4,M3,51dff8f7eca1554db76b0a55,c35228e609f6,8,0,3,0.0,0.1835613161988011
representative_primary,0,20260809,4,M3,56eb043e7d48640f9b4f1a87,f426101b1538,0,0,3,0.0,0.0776909050099594
representative_primary,0,20260809,4,M3,a2b2a00381c710d5d640397c,a94b5c7c3f06,67,0,4,0.0,0.2325754053808082
representative_primary,0,20260809,4,M3,b5a72ac4b822bfb3dd3d82ce,7fc74b77564e,8,0,4,0.0,0.1263199595864393
representative_primary,0,20260809,4,M3,bedb611af093adca6e571990,9aa417751887,0,3,4,0.75,0.0699371102646475
representative_primary,0,20260809,4,M3,e7e019412bf97ef973378c4e,5877a571834a,88,0,4,0.0,0.0949005374001308
representative_primary,0,20260809,4,M3,ea06f81db97a5017d41e0790,1a3477a1a33b,0,0,3,0.0,0.0667853185487561
representative_primary,0,20260809,4,M3,f1f8dc69bf9d2cb569d43454,9f051a541429,0,1,3,0.3333333333333333,0.1536131970519176
representative_primary,0,20260809,4,M3,feab4368f74f80a8f8bdc037,c571eca3306b,4673,0,3,0.0,0.0961912644060321
representative_primary,1,20260810,0,M2,087cbc2a3541857a3c782a17,a8c08cb7bde1,0,0,4,0.0,0.0360139016956752
representative_primary,1,20260810,0,M2,2f906d11661cd8b6598b7067,51e790c22d59,766,0,2,0.0,0.1580349016955055
representative_primary,1,20260810,0,M2,5545c30e11154dda5a2693be,918093301aef,1,0,3,0.0,0.2049809279974582
representative_primary,1,20260810,0,M2,56eb043e7d48640f9b4f1a87,f426101b1538,0,0,3,0.0,0.0301440356736456
representative_primary,1,20260810,0,M2,bedb611af093adca6e571990,9aa417751887,0,3,4,0.75,0.0585287001580707
representative_primary,1,20260810,0,M2,c96854402716ee124bad61ae,4fdbcddceaaf,1,0,3,0.0,0.1522706518978718
representative_primary,1,20260810,0,M2,ea06f81db97a5017d41e0790,1a3477a1a33b,0,0,3,0.0,0.0355364817952816
representative_primary,1,20260810,0,M2,f1f8dc69bf9d2cb569d43454,9f051a541429,0,1,3,0.3333333333333333,0.117348977865243
representative_primary,1,20260810,0,M2,fc4ca1e3982749c2995b1184,b82faf8ede14,1,0,3,0.0,0.1655886477146371
representative_primary,1,20260810,0,M3,087cbc2a3541857a3c782a17,a8c08cb7bde1,0,0,4,0.0,0.0359048509433261
representative_primary,1,20260810,0,M3,2f906d11661cd8b6598b7067,51e790c22d59,766,0,2,0.0,0.1574623938916256
representative_primary,1,20260810,0,M3,5545c30e11154dda5a2693be,918093301aef,1,0,3,0.0,0.2025279898095267
representative_primary,1,20260810,0,M3,56eb043e7d48640f9b4f1a87,f426101b1538,0,0,3,0.0,0.0298707119029296
representative_primary,1,20260810,0,M3,bedb611af093adca6e571990,9aa417751887,0,3,4,0.75,0.0581865496373388
representative_primary,1,20260810,0,M3,c96854402716ee124bad61ae,4fdbcddceaaf,1,0,3,0.0,0.1528891249888469
representative_primary,1,20260810,0,M3,ea06f81db97a5017d41e0790,1a3477a1a33b,0,0,3,0.0,0.0351067829138196
representative_primary,1,20260810,0,M3,f1f8dc69bf9d2cb569d43454,9f051a541429,0,1,3,0.3333333333333333,0.1163187199946543
representative_primary,1,20260810,0,M3,fc4ca1e3982749c2995b1184,b82faf8ede14,1,0,3,0.0,0.163069893858223
representative_primary,1,20260810,1,M2,08f0c6e2bd5323a29db52233,a922079ba6b3,16,0,4,0.0,0.2957724759193517
representative_primary,1,20260810,1,M2,1b0f0afe77813ad952e848d8,aa59e2fea465,16,0,4,0.0,0.1213383516652659
representative_primary,1,20260810,1,M2,37c7d14ba1457f09367ab860,e1e202f73f44,9507,4,4,1.0,0.0546110123028206
representative_primary,1,20260810,1,M2,5072ac86fd0b30553ece4646,a7fe53a4018d,9617,0,4,0.0,0.0707511386834755
representative_primary,1,20260810,1,M2,59bb3cf88ca5405a1b605de5,499932b126ef,11,0,3,0.0,0.1445428988250885
representative_primary,1,20260810,1,M2,73b817e796a2537fe3248632,b5c6b002c47b,8070,0,2,0.0,0.161388311816626
representative_primary,1,20260810,1,M2,9f9e9441308fe2495783c57a,dc4a0e322bef,12,1,4,0.25,0.0671043332117304
representative_primary,1,20260810,1,M2,a86660084778cc72c2be6bfa,5ffc8594267a,12,0,3,0.0,0.0635785836182667
representative_primary,1,20260810,1,M2,af576a6d88fc0f003b9f084c,8ef83b6e21b4,16,0,4,0.0,0.1264132162810922
representative_primary,1,20260810,1,M2,c1345efb227138527b3738d8,5077ada3358c,158,2,4,0.5,0.0605179340652736
representative_primary,1,20260810,1,M3,08f0c6e2bd5323a29db52233,a922079ba6b3,16,0,4,0.0,0.2981134559534361
representative_primary,1,20260810,1,M3,1b0f0afe77813ad952e848d8,aa59e2fea465,16,0,4,0.0,0.1234728085123808
representative_primary,1,20260810,1,M3,37c7d14ba1457f09367ab860,e1e202f73f44,9507,4,4,1.0,0.0543218916510835
representative_primary,1,20260810,1,M3,5072ac86fd0b30553ece4646,a7fe53a4018d,9617,0,4,0.0,0.0718361160467929
representative_primary,1,20260810,1,M3,59bb3cf88ca5405a1b605de5,499932b126ef,11,0,3,0.0,0.1435537433202466
representative_primary,1,20260810,1,M3,73b817e796a2537fe3248632,b5c6b002c47b,8070,0,2,0.0,0.1626287718241985
representative_primary,1,20260810,1,M3,9f9e9441308fe2495783c57a,dc4a0e322bef,12,1,4,0.25,0.0670693301232606
representative_primary,1,20260810,1,M3,a86660084778cc72c2be6bfa,5ffc8594267a,12,0,3,0.0,0.0648732104006858
representative_primary,1,20260810,1,M3,af576a6d88fc0f003b9f084c,8ef83b6e21b4,16,0,4,0.0,0.1273770381737861
representative_primary,1,20260810,1,M3,c1345efb227138527b3738d8,5077ada3358c,158,2,4,0.5,0.0617550971967099
representative_primary,1,20260810,2,M2,126fb6f19787dd67fa1880c9,136a9772e348,9611,0,4,0.0,0.0604009960159875
representative_primary,1,20260810,2,M2,19082811bdb5cd2a1d3e8e82,926dacce2e7d,34,0,3,0.0,0.0808165849776841
representative_primary,1,20260810,2,M2,221d10095225b730634f9eaf,6c22db837d6a,199,0,4,0.0,0.0283021191126554
representative_primary,1,20260810,2,M2,230c343fa687602f8b15aff9,44c2a3bf9b5b,5,1,4,0.25,0.2253116376829456
representative_primary,1,20260810,2,M2,27c7f006fa84d93633021677,52c92fe42219,9611,0,4,0.0,0.196761626916733
representative_primary,1,20260810,2,M2,2bd10cd8ee1c1e66e3f9159a,c484ba14cd1a,140,2,2,1.0,0.038042475584309
representative_primary,1,20260810,2,M2,8245832a2e4861c9f0904787,fd5da0bf0f2a,9611,0,3,0.0,0.1535312703519857
representative_primary,1,20260810,2,M2,b7778832d4209a7cf3c3b4f9,df2a966a5c33,5,0,1,0.0,0.0628456932881123
representative_primary,1,20260810,2,M2,c796b305c6464663e51876ff,65cde817fb8f,9611,0,4,0.0,0.2577471768179222
representative_primary,1,20260810,2,M2,eec6687775673cc0372c5d70,508180109679,9611,2,4,0.5,0.054489278273675
representative_primary,1,20260810,2,M3,126fb6f19787dd67fa1880c9,136a9772e348,9611,0,4,0.0,0.060430007475403
representative_primary,1,20260810,2,M3,19082811bdb5cd2a1d3e8e82,926dacce2e7d,34,0,3,0.0,0.0808163982555865
representative_primary,1,20260810,2,M3,221d10095225b730634f9eaf,6c22db837d6a,199,0,4,0.0,0.0282677659201211
representative_primary,1,20260810,2,M3,230c343fa687602f8b15aff9,44c2a3bf9b5b,5,1,4,0.25,0.2253097596750355
representative_primary,1,20260810,2,M3,27c7f006fa84d93633021677,52c92fe42219,9611,0,4,0.0,0.1967328252497189
representative_primary,1,20260810,2,M3,2bd10cd8ee1c1e66e3f9159a,c484ba14cd1a,140,2,2,1.0,0.0380503319282131
representative_primary,1,20260810,2,M3,8245832a2e4861c9f0904787,fd5da0bf0f2a,9611,0,3,0.0,0.1535126085359133
representative_primary,1,20260810,2,M3,b7778832d4209a7cf3c3b4f9,df2a966a5c33,5,0,1,0.0,0.0628316522826374
representative_primary,1,20260810,2,M3,c796b305c6464663e51876ff,65cde817fb8f,9611,0,4,0.0,0.2578498162922401
representative_primary,1,20260810,2,M3,eec6687775673cc0372c5d70,508180109679,9611,2,4,0.5,0.0544905759024289
representative_primary,1,20260810,3,M2,50b656e715a26ba36c2f2605,68eda3326b3c,22,0,4,0.0,0.1197830064922137
representative_primary,1,20260810,3,M2,73614dad157f55e63357b6cb,a61ef25edfa9,4,0,4,0.0,0.0805966881385804
representative_primary,1,20260810,3,M2,88dff4646cdcd9bf13063e54,d63083f5e364,116,0,4,0.0,0.0941735264845239
representative_primary,1,20260810,3,M2,93bb3314a4405fb1019e5c97,5e0291b4a26b,31,2,3,0.6666666666666666,0.0582756035614809
representative_primary,1,20260810,3,M2,a858a574032ba912702bd237,6db8d2ba4a71,22,0,3,0.0,0.107873015412978
representative_primary,1,20260810,3,M2,aa6315ed628774ae6a7bda3d,737c2fe51f4f,5976,0,4,0.0,0.1033689591285223
representative_primary,1,20260810,3,M2,af658ae9eac3ea19884eb3ba,1c196c3207c2,4,2,4,0.5,0.0676240092624382
representative_primary,1,20260810,3,M2,bec2d2aca4338c75b5d49be9,d3d192f6f2e9,4,1,2,0.5,0.09220770111476
representative_primary,1,20260810,3,M2,cedf23403ecdf46d8c79779e,ea2512a2e57e,3488,0,4,0.0,0.0776364874460486
representative_primary,1,20260810,3,M2,e7e019412bf97ef973378c4e,5877a571834a,88,0,4,0.0,0.1085026511319426
representative_primary,1,20260810,3,M2,feab4368f74f80a8f8bdc037,c571eca3306b,4673,0,3,0.0,0.070582611950521
representative_primary,1,20260810,3,M3,50b656e715a26ba36c2f2605,68eda3326b3c,22,0,4,0.0,0.1171841650985067
representative_primary,1,20260810,3,M3,73614dad157f55e63357b6cb,a61ef25edfa9,4,0,4,0.0,0.0859406318932784
representative_primary,1,20260810,3,M3,88dff4646cdcd9bf13063e54,d63083f5e364,116,0,4,0.0,0.095075197575533
representative_primary,1,20260810,3,M3,93bb3314a4405fb1019e5c97,5e0291b4a26b,31,2,3,0.6666666666666666,0.0594434505801329
representative_primary,1,20260810,3,M3,a858a574032ba912702bd237,6db8d2ba4a71,22,0,3,0.0,0.1089358777251592
representative_primary,1,20260810,3,M3,aa6315ed628774ae6a7bda3d,737c2fe51f4f,5976,0,4,0.0,0.1054309558852206
representative_primary,1,20260810,3,M3,af658ae9eac3ea19884eb3ba,1c196c3207c2,4,2,4,0.5,0.0659944805736722
representative_primary,1,20260810,3,M3,bec2d2aca4338c75b5d49be9,d3d192f6f2e9,4,1,2,0.5,0.0905370774217368
representative_primary,1,20260810,3,M3,cedf23403ecdf46d8c79779e,ea2512a2e57e,3488,0,4,0.0,0.0835245889884267
representative_primary,1,20260810,3,M3,e7e019412bf97ef973378c4e,5877a571834a,88,0,4,0.0,0.1102204734244954
representative_primary,1,20260810,3,M3,feab4368f74f80a8f8bdc037,c571eca3306b,4673,0,3,0.0,0.0706351023516602
representative_primary,1,20260810,4,M2,060d3a81d693dbc021eb9444,39c9d15be2c9,273,0,4,0.0,0.0311163924680111
representative_primary,1,20260810,4,M2,19d257d4b833fd958e081b66,e68b633a57ae,8,1,4,0.25,0.3185809596744137
representative_primary,1,20260810,4,M2,292aa24773ee2b9c3cfe5a06,ba5f5285d226,9693,0,4,0.0,0.5434302121125614
representative_primary,1,20260810,4,M2,38b0fbd6ee6cb2bee00d170a,36b44414c0a6,8095,1,3,0.3333333333333333,0.1566601270027394
representative_primary,1,20260810,4,M2,51dff8f7eca1554db76b0a55,c35228e609f6,8,0,3,0.0,0.2587538942999706
representative_primary,1,20260810,4,M2,8cae6accb0af1dfd9c0555c5,aefd878b4270,8534,0,4,0.0,0.4014941522441389
representative_primary,1,20260810,4,M2,90d95810ac43b9e9957f0325,ebb994099954,9675,0,4,0.0,0.3109830990808842
representative_primary,1,20260810,4,M2,a2b2a00381c710d5d640397c,a94b5c7c3f06,67,0,4,0.0,0.4041562403354024
representative_primary,1,20260810,4,M2,b5a72ac4b822bfb3dd3d82ce,7fc74b77564e,8,0,4,0.0,0.0834439482982097
representative_primary,1,20260810,4,M3,060d3a81d693dbc021eb9444,39c9d15be2c9,273,0,4,0.0,0.0228522036994088
representative_primary,1,20260810,4,M3,19d257d4b833fd958e081b66,e68b633a57ae,8,1,4,0.25,0.1527934346479423
representative_primary,1,20260810,4,M3,292aa24773ee2b9c3cfe5a06,ba5f5285d226,9693,0,4,0.0,0.6140876977113306
representative_primary,1,20260810,4,M3,38b0fbd6ee6cb2bee00d170a,36b44414c0a6,8095,1,3,0.3333333333333333,0.3835811415442914
representative_primary,1,20260810,4,M3,51dff8f7eca1554db76b0a55,c35228e609f6,8,0,3,0.0,0.1129898118917843
representative_primary,1,20260810,4,M3,8cae6accb0af1dfd9c0555c5,aefd878b4270,8534,0,4,0.0,0.1917257214320995
representative_primary,1,20260810,4,M3,90d95810ac43b9e9957f0325,ebb994099954,9675,0,4,0.0,0.2135932269152413
representative_primary,1,20260810,4,M3,a2b2a00381c710d5d640397c,a94b5c7c3f06,67,0,4,0.0,0.229381259127693
representative_primary,1,20260810,4,M3,b5a72ac4b822bfb3dd3d82ce,7fc74b77564e,8,0,4,0.0,0.0721563948018361
representative_primary,2,20260811,0,M2,19d257d4b833fd958e081b66,e68b633a57ae,8,1,4,0.25,0.1820768626049844
representative_primary,2,20260811,0,M2,38b0fbd6ee6cb2bee00d170a,36b44414c0a6,8095,1,3,0.3333333333333333,0.0819584442038937
representative_primary,2,20260811,0,M2,51dff8f7eca1554db76b0a55,c35228e609f6,8,0,3,0.0,0.092994704551402
representative_primary,2,20260811,0,M2,5545c30e11154dda5a2693be,918093301aef,1,0,3,0.0,0.147780606876985
representative_primary,2,20260811,0,M2,73b817e796a2537fe3248632,b5c6b002c47b,8070,0,2,0.0,0.2538834482212254
representative_primary,2,20260811,0,M2,88dff4646cdcd9bf13063e54,d63083f5e364,116,0,4,0.0,0.0979008773866336
representative_primary,2,20260811,0,M2,b5a72ac4b822bfb3dd3d82ce,7fc74b77564e,8,0,4,0.0,0.1899932249948778
representative_primary,2,20260811,0,M2,c1345efb227138527b3738d8,5077ada3358c,158,2,4,0.5,0.0578627533034174
representative_primary,2,20260811,0,M2,c96854402716ee124bad61ae,4fdbcddceaaf,1,0,3,0.0,0.1143372376001584
representative_primary,2,20260811,0,M2,fc4ca1e3982749c2995b1184,b82faf8ede14,1,0,3,0.0,0.0938986044661954
representative_primary,2,20260811,0,M3,19d257d4b833fd958e081b66,e68b633a57ae,8,1,4,0.25,0.1812350903392
representative_primary,2,20260811,0,M3,38b0fbd6ee6cb2bee00d170a,36b44414c0a6,8095,1,3,0.3333333333333333,0.0826551008395738
representative_primary,2,20260811,0,M3,51dff8f7eca1554db76b0a55,c35228e609f6,8,0,3,0.0,0.0925153218894034
representative_primary,2,20260811,0,M3,5545c30e11154dda5a2693be,918093301aef,1,0,3,0.0,0.1485823970815663
representative_primary,2,20260811,0,M3,73b817e796a2537fe3248632,b5c6b002c47b,8070,0,2,0.0,0.2534160139546174
representative_primary,2,20260811,0,M3,88dff4646cdcd9bf13063e54,d63083f5e364,116,0,4,0.0,0.0978769917032082
representative_primary,2,20260811,0,M3,b5a72ac4b822bfb3dd3d82ce,7fc74b77564e,8,0,4,0.0,0.1900081246715626
representative_primary,2,20260811,0,M3,c1345efb227138527b3738d8,5077ada3358c,158,2,4,0.5,0.0575154950218134
representative_primary,2,20260811,0,M3,c96854402716ee124bad61ae,4fdbcddceaaf,1,0,3,0.0,0.1139221549227067
representative_primary,2,20260811,0,M3,fc4ca1e3982749c2995b1184,b82faf8ede14,1,0,3,0.0,0.0945405685087032
representative_primary,2,20260811,1,M2,126fb6f19787dd67fa1880c9,136a9772e348,9611,0,4,0.0,0.0697982278593956
representative_primary,2,20260811,1,M2,19082811bdb5cd2a1d3e8e82,926dacce2e7d,34,0,3,0.0,0.0912578135963955
representative_primary,2,20260811,1,M2,230c343fa687602f8b15aff9,44c2a3bf9b5b,5,1,4,0.25,0.0966151573499534
representative_primary,2,20260811,1,M2,27c7f006fa84d93633021677,52c92fe42219,9611,0,4,0.0,0.1050127886499575
representative_primary,2,20260811,1,M2,37c7d14ba1457f09367ab860,e1e202f73f44,9507,4,4,1.0,0.0963862540622057
representative_primary,2,20260811,1,M2,5072ac86fd0b30553ece4646,a7fe53a4018d,9617,0,4,0.0,0.0596082491916984
representative_primary,2,20260811,1,M2,8245832a2e4861c9f0904787,fd5da0bf0f2a,9611,0,3,0.0,0.0822106905121585
representative_primary,2,20260811,1,M2,b7778832d4209a7cf3c3b4f9,df2a966a5c33,5,0,1,0.0,0.0692583338015879
representative_primary,2,20260811,1,M2,c796b305c6464663e51876ff,65cde817fb8f,9611,0,4,0.0,0.124497835974316
representative_primary,2,20260811,1,M2,e7e019412bf97ef973378c4e,5877a571834a,88,0,4,0.0,0.1535395732699103
representative_primary,2,20260811,1,M2,eec6687775673cc0372c5d70,508180109679,9611,2,4,0.5,0.0413546669163126
representative_primary,2,20260811,1,M3,126fb6f19787dd67fa1880c9,136a9772e348,9611,0,4,0.0,0.0712359593570673
representative_primary,2,20260811,1,M3,19082811bdb5cd2a1d3e8e82,926dacce2e7d,34,0,3,0.0,0.091542094755427
representative_primary,2,20260811,1,M3,230c343fa687602f8b15aff9,44c2a3bf9b5b,5,1,4,0.25,0.0960963347715101
representative_primary,2,20260811,1,M3,27c7f006fa84d93633021677,52c92fe42219,9611,0,4,0.0,0.1054067561064368
representative_primary,2,20260811,1,M3,37c7d14ba1457f09367ab860,e1e202f73f44,9507,4,4,1.0,0.0956394687511221
representative_primary,2,20260811,1,M3,5072ac86fd0b30553ece4646,a7fe53a4018d,9617,0,4,0.0,0.0601405226825739
representative_primary,2,20260811,1,M3,8245832a2e4861c9f0904787,fd5da0bf0f2a,9611,0,3,0.0,0.082136368176825
representative_primary,2,20260811,1,M3,b7778832d4209a7cf3c3b4f9,df2a966a5c33,5,0,1,0.0,0.0690026291728816
representative_primary,2,20260811,1,M3,c796b305c6464663e51876ff,65cde817fb8f,9611,0,4,0.0,0.1265971498186402
representative_primary,2,20260811,1,M3,e7e019412bf97ef973378c4e,5877a571834a,88,0,4,0.0,0.1528387446535349
representative_primary,2,20260811,1,M3,eec6687775673cc0372c5d70,508180109679,9611,2,4,0.5,0.0415567099036667
representative_primary,2,20260811,2,M2,087cbc2a3541857a3c782a17,a8c08cb7bde1,0,0,4,0.0,0.0312401900856274
representative_primary,2,20260811,2,M2,08f0c6e2bd5323a29db52233,a922079ba6b3,16,0,4,0.0,0.2762601838317565
representative_primary,2,20260811,2,M2,1b0f0afe77813ad952e848d8,aa59e2fea465,16,0,4,0.0,0.1641703891292761
representative_primary,2,20260811,2,M2,56eb043e7d48640f9b4f1a87,f426101b1538,0,0,3,0.0,0.0530489441947282
representative_primary,2,20260811,2,M2,aa6315ed628774ae6a7bda3d,737c2fe51f4f,5976,0,4,0.0,0.0674738398542134
representative_primary,2,20260811,2,M2,af576a6d88fc0f003b9f084c,8ef83b6e21b4,16,0,4,0.0,0.0860868990133927
representative_primary,2,20260811,2,M2,bedb611af093adca6e571990,9aa417751887,0,3,4,0.75,0.0673551853748721
representative_primary,2,20260811,2,M2,ea06f81db97a5017d41e0790,1a3477a1a33b,0,0,3,0.0,0.0526119950824661
representative_primary,2,20260811,2,M2,f1f8dc69bf9d2cb569d43454,9f051a541429,0,1,3,0.3333333333333333,0.1486869596672362
representative_primary,2,20260811,2,M3,087cbc2a3541857a3c782a17,a8c08cb7bde1,0,0,4,0.0,0.0311881299970091
representative_primary,2,20260811,2,M3,08f0c6e2bd5323a29db52233,a922079ba6b3,16,0,4,0.0,0.277363416551235
representative_primary,2,20260811,2,M3,1b0f0afe77813ad952e848d8,aa59e2fea465,16,0,4,0.0,0.1652266629256703
representative_primary,2,20260811,2,M3,56eb043e7d48640f9b4f1a87,f426101b1538,0,0,3,0.0,0.0525711954821173
representative_primary,2,20260811,2,M3,aa6315ed628774ae6a7bda3d,737c2fe51f4f,5976,0,4,0.0,0.0673017392124421
representative_primary,2,20260811,2,M3,af576a6d88fc0f003b9f084c,8ef83b6e21b4,16,0,4,0.0,0.0863665086433851
representative_primary,2,20260811,2,M3,bedb611af093adca6e571990,9aa417751887,0,3,4,0.75,0.0669540634283577
representative_primary,2,20260811,2,M3,ea06f81db97a5017d41e0790,1a3477a1a33b,0,0,3,0.0,0.0519438194028759
representative_primary,2,20260811,2,M3,f1f8dc69bf9d2cb569d43454,9f051a541429,0,1,3,0.3333333333333333,0.1475026494001126
representative_primary,2,20260811,3,M2,060d3a81d693dbc021eb9444,39c9d15be2c9,273,0,4,0.0,0.0605137879743825
representative_primary,2,20260811,3,M2,292aa24773ee2b9c3cfe5a06,ba5f5285d226,9693,0,4,0.0,0.1846911181857511
representative_primary,2,20260811,3,M2,2bd10cd8ee1c1e66e3f9159a,c484ba14cd1a,140,2,2,1.0,0.0410252056287317
representative_primary,2,20260811,3,M2,50b656e715a26ba36c2f2605,68eda3326b3c,22,0,4,0.0,0.0449264318842584
representative_primary,2,20260811,3,M2,90d95810ac43b9e9957f0325,ebb994099954,9675,0,4,0.0,0.1202737172695382
representative_primary,2,20260811,3,M2,93bb3314a4405fb1019e5c97,5e0291b4a26b,31,2,3,0.6666666666666666,0.0307777157509402
representative_primary,2,20260811,3,M2,a2b2a00381c710d5d640397c,a94b5c7c3f06,67,0,4,0.0,0.2177057781552653
representative_primary,2,20260811,3,M2,a858a574032ba912702bd237,6db8d2ba4a71,22,0,3,0.0,0.0248851423130227
representative_primary,2,20260811,3,M2,cedf23403ecdf46d8c79779e,ea2512a2e57e,3488,0,4,0.0,0.0342543737095603
representative_primary,2,20260811,3,M3,060d3a81d693dbc021eb9444,39c9d15be2c9,273,0,4,0.0,0.0604293288712257
representative_primary,2,20260811,3,M3,292aa24773ee2b9c3cfe5a06,ba5f5285d226,9693,0,4,0.0,0.185010298516027
representative_primary,2,20260811,3,M3,2bd10cd8ee1c1e66e3f9159a,c484ba14cd1a,140,2,2,1.0,0.0410843239283612
representative_primary,2,20260811,3,M3,50b656e715a26ba36c2f2605,68eda3326b3c,22,0,4,0.0,0.0449954582557264
representative_primary,2,20260811,3,M3,90d95810ac43b9e9957f0325,ebb994099954,9675,0,4,0.0,0.1206955634859702
representative_primary,2,20260811,3,M3,93bb3314a4405fb1019e5c97,5e0291b4a26b,31,2,3,0.6666666666666666,0.0305698281369056
representative_primary,2,20260811,3,M3,a2b2a00381c710d5d640397c,a94b5c7c3f06,67,0,4,0.0,0.2189006576565429
representative_primary,2,20260811,3,M3,a858a574032ba912702bd237,6db8d2ba4a71,22,0,3,0.0,0.0248203161027254
representative_primary,2,20260811,3,M3,cedf23403ecdf46d8c79779e,ea2512a2e57e,3488,0,4,0.0,0.0337928439012333
representative_primary,2,20260811,4,M2,221d10095225b730634f9eaf,6c22db837d6a,199,0,4,0.0,0.0742570446550913
representative_primary,2,20260811,4,M2,2f906d11661cd8b6598b7067,51e790c22d59,766,0,2,0.0,0.1563479756775244
representative_primary,2,20260811,4,M2,59bb3cf88ca5405a1b605de5,499932b126ef,11,0,3,0.0,0.1015134647340882
representative_primary,2,20260811,4,M2,73614dad157f55e63357b6cb,a61ef25edfa9,4,0,4,0.0,0.1163297045668863
representative_primary,2,20260811,4,M2,8cae6accb0af1dfd9c0555c5,aefd878b4270,8534,0,4,0.0,0.2568192292066992
representative_primary,2,20260811,4,M2,9f9e9441308fe2495783c57a,dc4a0e322bef,12,1,4,0.25,0.1718441292436721
representative_primary,2,20260811,4,M2,a86660084778cc72c2be6bfa,5ffc8594267a,12,0,3,0.0,0.1231248118576444
representative_primary,2,20260811,4,M2,af658ae9eac3ea19884eb3ba,1c196c3207c2,4,2,4,0.5,0.107865943163267
representative_primary,2,20260811,4,M2,bec2d2aca4338c75b5d49be9,d3d192f6f2e9,4,1,2,0.5,0.0952282035608899
representative_primary,2,20260811,4,M2,feab4368f74f80a8f8bdc037,c571eca3306b,4673,0,3,0.0,0.1057998279786669
representative_primary,2,20260811,4,M3,221d10095225b730634f9eaf,6c22db837d6a,199,0,4,0.0,0.0775174721036121
representative_primary,2,20260811,4,M3,2f906d11661cd8b6598b7067,51e790c22d59,766,0,2,0.0,0.1573938435275765
representative_primary,2,20260811,4,M3,59bb3cf88ca5405a1b605de5,499932b126ef,11,0,3,0.0,0.1024821754505261
representative_primary,2,20260811,4,M3,73614dad157f55e63357b6cb,a61ef25edfa9,4,0,4,0.0,0.1202033775552032
representative_primary,2,20260811,4,M3,8cae6accb0af1dfd9c0555c5,aefd878b4270,8534,0,4,0.0,0.2514322884920176
representative_primary,2,20260811,4,M3,9f9e9441308fe2495783c57a,dc4a0e322bef,12,1,4,0.25,0.1720116009114755
representative_primary,2,20260811,4,M3,a86660084778cc72c2be6bfa,5ffc8594267a,12,0,3,0.0,0.1197658186614052
representative_primary,2,20260811,4,M3,af658ae9eac3ea19884eb3ba,1c196c3207c2,4,2,4,0.5,0.1061831894270644
representative_primary,2,20260811,4,M3,bec2d2aca4338c75b5d49be9,d3d192f6f2e9,4,1,2,0.5,0.0940995142848089
representative_primary,2,20260811,4,M3,feab4368f74f80a8f8bdc037,c571eca3306b,4673,0,3,0.0,0.1058264090270108
representative_primary,3,20260812,0,M2,087cbc2a3541857a3c782a17,a8c08cb7bde1,0,0,4,0.0,0.1157219676982295
representative_primary,3,20260812,0,M2,126fb6f19787dd67fa1880c9,136a9772e348,9611,0,4,0.0,0.1101035089158057
representative_primary,3,20260812,0,M2,27c7f006fa84d93633021677,52c92fe42219,9611,0,4,0.0,0.1517853311118611
representative_primary,3,20260812,0,M2,56eb043e7d48640f9b4f1a87,f426101b1538,0,0,3,0.0,0.1413960231772683
representative_primary,3,20260812,0,M2,73b817e796a2537fe3248632,b5c6b002c47b,8070,0,2,0.0,0.1461018995789024
representative_primary,3,20260812,0,M2,8245832a2e4861c9f0904787,fd5da0bf0f2a,9611,0,3,0.0,0.1226530071316869
representative_primary,3,20260812,0,M2,bedb611af093adca6e571990,9aa417751887,0,3,4,0.75,0.1512523983035634
representative_primary,3,20260812,0,M2,c796b305c6464663e51876ff,65cde817fb8f,9611,0,4,0.0,0.1620216094829778
representative_primary,3,20260812,0,M2,ea06f81db97a5017d41e0790,1a3477a1a33b,0,0,3,0.0,0.0814356698646182
representative_primary,3,20260812,0,M2,eec6687775673cc0372c5d70,508180109679,9611,2,4,0.5,0.0965922361270101
representative_primary,3,20260812,0,M2,f1f8dc69bf9d2cb569d43454,9f051a541429,0,1,3,0.3333333333333333,0.1810307638716747
representative_primary,3,20260812,0,M3,087cbc2a3541857a3c782a17,a8c08cb7bde1,0,0,4,0.0,0.1156692322701682
representative_primary,3,20260812,0,M3,126fb6f19787dd67fa1880c9,136a9772e348,9611,0,4,0.0,0.1112624874688561
representative_primary,3,20260812,0,M3,27c7f006fa84d93633021677,52c92fe42219,9611,0,4,0.0,0.1517959858953279
representative_primary,3,20260812,0,M3,56eb043e7d48640f9b4f1a87,f426101b1538,0,0,3,0.0,0.1400788192218471
representative_primary,3,20260812,0,M3,73b817e796a2537fe3248632,b5c6b002c47b,8070,0,2,0.0,0.1469944388357562
representative_primary,3,20260812,0,M3,8245832a2e4861c9f0904787,fd5da0bf0f2a,9611,0,3,0.0,0.122352650699745
representative_primary,3,20260812,0,M3,bedb611af093adca6e571990,9aa417751887,0,3,4,0.75,0.1501579950718035
representative_primary,3,20260812,0,M3,c796b305c6464663e51876ff,65cde817fb8f,9611,0,4,0.0,0.163687398683338
representative_primary,3,20260812,0,M3,ea06f81db97a5017d41e0790,1a3477a1a33b,0,0,3,0.0,0.0801670579184615
representative_primary,3,20260812,0,M3,eec6687775673cc0372c5d70,508180109679,9611,2,4,0.5,0.0969421798573105
representative_primary,3,20260812,0,M3,f1f8dc69bf9d2cb569d43454,9f051a541429,0,1,3,0.3333333333333333,0.1790812596398657
representative_primary,3,20260812,1,M2,060d3a81d693dbc021eb9444,39c9d15be2c9,273,0,4,0.0,0.1161603595545488
representative_primary,3,20260812,1,M2,08f0c6e2bd5323a29db52233,a922079ba6b3,16,0,4,0.0,0.1679807474015327
representative_primary,3,20260812,1,M2,1b0f0afe77813ad952e848d8,aa59e2fea465,16,0,4,0.0,0.1825874444669365
representative_primary,3,20260812,1,M2,221d10095225b730634f9eaf,6c22db837d6a,199,0,4,0.0,0.1120643390502984
representative_primary,3,20260812,1,M2,37c7d14ba1457f09367ab860,e1e202f73f44,9507,4,4,1.0,0.1286851919887337
representative_primary,3,20260812,1,M2,38b0fbd6ee6cb2bee00d170a,36b44414c0a6,8095,1,3,0.3333333333333333,0.1649986974648162
representative_primary,3,20260812,1,M2,8cae6accb0af1dfd9c0555c5,aefd878b4270,8534,0,4,0.0,0.1215951400279618
representative_primary,3,20260812,1,M2,af576a6d88fc0f003b9f084c,8ef83b6e21b4,16,0,4,0.0,0.1520590410168134
representative_primary,3,20260812,1,M2,cedf23403ecdf46d8c79779e,ea2512a2e57e,3488,0,4,0.0,0.0947629964137721
representative_primary,3,20260812,1,M3,060d3a81d693dbc021eb9444,39c9d15be2c9,273,0,4,0.0,0.1152534379337928
representative_primary,3,20260812,1,M3,08f0c6e2bd5323a29db52233,a922079ba6b3,16,0,4,0.0,0.168851977589804
representative_primary,3,20260812,1,M3,1b0f0afe77813ad952e848d8,aa59e2fea465,16,0,4,0.0,0.1836335841255456
representative_primary,3,20260812,1,M3,221d10095225b730634f9eaf,6c22db837d6a,199,0,4,0.0,0.1080191125946113
representative_primary,3,20260812,1,M3,37c7d14ba1457f09367ab860,e1e202f73f44,9507,4,4,1.0,0.1280640627900661
representative_primary,3,20260812,1,M3,38b0fbd6ee6cb2bee00d170a,36b44414c0a6,8095,1,3,0.3333333333333333,0.1601566444019098
representative_primary,3,20260812,1,M3,8cae6accb0af1dfd9c0555c5,aefd878b4270,8534,0,4,0.0,0.1244945282523451
representative_primary,3,20260812,1,M3,af576a6d88fc0f003b9f084c,8ef83b6e21b4,16,0,4,0.0,0.1523558298252069
representative_primary,3,20260812,1,M3,cedf23403ecdf46d8c79779e,ea2512a2e57e,3488,0,4,0.0,0.0910279116263366
representative_primary,3,20260812,2,M2,19d257d4b833fd958e081b66,e68b633a57ae,8,1,4,0.25,0.1236563599463887
representative_primary,3,20260812,2,M2,230c343fa687602f8b15aff9,44c2a3bf9b5b,5,1,4,0.25,0.1778044346336827
representative_primary,3,20260812,2,M2,292aa24773ee2b9c3cfe5a06,ba5f5285d226,9693,0,4,0.0,0.2566769098071385
representative_primary,3,20260812,2,M2,2bd10cd8ee1c1e66e3f9159a,c484ba14cd1a,140,2,2,1.0,0.0858971896097816
representative_primary,3,20260812,2,M2,51dff8f7eca1554db76b0a55,c35228e609f6,8,0,3,0.0,0.0892020861067231
representative_primary,3,20260812,2,M2,5545c30e11154dda5a2693be,918093301aef,1,0,3,0.0,0.1407108154839345
representative_primary,3,20260812,2,M2,b5a72ac4b822bfb3dd3d82ce,7fc74b77564e,8,0,4,0.0,0.0913358322625939
representative_primary,3,20260812,2,M2,b7778832d4209a7cf3c3b4f9,df2a966a5c33,5,0,1,0.0,0.1387243816538956
representative_primary,3,20260812,2,M2,c96854402716ee124bad61ae,4fdbcddceaaf,1,0,3,0.0,0.2064538887733963
representative_primary,3,20260812,2,M2,fc4ca1e3982749c2995b1184,b82faf8ede14,1,0,3,0.0,0.1050544887888049
representative_primary,3,20260812,2,M3,19d257d4b833fd958e081b66,e68b633a57ae,8,1,4,0.25,0.0538422058470198
representative_primary,3,20260812,2,M3,230c343fa687602f8b15aff9,44c2a3bf9b5b,5,1,4,0.25,0.121940701559683
representative_primary,3,20260812,2,M3,292aa24773ee2b9c3cfe5a06,ba5f5285d226,9693,0,4,0.0,0.8403233394661651
representative_primary,3,20260812,2,M3,2bd10cd8ee1c1e66e3f9159a,c484ba14cd1a,140,2,2,1.0,0.0391531036734433
representative_primary,3,20260812,2,M3,51dff8f7eca1554db76b0a55,c35228e609f6,8,0,3,0.0,0.0076475330150189
representative_primary,3,20260812,2,M3,5545c30e11154dda5a2693be,918093301aef,1,0,3,0.0,0.0259905372387627
representative_primary,3,20260812,2,M3,b5a72ac4b822bfb3dd3d82ce,7fc74b77564e,8,0,4,0.0,0.0176516034960126
representative_primary,3,20260812,2,M3,b7778832d4209a7cf3c3b4f9,df2a966a5c33,5,0,1,0.0,0.0152822620443983
representative_primary,3,20260812,2,M3,c96854402716ee124bad61ae,4fdbcddceaaf,1,0,3,0.0,0.2166014258394948
representative_primary,3,20260812,2,M3,fc4ca1e3982749c2995b1184,b82faf8ede14,1,0,3,0.0,0.0039640093729775
representative_primary,3,20260812,3,M2,2f906d11661cd8b6598b7067,51e790c22d59,766,0,2,0.0,0.2003565753221752
representative_primary,3,20260812,3,M2,5072ac86fd0b30553ece4646,a7fe53a4018d,9617,0,4,0.0,0.0607907352127051
representative_primary,3,20260812,3,M2,50b656e715a26ba36c2f2605,68eda3326b3c,22,0,4,0.0,0.0531484974899332
representative_primary,3,20260812,3,M2,88dff4646cdcd9bf13063e54,d63083f5e364,116,0,4,0.0,0.0467798253606025
representative_primary,3,20260812,3,M2,90d95810ac43b9e9957f0325,ebb994099954,9675,0,4,0.0,0.0727700227430353
representative_primary,3,20260812,3,M2,93bb3314a4405fb1019e5c97,5e0291b4a26b,31,2,3,0.6666666666666666,0.0657230809172549
representative_primary,3,20260812,3,M2,a858a574032ba912702bd237,6db8d2ba4a71,22,0,3,0.0,0.0390921427309583
representative_primary,3,20260812,3,M2,aa6315ed628774ae6a7bda3d,737c2fe51f4f,5976,0,4,0.0,0.0484129606594931
representative_primary,3,20260812,3,M2,c1345efb227138527b3738d8,5077ada3358c,158,2,4,0.5,0.0601013068216318
representative_primary,3,20260812,3,M3,2f906d11661cd8b6598b7067,51e790c22d59,766,0,2,0.0,0.2002573534489937
representative_primary,3,20260812,3,M3,5072ac86fd0b30553ece4646,a7fe53a4018d,9617,0,4,0.0,0.0609973074396168
representative_primary,3,20260812,3,M3,50b656e715a26ba36c2f2605,68eda3326b3c,22,0,4,0.0,0.0532879373230878
representative_primary,3,20260812,3,M3,88dff4646cdcd9bf13063e54,d63083f5e364,116,0,4,0.0,0.0467559374585268
representative_primary,3,20260812,3,M3,90d95810ac43b9e9957f0325,ebb994099954,9675,0,4,0.0,0.072878709778016
representative_primary,3,20260812,3,M3,93bb3314a4405fb1019e5c97,5e0291b4a26b,31,2,3,0.6666666666666666,0.0655841022225419
representative_primary,3,20260812,3,M3,a858a574032ba912702bd237,6db8d2ba4a71,22,0,3,0.0,0.0390991290628168
representative_primary,3,20260812,3,M3,aa6315ed628774ae6a7bda3d,737c2fe51f4f,5976,0,4,0.0,0.0483319583372673
representative_primary,3,20260812,3,M3,c1345efb227138527b3738d8,5077ada3358c,158,2,4,0.5,0.0603881453256135
representative_primary,3,20260812,4,M2,19082811bdb5cd2a1d3e8e82,926dacce2e7d,34,0,3,0.0,0.0958415123833013
representative_primary,3,20260812,4,M2,59bb3cf88ca5405a1b605de5,499932b126ef,11,0,3,0.0,0.0971194674672001
representative_primary,3,20260812,4,M2,73614dad157f55e63357b6cb,a61ef25edfa9,4,0,4,0.0,0.0995288966010221
representative_primary,3,20260812,4,M2,9f9e9441308fe2495783c57a,dc4a0e322bef,12,1,4,0.25,0.1972048228997666
representative_primary,3,20260812,4,M2,a2b2a00381c710d5d640397c,a94b5c7c3f06,67,0,4,0.0,0.1875565604137847
representative_primary,3,20260812,4,M2,a86660084778cc72c2be6bfa,5ffc8594267a,12,0,3,0.0,0.1208503815066525
representative_primary,3,20260812,4,M2,af658ae9eac3ea19884eb3ba,1c196c3207c2,4,2,4,0.5,0.1019602266307385
representative_primary,3,20260812,4,M2,bec2d2aca4338c75b5d49be9,d3d192f6f2e9,4,1,2,0.5,0.0923442857700445
representative_primary,3,20260812,4,M2,e7e019412bf97ef973378c4e,5877a571834a,88,0,4,0.0,0.1126321893942868
representative_primary,3,20260812,4,M2,feab4368f74f80a8f8bdc037,c571eca3306b,4673,0,3,0.0,0.0900334494841109
representative_primary,3,20260812,4,M3,19082811bdb5cd2a1d3e8e82,926dacce2e7d,34,0,3,0.0,0.0957296711907898
representative_primary,3,20260812,4,M3,59bb3cf88ca5405a1b605de5,499932b126ef,11,0,3,0.0,0.0977132631930439
representative_primary,3,20260812,4,M3,73614dad157f55e63357b6cb,a61ef25edfa9,4,0,4,0.0,0.1027131665643788
representative_primary,3,20260812,4,M3,9f9e9441308fe2495783c57a,dc4a0e322bef,12,1,4,0.25,0.1974639903000864
representative_primary,3,20260812,4,M3,a2b2a00381c710d5d640397c,a94b5c7c3f06,67,0,4,0.0,0.1843670501719446
representative_primary,3,20260812,4,M3,a86660084778cc72c2be6bfa,5ffc8594267a,12,0,3,0.0,0.1176543949640585
representative_primary,3,20260812,4,M3,af658ae9eac3ea19884eb3ba,1c196c3207c2,4,2,4,0.5,0.1005137513745266
representative_primary,3,20260812,4,M3,bec2d2aca4338c75b5d49be9,d3d192f6f2e9,4,1,2,0.5,0.0909809587432409
representative_primary,3,20260812,4,M3,e7e019412bf97ef973378c4e,5877a571834a,88,0,4,0.0,0.1132278551962478
representative_primary,3,20260812,4,M3,feab4368f74f80a8f8bdc037,c571eca3306b,4673,0,3,0.0,0.0898502210975031
representative_primary,4,20260813,0,M2,126fb6f19787dd67fa1880c9,136a9772e348,9611,0,4,0.0,0.0475625541775994
representative_primary,4,20260813,0,M2,221d10095225b730634f9eaf,6c22db837d6a,199,0,4,0.0,0.0788476800835941
representative_primary,4,20260813,0,M2,27c7f006fa84d93633021677,52c92fe42219,9611,0,4,0.0,0.1143486038507643
representative_primary,4,20260813,0,M2,292aa24773ee2b9c3cfe5a06,ba5f5285d226,9693,0,4,0.0,0.0749496098210485
representative_primary,4,20260813,0,M2,37c7d14ba1457f09367ab860,e1e202f73f44,9507,4,4,1.0,0.0887539162315034
representative_primary,4,20260813,0,M2,59bb3cf88ca5405a1b605de5,499932b126ef,11,0,3,0.0,0.1849306172748113
representative_primary,4,20260813,0,M2,8245832a2e4861c9f0904787,fd5da0bf0f2a,9611,0,3,0.0,0.1277668857925462
representative_primary,4,20260813,0,M2,9f9e9441308fe2495783c57a,dc4a0e322bef,12,1,4,0.25,0.0904896908754521
representative_primary,4,20260813,0,M2,a86660084778cc72c2be6bfa,5ffc8594267a,12,0,3,0.0,0.0754529949668533
representative_primary,4,20260813,0,M2,c796b305c6464663e51876ff,65cde817fb8f,9611,0,4,0.0,0.0725155505401237
representative_primary,4,20260813,0,M2,eec6687775673cc0372c5d70,508180109679,9611,2,4,0.5,0.0720196352819396
representative_primary,4,20260813,0,M3,126fb6f19787dd67fa1880c9,136a9772e348,9611,0,4,0.0,0.0480539383790872
representative_primary,4,20260813,0,M3,221d10095225b730634f9eaf,6c22db837d6a,199,0,4,0.0,0.0771926423668644
representative_primary,4,20260813,0,M3,27c7f006fa84d93633021677,52c92fe42219,9611,0,4,0.0,0.114028344656408
representative_primary,4,20260813,0,M3,292aa24773ee2b9c3cfe5a06,ba5f5285d226,9693,0,4,0.0,0.0753731501926794
representative_primary,4,20260813,0,M3,37c7d14ba1457f09367ab860,e1e202f73f44,9507,4,4,1.0,0.0882659053543402
representative_primary,4,20260813,0,M3,59bb3cf88ca5405a1b605de5,499932b126ef,11,0,3,0.0,0.1836876627464332
representative_primary,4,20260813,0,M3,8245832a2e4861c9f0904787,fd5da0bf0f2a,9611,0,3,0.0,0.127587120726502
representative_primary,4,20260813,0,M3,9f9e9441308fe2495783c57a,dc4a0e322bef,12,1,4,0.25,0.0902767505241556
representative_primary,4,20260813,0,M3,a86660084778cc72c2be6bfa,5ffc8594267a,12,0,3,0.0,0.0765148783342446
representative_primary,4,20260813,0,M3,c796b305c6464663e51876ff,65cde817fb8f,9611,0,4,0.0,0.073075385965113
representative_primary,4,20260813,0,M3,eec6687775673cc0372c5d70,508180109679,9611,2,4,0.5,0.0721536024278856
representative_primary,4,20260813,1,M2,087cbc2a3541857a3c782a17,a8c08cb7bde1,0,0,4,0.0,0.0378421783678479
representative_primary,4,20260813,1,M2,08f0c6e2bd5323a29db52233,a922079ba6b3,16,0,4,0.0,0.2131479811689169
representative_primary,4,20260813,1,M2,1b0f0afe77813ad952e848d8,aa59e2fea465,16,0,4,0.0,0.1683277259760648
representative_primary,4,20260813,1,M2,56eb043e7d48640f9b4f1a87,f426101b1538,0,0,3,0.0,0.0367788140295827
representative_primary,4,20260813,1,M2,73b817e796a2537fe3248632,b5c6b002c47b,8070,0,2,0.0,0.3019039477875832
representative_primary,4,20260813,1,M2,af576a6d88fc0f003b9f084c,8ef83b6e21b4,16,0,4,0.0,0.0973580864119251
representative_primary,4,20260813,1,M2,bedb611af093adca6e571990,9aa417751887,0,3,4,0.75,0.0597725662113896
representative_primary,4,20260813,1,M2,ea06f81db97a5017d41e0790,1a3477a1a33b,0,0,3,0.0,0.0559115506589188
representative_primary,4,20260813,1,M2,f1f8dc69bf9d2cb569d43454,9f051a541429,0,1,3,0.3333333333333333,0.1092314834165246
representative_primary,4,20260813,1,M3,087cbc2a3541857a3c782a17,a8c08cb7bde1,0,0,4,0.0,0.0376443273732235
representative_primary,4,20260813,1,M3,08f0c6e2bd5323a29db52233,a922079ba6b3,16,0,4,0.0,0.2156863169626014
representative_primary,4,20260813,1,M3,1b0f0afe77813ad952e848d8,aa59e2fea465,16,0,4,0.0,0.1719576761697404
representative_primary,4,20260813,1,M3,56eb043e7d48640f9b4f1a87,f426101b1538,0,0,3,0.0,0.0360269415346565
representative_primary,4,20260813,1,M3,73b817e796a2537fe3248632,b5c6b002c47b,8070,0,2,0.0,0.3051642822066379
representative_primary,4,20260813,1,M3,af576a6d88fc0f003b9f084c,8ef83b6e21b4,16,0,4,0.0,0.0978356119436693
representative_primary,4,20260813,1,M3,bedb611af093adca6e571990,9aa417751887,0,3,4,0.75,0.0589556731388583
representative_primary,4,20260813,1,M3,ea06f81db97a5017d41e0790,1a3477a1a33b,0,0,3,0.0,0.0544330055160978
representative_primary,4,20260813,1,M3,f1f8dc69bf9d2cb569d43454,9f051a541429,0,1,3,0.3333333333333333,0.1068133479230985
representative_primary,4,20260813,2,M2,19082811bdb5cd2a1d3e8e82,926dacce2e7d,34,0,3,0.0,0.0962546726670428
representative_primary,4,20260813,2,M2,5545c30e11154dda5a2693be,918093301aef,1,0,3,0.0,0.0927758808206789
representative_primary,4,20260813,2,M2,73614dad157f55e63357b6cb,a61ef25edfa9,4,0,4,0.0,0.1120321826358684
representative_primary,4,20260813,2,M2,aa6315ed628774ae6a7bda3d,737c2fe51f4f,5976,0,4,0.0,0.1484933653887365
representative_primary,4,20260813,2,M2,af658ae9eac3ea19884eb3ba,1c196c3207c2,4,2,4,0.5,0.1320747578453587
representative_primary,4,20260813,2,M2,bec2d2aca4338c75b5d49be9,d3d192f6f2e9,4,1,2,0.5,0.0785287823007786
representative_primary,4,20260813,2,M2,c96854402716ee124bad61ae,4fdbcddceaaf,1,0,3,0.0,0.1380027685533153
representative_primary,4,20260813,2,M2,e7e019412bf97ef973378c4e,5877a571834a,88,0,4,0.0,0.109566361440877
representative_primary,4,20260813,2,M2,fc4ca1e3982749c2995b1184,b82faf8ede14,1,0,3,0.0,0.0962537123821757
representative_primary,4,20260813,2,M3,19082811bdb5cd2a1d3e8e82,926dacce2e7d,34,0,3,0.0,0.0272769941065913
representative_primary,4,20260813,2,M3,5545c30e11154dda5a2693be,918093301aef,1,0,3,0.0,0.0373407660555939
representative_primary,4,20260813,2,M3,73614dad157f55e63357b6cb,a61ef25edfa9,4,0,4,0.0,0.1151566783082164
representative_primary,4,20260813,2,M3,aa6315ed628774ae6a7bda3d,737c2fe51f4f,5976,0,4,0.0,0.0310026232966389
representative_primary,4,20260813,2,M3,af658ae9eac3ea19884eb3ba,1c196c3207c2,4,2,4,0.5,0.0542958614861217
representative_primary,4,20260813,2,M3,bec2d2aca4338c75b5d49be9,d3d192f6f2e9,4,1,2,0.5,0.0850450178365092
representative_primary,4,20260813,2,M3,c96854402716ee124bad61ae,4fdbcddceaaf,1,0,3,0.0,0.0679006272598622
representative_primary,4,20260813,2,M3,e7e019412bf97ef973378c4e,5877a571834a,88,0,4,0.0,0.0378672674526761
representative_primary,4,20260813,2,M3,fc4ca1e3982749c2995b1184,b82faf8ede14,1,0,3,0.0,0.0326475674850336
representative_primary,4,20260813,3,M2,19d257d4b833fd958e081b66,e68b633a57ae,8,1,4,0.25,0.1461880391362358
representative_primary,4,20260813,3,M2,230c343fa687602f8b15aff9,44c2a3bf9b5b,5,1,4,0.25,0.1271468885223795
representative_primary,4,20260813,3,M2,2bd10cd8ee1c1e66e3f9159a,c484ba14cd1a,140,2,2,1.0,0.1010186746586137
representative_primary,4,20260813,3,M2,5072ac86fd0b30553ece4646,a7fe53a4018d,9617,0,4,0.0,0.1319604531149945
representative_primary,4,20260813,3,M2,50b656e715a26ba36c2f2605,68eda3326b3c,22,0,4,0.0,0.1439729008004214
representative_primary,4,20260813,3,M2,51dff8f7eca1554db76b0a55,c35228e609f6,8,0,3,0.0,0.1324509058016799
representative_primary,4,20260813,3,M2,8cae6accb0af1dfd9c0555c5,aefd878b4270,8534,0,4,0.0,0.2907698617751673
representative_primary,4,20260813,3,M2,a858a574032ba912702bd237,6db8d2ba4a71,22,0,3,0.0,0.0960363548246183
representative_primary,4,20260813,3,M2,b5a72ac4b822bfb3dd3d82ce,7fc74b77564e,8,0,4,0.0,0.114813048041046
representative_primary,4,20260813,3,M2,b7778832d4209a7cf3c3b4f9,df2a966a5c33,5,0,1,0.0,0.1783840009608816
representative_primary,4,20260813,3,M2,feab4368f74f80a8f8bdc037,c571eca3306b,4673,0,3,0.0,0.1066369208777534
representative_primary,4,20260813,3,M3,19d257d4b833fd958e081b66,e68b633a57ae,8,1,4,0.25,0.1463980285021133
representative_primary,4,20260813,3,M3,230c343fa687602f8b15aff9,44c2a3bf9b5b,5,1,4,0.25,0.1271118023220928
representative_primary,4,20260813,3,M3,2bd10cd8ee1c1e66e3f9159a,c484ba14cd1a,140,2,2,1.0,0.1011007585044238
representative_primary,4,20260813,3,M3,5072ac86fd0b30553ece4646,a7fe53a4018d,9617,0,4,0.0,0.1320985937885421
representative_primary,4,20260813,3,M3,50b656e715a26ba36c2f2605,68eda3326b3c,22,0,4,0.0,0.1441253245269733
representative_primary,4,20260813,3,M3,51dff8f7eca1554db76b0a55,c35228e609f6,8,0,3,0.0,0.1326828902778836
representative_primary,4,20260813,3,M3,8cae6accb0af1dfd9c0555c5,aefd878b4270,8534,0,4,0.0,0.2911487991377311
representative_primary,4,20260813,3,M3,a858a574032ba912702bd237,6db8d2ba4a71,22,0,3,0.0,0.0960221148850515
representative_primary,4,20260813,3,M3,b5a72ac4b822bfb3dd3d82ce,7fc74b77564e,8,0,4,0.0,0.114823097325732
representative_primary,4,20260813,3,M3,b7778832d4209a7cf3c3b4f9,df2a966a5c33,5,0,1,0.0,0.1783299526394952
representative_primary,4,20260813,3,M3,feab4368f74f80a8f8bdc037,c571eca3306b,4673,0,3,0.0,0.1066512629639451
representative_primary,4,20260813,4,M2,060d3a81d693dbc021eb9444,39c9d15be2c9,273,0,4,0.0,0.1762390067578738
representative_primary,4,20260813,4,M2,2f906d11661cd8b6598b7067,51e790c22d59,766,0,2,0.0,0.1611209122257447
representative_primary,4,20260813,4,M2,38b0fbd6ee6cb2bee00d170a,36b44414c0a6,8095,1,3,0.3333333333333333,0.1825178675933688
representative_primary,4,20260813,4,M2,88dff4646cdcd9bf13063e54,d63083f5e364,116,0,4,0.0,0.0737886559425899
representative_primary,4,20260813,4,M2,90d95810ac43b9e9957f0325,ebb994099954,9675,0,4,0.0,0.1260969637085394
representative_primary,4,20260813,4,M2,93bb3314a4405fb1019e5c97,5e0291b4a26b,31,2,3,0.6666666666666666,0.0836921019291878
representative_primary,4,20260813,4,M2,a2b2a00381c710d5d640397c,a94b5c7c3f06,67,0,4,0.0,0.2547349630433849
representative_primary,4,20260813,4,M2,c1345efb227138527b3738d8,5077ada3358c,158,2,4,0.5,0.0990038359809611
representative_primary,4,20260813,4,M2,cedf23403ecdf46d8c79779e,ea2512a2e57e,3488,0,4,0.0,0.1008670807899292
representative_primary,4,20260813,4,M3,060d3a81d693dbc021eb9444,39c9d15be2c9,273,0,4,0.0,0.1770282764493672
representative_primary,4,20260813,4,M3,2f906d11661cd8b6598b7067,51e790c22d59,766,0,2,0.0,0.1617515067421034
representative_primary,4,20260813,4,M3,38b0fbd6ee6cb2bee00d170a,36b44414c0a6,8095,1,3,0.3333333333333333,0.1854827874014724
representative_primary,4,20260813,4,M3,88dff4646cdcd9bf13063e54,d63083f5e364,116,0,4,0.0,0.0739874115095217
representative_primary,4,20260813,4,M3,90d95810ac43b9e9957f0325,ebb994099954,9675,0,4,0.0,0.1252680162159692
representative_primary,4,20260813,4,M3,93bb3314a4405fb1019e5c97,5e0291b4a26b,31,2,3,0.6666666666666666,0.0842504563509084
representative_primary,4,20260813,4,M3,a2b2a00381c710d5d640397c,a94b5c7c3f06,67,0,4,0.0,0.2531025418052223
representative_primary,4,20260813,4,M3,c1345efb227138527b3738d8,5077ada3358c,158,2,4,0.5,0.0975899436709269
representative_primary,4,20260813,4,M3,cedf23403ecdf46d8c79779e,ea2512a2e57e,3488,0,4,0.0,0.1032583513953952
