readout,metric,point,ci_low,ci_high,worlds
native_answer,macro_world_joint_binding_balanced_accuracy,0.578125,0.5442708333333334,0.6145833333333334,48
native_answer,joint_holder_target_relation_balanced_accuracy,0.6041666666666666,0.5625,0.6510416666666666,48
native_answer,operator_sign_balanced_accuracy,0.5669871794871795,0.5488782051282052,0.5861658653846152,48
native_answer,holder_swap_correct_rate,0.2083333333333333,0.1041666666666666,0.3333333333333333,48
native_answer,target_swap_correct_rate,0.5833333333333334,0.4375,0.7291666666666666,48
native_answer,same_context_two_query_sign_flip_correct_rate,0.2083333333333333,0.1041666666666666,0.3333333333333333,48
native_answer,reporter_quoter_attribution_correct_rate,0.0104166666666666,0.0,0.03125,48
native_answer,heldout_lexical_balanced_accuracy,0.0104166666666666,0.0,0.03125,48
native_answer,heldout_discourse_balanced_accuracy,0.5104166666666666,0.5,0.53125,48
native_answer,heldout_domain_balanced_accuracy,0.5135683760683761,0.5071581196581196,0.5207264957264957,24
native_answer,mapping_reversal_semantic_agreement,0.9791666666666666,0.9375,1.0,48
native_answer,false_binary_opposite_rate,0.5,0.5,0.5,48
native_answer,fit_canonical_supports_evaluate_alternate_supports_balanced_accuracy,0.6302083333333334,0.578125,0.6875,48
native_answer,fit_order_canonical_evaluate_order_reversed_sign_balanced_accuracy,0.7083333333333334,0.5833333333333334,0.8333333333333334,48
dim_scalar,macro_world_joint_binding_balanced_accuracy,0.53125,0.5,0.5625,48
dim_scalar,joint_holder_target_relation_balanced_accuracy,0.5729166666666666,0.5364583333333334,0.609375,48
dim_scalar,operator_sign_balanced_accuracy,0.8763888888888888,0.8596417601495726,0.8935229700854701,48
dim_scalar,holder_swap_correct_rate,0.9791666666666666,0.9375,1.0,48
dim_scalar,target_swap_correct_rate,1.0,1.0,1.0,48
dim_scalar,same_context_two_query_sign_flip_correct_rate,1.0,1.0,1.0,48
dim_scalar,reporter_quoter_attribution_correct_rate,0.5520833333333334,0.4375,0.6666666666666666,48
dim_scalar,heldout_lexical_balanced_accuracy,1.0,1.0,1.0,48
dim_scalar,heldout_discourse_balanced_accuracy,0.8541666666666666,0.7916666666666666,0.9166666666666666,48
dim_scalar,heldout_domain_balanced_accuracy,0.8439102564102564,0.8280982905982905,0.8605248397435897,24
dim_scalar,mapping_reversal_semantic_agreement,0.4375,0.2916666666666667,0.5833333333333334,48
dim_scalar,false_binary_opposite_rate,0.8958333333333334,0.8333333333333334,0.9479166666666666,48
dim_scalar,fit_canonical_supports_evaluate_alternate_supports_balanced_accuracy,0.9895833333333334,0.9739583333333334,1.0,48
dim_scalar,fit_order_canonical_evaluate_order_reversed_sign_balanced_accuracy,1.0,1.0,1.0,48
nuisance_only_logistic,macro_world_joint_binding_balanced_accuracy,0.5364583333333334,0.4869791666666667,0.5911458333333334,48
nuisance_only_logistic,joint_holder_target_relation_balanced_accuracy,0.546875,0.484375,0.609375,48
nuisance_only_logistic,operator_sign_balanced_accuracy,0.910323183760684,0.8978358707264957,0.9231436965811968,48
nuisance_only_logistic,holder_swap_correct_rate,0.75,0.625,0.875,48
nuisance_only_logistic,target_swap_correct_rate,0.75,0.625,0.875,48
nuisance_only_logistic,same_context_two_query_sign_flip_correct_rate,0.7291666666666666,0.6041666666666666,0.8541666666666666,48
nuisance_only_logistic,reporter_quoter_attribution_correct_rate,0.1666666666666666,0.09375,0.2395833333333333,48
nuisance_only_logistic,heldout_lexical_balanced_accuracy,1.0,1.0,1.0,48
nuisance_only_logistic,heldout_discourse_balanced_accuracy,0.625,0.5625,0.6979166666666666,48
nuisance_only_logistic,heldout_domain_balanced_accuracy,0.8973824786324786,0.883278579059829,0.911005608974359,24
nuisance_only_logistic,mapping_reversal_semantic_agreement,0.375,0.25,0.5208333333333334,48
nuisance_only_logistic,false_binary_opposite_rate,0.0,0.0,0.0,48
nuisance_only_logistic,fit_canonical_supports_evaluate_alternate_supports_balanced_accuracy,0.8697916666666666,0.8229166666666666,0.9114583333333334,48
nuisance_only_logistic,fit_order_canonical_evaluate_order_reversed_sign_balanced_accuracy,0.9583333333333334,0.8958333333333334,1.0,48
dim_plus_nuisance_logistic,macro_world_joint_binding_balanced_accuracy,0.6979166666666666,0.6432291666666666,0.7473958333333334,48
dim_plus_nuisance_logistic,joint_holder_target_relation_balanced_accuracy,0.7083333333333334,0.6510416666666666,0.765625,48
dim_plus_nuisance_logistic,operator_sign_balanced_accuracy,0.9939102564102564,0.9889957264957264,0.997809829059829,48
dim_plus_nuisance_logistic,holder_swap_correct_rate,1.0,1.0,1.0,48
dim_plus_nuisance_logistic,target_swap_correct_rate,1.0,1.0,1.0,48
dim_plus_nuisance_logistic,same_context_two_query_sign_flip_correct_rate,1.0,1.0,1.0,48
dim_plus_nuisance_logistic,reporter_quoter_attribution_correct_rate,0.5833333333333334,0.4895833333333333,0.6770833333333334,48
dim_plus_nuisance_logistic,heldout_lexical_balanced_accuracy,0.96875,0.9270833333333334,1.0,48
dim_plus_nuisance_logistic,heldout_discourse_balanced_accuracy,0.8854166666666666,0.8229166666666666,0.9375,48
dim_plus_nuisance_logistic,heldout_domain_balanced_accuracy,0.9878205128205128,0.9790544871794872,0.9956196581196582,24
dim_plus_nuisance_logistic,mapping_reversal_semantic_agreement,0.7083333333333334,0.5833333333333334,0.8333333333333334,48
dim_plus_nuisance_logistic,false_binary_opposite_rate,0.21875,0.1458333333333333,0.2916666666666667,48
dim_plus_nuisance_logistic,fit_canonical_supports_evaluate_alternate_supports_balanced_accuracy,0.9791666666666666,0.9583333333333334,0.9947916666666666,48
dim_plus_nuisance_logistic,fit_order_canonical_evaluate_order_reversed_sign_balanced_accuracy,1.0,1.0,1.0,48
full_activation_logistic,macro_world_joint_binding_balanced_accuracy,0.9479166666666666,0.9166666666666666,0.9739583333333334,48
full_activation_logistic,joint_holder_target_relation_balanced_accuracy,1.0,1.0,1.0,48
full_activation_logistic,operator_sign_balanced_accuracy,1.0,1.0,1.0,48
full_activation_logistic,holder_swap_correct_rate,1.0,1.0,1.0,48
full_activation_logistic,target_swap_correct_rate,1.0,1.0,1.0,48
full_activation_logistic,same_context_two_query_sign_flip_correct_rate,1.0,1.0,1.0,48
full_activation_logistic,reporter_quoter_attribution_correct_rate,0.8541666666666666,0.7916666666666666,0.9166666666666666,48
full_activation_logistic,heldout_lexical_balanced_accuracy,1.0,1.0,1.0,48
full_activation_logistic,heldout_discourse_balanced_accuracy,0.8645833333333334,0.8020833333333334,0.9270833333333334,48
full_activation_logistic,heldout_domain_balanced_accuracy,1.0,1.0,1.0,24
full_activation_logistic,mapping_reversal_semantic_agreement,1.0,1.0,1.0,48
full_activation_logistic,false_binary_opposite_rate,0.0,0.0,0.0,48
full_activation_logistic,fit_canonical_supports_evaluate_alternate_supports_balanced_accuracy,1.0,1.0,1.0,48
full_activation_logistic,fit_order_canonical_evaluate_order_reversed_sign_balanced_accuracy,1.0,1.0,1.0,48
residual_activation_logistic,macro_world_joint_binding_balanced_accuracy,0.9401041666666666,0.9114583333333334,0.9661458333333334,48
residual_activation_logistic,joint_holder_target_relation_balanced_accuracy,0.9791666666666666,0.9583333333333334,0.9947916666666666,48
residual_activation_logistic,operator_sign_balanced_accuracy,0.7688568376068377,0.7364573317307692,0.8018836805555555,48
residual_activation_logistic,holder_swap_correct_rate,0.6666666666666666,0.5416666666666666,0.7916666666666666,48
residual_activation_logistic,target_swap_correct_rate,0.4375,0.2916666666666667,0.5833333333333334,48
residual_activation_logistic,same_context_two_query_sign_flip_correct_rate,0.5416666666666666,0.3958333333333333,0.6875,48
residual_activation_logistic,reporter_quoter_attribution_correct_rate,0.5,0.4270833333333333,0.5729166666666666,48
residual_activation_logistic,heldout_lexical_balanced_accuracy,0.9270833333333334,0.875,0.96875,48
residual_activation_logistic,heldout_discourse_balanced_accuracy,0.625,0.5625,0.6875,48
residual_activation_logistic,heldout_domain_balanced_accuracy,0.744017094017094,0.7059281517094017,0.7821314102564102,24
residual_activation_logistic,mapping_reversal_semantic_agreement,0.9166666666666666,0.8333333333333334,0.9791666666666666,48
residual_activation_logistic,false_binary_opposite_rate,0.0,0.0,0.0,48
residual_activation_logistic,fit_canonical_supports_evaluate_alternate_supports_balanced_accuracy,0.484375,0.3958333333333333,0.5677083333333334,48
residual_activation_logistic,fit_order_canonical_evaluate_order_reversed_sign_balanced_accuracy,0.5416666666666666,0.3958333333333333,0.6875,48
