row_id,board_id,fold,label,report_sign,native_margin,mapping,L0_prob,L1_prob,R0_prob,R1_prob,label_probe_prob,report_probe_prob,frozen_dim_strict_score
0831f369f99fac4e,0c456cbac017,1,1,1,0.25,primary:reversed,0.9991394260183664,0.993156940075408,0.5226743049149704,0.8096407241169369,0.8132580222227089,0.8339310809822915,-0.2175116239044277
3dd65896b592391c,0c456cbac017,1,0,0,-1.25,primary:reversed,0.0012518064402251,0.0020687875817314,0.1424972718292891,0.0001161314299961,0.1786845019552896,0.0001206479334563,-0.9474295091745676
5ef57422da8a93fa,0c456cbac017,1,1,1,1.0,primary:reversed,0.9990540055617504,0.9990294608138643,0.8597152989298383,0.9999733856829252,0.9526825090937872,0.9999762548939968,0.9415759350832942
9b0aac29e8c95fbe,0c456cbac017,1,0,0,-0.25,primary:reversed,0.0011912833658584,0.1757966579707685,0.3979707092437471,0.4102751372988437,0.7702728998552907,0.4443087968231416,-0.0191788451629517
240a77e7dbfdd9f3,0c5a75f6bae8,4,0,0,-5.75,primary:standard,0.0009435745025836,0.004594488970396,0.1960807020159536,0.0022089702668824,0.3331170603606387,0.0014736960367991,-1.942522849861416
25d0e0c7346580a9,0c5a75f6bae8,4,1,1,2.75,primary:reversed,0.9994977461101404,0.99981347063571,0.4824863561591058,1.0,0.9726455678147998,1.0,1.5274701602460374
81ce12550cb297b0,0c5a75f6bae8,4,1,0,-3.0,primary:reversed,0.9984680313659668,0.9734560798742324,0.3192528670525956,2.4614900208589172e-05,0.5307316679043137,1.6915389586847435e-05,-0.8545183947349253
bea26c7e098f3900,0c5a75f6bae8,4,0,0,-0.125,primary:standard,0.0013751479446295,0.0014740150685736,0.1736975575104637,0.1012774931985364,0.3118893192463318,0.2072230611152416,0.9534946109637676
17c236bccbd1986a,0cc60aa12ea6,3,0,0,-1.75,primary:reversed,0.0012579243548207,0.0692321068718536,0.1971360883227348,0.0004995305495119,0.4090768778312765,0.0001691792183165,-1.073303572500214
65723bacf520580d,0cc60aa12ea6,3,1,0,-2.75,primary:reversed,0.9983169477273194,0.826614590317961,0.3287548876823566,8.140219455266139e-07,0.3990764568390682,2.1987705741732257e-07,-1.4453029657803
d73fb6926cdb25e4,0cc60aa12ea6,3,0,0,-3.875,primary:standard,0.0010243206909407,0.0087137924761241,0.1470518632900395,2.2962608670169481e-07,0.1418560727686734,5.5053768105058875e-09,-1.579941241015085
ebc8b089df9c7aa5,0cc60aa12ea6,3,1,1,1.375,primary:reversed,0.9992935458382072,0.9987021907277224,0.6736576608963581,0.9999999918314814,0.9136245161479418,0.9999999999867216,0.581543708157187
10c24dd2ed0ded7e,136a9772e348,1,1,1,8.75,primary:standard,0.9995767374225633,0.9933392193442024,0.7946832442424382,0.9999999999508576,0.7981727492858595,0.9999999999681456,2.7673480344490127
b8cfe53fc210b1f5,136a9772e348,1,0,0,-2.75,primary:reversed,0.0016508354126826,0.0009347120577004,0.0174044519740912,0.0001651985580208,0.1347482524272653,0.0001912506695595,-0.7532004189474364
f2e142829128b590,136a9772e348,1,1,0,-3.625,primary:standard,0.9983998293073988,0.9879022726198357,0.1458367333641624,1.2018424420444037e-07,0.6435569630052068,1.1464772802404605e-07,-0.5330288400137082
fdc14325e4cd9392,136a9772e348,1,0,1,4.875,primary:standard,0.0035540677773572,0.0099809447093715,0.1857657855152755,0.9999999899327215,0.4439644140021614,0.9999999927684622,2.429987084853012
54d2b88b529b21bf,13f01030b40e,2,1,0,-3.25,primary:standard,0.9985036266976546,0.9994088159809956,0.2405507281405926,2.621905364717579e-07,0.8823485518500007,2.896022581814263e-07,-1.004152679543188
6ba7c2bd33638f2a,13f01030b40e,2,0,0,-0.625,primary:standard,0.0014443507724492,0.0296485229025645,0.0868883560451315,0.2717649046341389,0.4393414888215579,0.2684819017786564,0.9700196371627552
8bc60402151702e5,13f01030b40e,2,0,0,-6.375,primary:standard,0.0009233800495633,0.0030340714670837,0.1502081966888346,5.67975882622124e-08,0.1098023373302401,7.05334751022093e-08,-1.6974123952076037
cf7da8dba31f92e3,13f01030b40e,2,1,1,0.125,primary:reversed,0.9992404684591136,0.9987330518763652,0.5979567935824076,0.9999247982710764,0.8616331910060565,0.999919088770478,0.8114099366486478
1340135dfd7975a0,1451e3efdff5,4,1,1,0.5,primary:reversed,0.999263961285014,0.9985452106972706,0.5542118921049944,0.9999281851672568,0.851202557750819,0.9999246410237832,0.2654100269923805
94c0d83ba5e50eb0,1451e3efdff5,4,0,0,-2.25,primary:reversed,0.0013273244844429,0.0002000176835153,0.1415925794896552,1.5405983232993807e-06,0.1691570017423642,1.148239036760022e-06,-1.407337970612487
9aebd6d55a9c7306,1451e3efdff5,4,1,1,0.875,primary:reversed,0.9993015341069732,0.9977030062006552,0.7312620224247611,0.9999991497176846,0.8202766170244647,0.9999988960935406,0.540516972575185
c4fe8eee84353551,1451e3efdff5,4,0,0,-0.5,primary:reversed,0.0012481822968828,0.0298130108166681,0.1503427667840086,2.716514589663864e-06,0.3581807408856237,1.2116358781879243e-06,-0.7812790668027558
2b89d6e2ec8dd917,192c2928e2ae,2,0,0,-0.375,primary:standard,0.0010406893389531,0.019018901683328,0.659876636847815,0.0016584825103593,0.1578082187623064,0.0017226294186197,0.4835019230330268
7578a336f023c7c8,192c2928e2ae,2,1,0,-1.125,primary:reversed,0.998675325227206,0.9759586170284708,0.4001105125382753,0.0014308297690375,0.6512779668737291,0.0013294384816423,-0.506931237123061
a0046b693af02f5d,192c2928e2ae,2,1,0,-1.8750001192092896,primary:standard,0.997921135722074,0.9099651106467108,0.9033303226948964,1.5737319457462451e-06,0.1889669057171348,1.485669373809957e-06,-0.6493830833166556
cdbebbef585e3f29,192c2928e2ae,2,0,0,-4.625,primary:standard,0.0011088125164327,0.0013418070664451,0.1028953316831266,6.533707569026917e-09,0.0628093475052603,7.384826276843761e-09,-1.7614946490755123
0ed3dda72baa8c8f,1a3477a1a33b,1,0,0,-2.5,primary:standard,0.000912656879455,0.0133727438384454,0.5280882950788789,2.3821542136612977e-08,0.222224134810426,1.977728971941293e-08,-1.0986013458381665
10990d3ccca17cbb,1a3477a1a33b,1,1,0,-2.125,primary:reversed,0.9986591349576524,0.9803441193264606,0.2393262763853289,6.766698538505291e-06,0.6139989816141198,8.090190736975385e-06,-1.1516955636790356
8dced934995ddcfe,1a3477a1a33b,1,0,0,-2.375,primary:standard,0.0013384516952381,0.0028730208458456,0.0451770619839709,4.804217267568128e-07,0.1833162408657787,4.6471107139553e-07,-1.0349110143157625
cecd0f8864120d43,1a3477a1a33b,1,1,1,5.5,primary:standard,0.9993960579348458,0.9999748141820384,0.7934021264546168,0.9999999990717504,0.9931150746476451,0.9999999994018404,2.3682920480045184
9ac80ef29f71df96,1c196c3207c2,2,1,0,0.0,primary:standard,0.9981703921409256,0.9798844566483024,0.8679528943833565,0.8517430854170426,0.6767950263743189,0.8420235894289226,0.7292127804180537
c2b039ab5dee4bf7,1c196c3207c2,2,0,0,-2.375,primary:reversed,0.0009678059118584,0.003790251582053,0.3296778862641038,2.5581367658863984e-05,0.1376039030397591,2.204928643213158e-05,-0.83637554157752
c4d3b4376708f863,1c196c3207c2,2,1,0,-5.5,primary:reversed,0.997708567034416,0.6336518765415875,0.6568935629020379,1.779138420995172e-06,0.1564724531141644,1.4618678460957367e-06,-1.63999380375936
c94ca6133753a0ec,1c196c3207c2,2,0,0,-7.625,primary:standard,0.0007477927833479,0.0017700871901027,0.245872531720369,9.872474333812565e-08,0.0608568125867532,1.2681524594786862e-07,-2.1591417481005037
04593ff0a7e2d158,1ed43b987724,1,1,1,0.625,primary:standard,0.9992928357265192,0.9995528388007188,0.6368474312161224,0.9994139898825212,0.957570456123632,0.9994746279007832,1.855567176313136
19f4a9cbba137f20,1ed43b987724,1,0,0,-4.25,primary:standard,0.0011484365833505,3.410418894528286e-07,0.1181896765402455,5.972631642940555e-09,0.0030694397929197,5.063068972758682e-09,-1.991078212781884
8e3370887c48917d,1ed43b987724,1,1,0,-5.0,primary:reversed,0.9982517828631898,0.6896537920969488,0.2005275533522355,8.278847512775702e-07,0.1474357664339448,8.174359904137571e-07,-1.861338544369873
a3beacf1507901c5,1ed43b987724,1,0,0,-2.125,primary:reversed,0.0017364829532894,0.0953901321344758,0.0585213454726091,2.6509891053097013e-05,0.5996312732565829,2.602409927288077e-05,-1.0102964840840998
3f8f9c8fb970c7f2,257896eeb5b0,2,1,1,2.125,primary:standard,0.999326590686704,0.9999790865837148,0.5180161152332807,0.9999992348723508,0.9912717597901908,0.99999925919537,2.0234590159093333
402b85577e6a3658,257896eeb5b0,2,1,1,3.625,primary:standard,0.9990969607474708,0.9998870468563248,0.9293296060890246,0.9999999131801588,0.9810452082143676,0.9999999109104716,2.1732253081260544
5c9470f19f00630a,257896eeb5b0,2,0,1,2.25,primary:standard,0.0024535172121797,0.950462190503494,0.3464514032290728,0.9999974371646912,0.9782668923545956,0.9999975531956266,2.008422026936365
fccd1e9d0b7fe044,257896eeb5b0,2,0,0,-0.75,primary:reversed,0.0013353604534434,0.0773417717833042,0.1081291882588616,0.0098831888947878,0.6969968213184252,0.0094954113707897,-0.6236661320801864
382e2e682024383f,264c908ab889,4,0,0,-5.75,primary:reversed,0.0009418380125667,0.0096276918930744,0.0928009605204866,2.4019017712523468e-06,0.3587328582929516,1.7257066566678237e-06,-1.1066203712906622
393b66b548a7cc05,264c908ab889,4,1,0,-2.625,primary:reversed,0.9979156149522984,0.9831423338589056,0.7701641268744671,8.13770721147839e-06,0.5728260475460683,4.902376312165499e-06,-1.0063656370789371
8a67d72d38b22d57,264c908ab889,4,0,0,-1.0,primary:reversed,0.0013644803354,0.0061248282053604,0.1193371206937214,0.0058205254652493,0.3834719668240333,0.0044701586343195,-0.9050061017424816
ecc4537e17f14c57,264c908ab889,4,1,1,1.0,primary:reversed,0.9994234814258512,0.9991099190817226,0.324079433310079,0.999957083366568,0.8433292458111563,0.9999590934928804,0.4045768705815735
31bd2c3c1456a0e4,2838b362b8f3,0,0,0,-4.125,primary:standard,0.0008821046243539,0.0085068246870482,0.2361830981244994,1.244499665190475e-07,0.1533289755079247,1.651712751457232e-07,-1.7519608613621007
65a71c9ca289ead8,2838b362b8f3,0,1,0,-2.5,primary:reversed,0.9983028975954696,0.9995633688675782,0.4306950947622405,4.3831303649160396e-07,0.908563664565292,4.430191097835851e-07,-1.5822164107388974
88dabfb21f8352d9,2838b362b8f3,0,1,1,0.125,primary:standard,0.9993369428111148,0.9814643721617096,0.2686718958650917,0.9215371980806142,0.5890247782689787,0.9128534453540952,1.193644578349267
d98d414744edb697,2838b362b8f3,0,0,0,-8.0,primary:standard,0.0008654991869518,0.0036898462791031,0.0319283595940476,3.303472969140964e-08,0.1231117350882502,4.525776026307481e-08,-2.245376492604694
445821c5412a20e6,2af4bf031c7a,3,1,1,1.75,primary:reversed,0.9990252319937172,0.9712716778990904,0.808879343147544,0.9999999999494484,0.8983384000122868,0.9999999999999992,1.489108890401642
613f1c99635410fe,2af4bf031c7a,3,0,0,-1.625,primary:reversed,0.0010503615416731,0.5696709633970775,0.2150092647073552,1.801509488136683e-05,0.6407319553057856,3.2532875311642994e-06,-0.8773106023014297
a77392082271dd31,2af4bf031c7a,3,0,0,-2.125,primary:reversed,0.0010579047065446,0.0002113533599299,0.2185150020937948,5.807785394697893e-08,0.0794485982464692,1.7192860677065024e-10,-1.17189069821146
bf5f01295617eb93,2af4bf031c7a,3,1,0,-3.25,primary:standard,0.9978173205984616,0.4928907051605771,0.787873323121456,1.0779215794001677e-07,0.2174337166692444,2.4149020790717356e-09,-1.5532381396773411
09441c66e709eee8,2b30dc97db48,0,0,0,-2.875,primary:reversed,0.001372179379192,0.0343846472909657,0.0454702495214233,2.4131761585639645e-05,0.6290621002218404,2.635164220633428e-05,-0.7014662923613435
222d475eb20c6af4,2b30dc97db48,0,1,0,-2.625,primary:reversed,0.998622061530732,0.997259229283731,0.1695146205615121,7.324219972996997e-06,0.8209533585563201,7.31974378306871e-06,-0.7605384362245788
2a608af0a264e135,2b30dc97db48,0,0,0,-1.25,primary:standard,0.0011427476231264,0.0075860249392031,0.2071852850147283,0.0001998086110904,0.2591596421597033,0.0002093640387001,-0.2136072084371831
904a6649d62d2ea6,2b30dc97db48,0,1,1,0.875,primary:standard,0.9991332383946554,0.9722006227529464,0.8711249965247196,0.9989048002757824,0.6439284688539393,0.99885061726194,1.5817115329460705
6bfd3c1937a5ef44,2c39dbc75575,4,1,0,0.0,primary:reversed,0.998941071362737,0.9830634756333264,0.2387455269871602,0.2109581460421969,0.7762831871579805,0.2583144315122153,-0.00692018956184
da60902a71e508be,2c39dbc75575,4,1,1,2.0,primary:standard,0.9993133852109292,0.9989386463446296,0.6511730418778333,0.9999999869582032,0.8891596858620556,0.9999999947127228,2.03149211562974
f14132645910a00a,2c39dbc75575,4,0,0,-3.375,primary:reversed,0.0013635434747335,1.106879375513602e-05,0.0480952962647699,9.219321586570381e-08,0.100624480319135,4.06518830319396e-08,-1.6134735679480352
f192fc99fde6d532,2c39dbc75575,4,0,0,-1.875,primary:standard,0.0013225640164731,0.0001736862330218,0.0908857062093704,4.7829892341562487e-08,0.2222666953739584,6.113904733990524e-08,-0.7742103517928971
2edcab7d7dde4412,353ea7e598f8,0,1,1,1.75,primary:standard,0.9993525814923652,0.999925609247596,0.4050436296134306,0.9999495294978146,0.9741262344278968,0.9999609888668894,1.586022056165989
a36ad3126b962560,353ea7e598f8,0,0,0,-4.625,primary:reversed,0.0013541545750191,0.0010040233132449,0.0129750614679071,3.333915366383041e-06,0.1124957329509365,4.620582723030854e-06,-1.6736146060766384
b0c5468d0a0bbabf,353ea7e598f8,0,0,0,-0.6250000596046448,primary:standard,0.0013604587301902,0.0006200578301057,0.1002649573785635,0.0285723905226922,0.1005546820547882,0.0335084424160261,-0.1242334720144104
f536e11de3b63635,353ea7e598f8,0,1,0,-2.625,primary:standard,0.9982413558152328,0.966506208842857,0.4923540550963087,6.62073127793747e-06,0.5902130456671171,6.331581505907978e-06,-0.9055935797888996
001800999d0e8480,36b44414c0a6,0,1,1,2.375,primary:reversed,0.99937007745889,0.999927882999386,0.5719755015401135,0.9999953997469926,0.9878604050748412,0.9999960507744884,1.2350150552672106
5640c155a210ae20,36b44414c0a6,0,1,1,2.125,primary:standard,0.9991944957055712,0.9992989227687872,0.796312335445642,0.9999974213579856,0.9681471055302708,0.9999975740044332,2.1927360993020555
c5921c405c2b72d3,36b44414c0a6,0,0,0,-3.5,primary:standard,0.0009963212659863,0.0016217677780053,0.1270527596688286,6.096533459212607e-09,0.1833782408508388,8.66940337487428e-09,-1.5587538946115087
cf4b516109588d87,36b44414c0a6,0,0,0,-4.75,primary:standard,0.0006985739623408,0.0005015172737249,0.568429632241796,1.10497300509015e-08,0.0563263760158027,1.3989911241307757e-08,-1.6251809440650278
198b5fbc52793f6d,38ddb7218f16,0,1,0,-2.25,primary:reversed,0.9984436583757929,0.9990945734442642,0.3305764831807501,0.0005219558182977,0.8792903450926793,0.0005052482393479,-0.6596716237021987
72fe1b2bcbd6a663,38ddb7218f16,0,1,1,3.75,primary:standard,0.9994003174131844,0.9997723917434403,0.707329210007449,0.9999999846772154,0.9703208375439408,0.9999999869536822,2.4829711358640805
92c796ac11e084d9,38ddb7218f16,0,0,0,-1.875,primary:reversed,0.0015346098181014,0.0129856380822458,0.026564757972255,1.3894202468285278e-06,0.3149954484227441,1.7568486402844223e-06,-1.2859865322431308
a0a22d977fbf1ea6,38ddb7218f16,0,0,0,-4.375,primary:standard,0.0008925894463865,0.0002393097261931,0.282946386020258,8.833080065888865e-08,0.0681838707332366,1.0572125272498937e-07,-1.8270383180629728
6f4092e4d4d6c986,39c9d15be2c9,1,1,1,7.625,primary:standard,0.9994041474783184,0.9998369073593398,0.9043016383222936,0.9999999999532896,0.9736062389850464,0.9999999999727408,2.57284522834327
8e11e6d0232d523a,39c9d15be2c9,1,1,0,-2.25,primary:reversed,0.9987092621484562,0.973189875945954,0.1601609538070874,0.0007391210043994,0.6251236093216759,0.0008959152329363,-0.7547686072483528
a17d60271e4d5a02,39c9d15be2c9,1,0,0,-3.625,primary:standard,0.00078814036298,6.360471556317554e-06,0.5163739030314358,5.268764035934876e-08,0.0134938734826238,4.3815743826306906e-08,-1.6320553107590243
db8767efa2a68499,39c9d15be2c9,1,0,0,-1.25,primary:reversed,0.0016502910935632,0.0050125169481527,0.026885771901697,5.03735154132501e-05,0.2309763010552022,5.712618935043742e-05,-1.31864644070773
51fef2cb1c9a8bd1,3b9497cfd342,0,0,0,-6.875,primary:reversed,0.0010590126484239,0.016772420721114,0.0482289445455355,5.903948013154076e-07,0.2652505694283624,7.840250237882853e-07,-1.684527587650224
579b674f04d567e3,3b9497cfd342,0,1,1,0.125,primary:reversed,0.9991451145130384,0.9942697768314182,0.7729695197077507,0.9698489797166664,0.8120050381972131,0.968742363860508,0.2908723455022253
a4b7d8e30734d172,3b9497cfd342,0,1,1,0.6249999403953552,primary:standard,0.999311901446957,0.9977796161843188,0.5826267166466398,0.917588726899967,0.6174680604016609,0.9211248126398902,1.084900633984172
ebd587c6611c916f,3b9497cfd342,0,0,0,-0.25,primary:standard,0.0010348000556764,0.00350805409312,0.4583661862555718,0.06922179768033,0.0995217305500689,0.076536623953853,0.6198768967537909
26aedfa6e9457a04,3cf48760defe,1,1,0,-3.75,primary:reversed,0.9983269987009896,0.0064214318649157,0.378226495392789,1.893854952836404e-06,0.0149613182389917,1.691813222968028e-06,-1.5764981709734722
3fb23363b76613a8,3cf48760defe,1,0,0,-3.125,primary:reversed,0.0011476189357257,0.0025226286420892,0.1302066046557756,2.9952884054654203e-05,0.1309285869288781,2.519608734176305e-05,-1.322725975959668
98285d003c152fb9,3cf48760defe,1,1,1,3.375,primary:standard,0.999311514127298,0.9992165752431944,0.7527717795778238,0.999999998689528,0.8621921864132985,0.9999999988423892,2.755953577525502
e2f86a6ddd252e81,3cf48760defe,1,0,0,-2.875,primary:standard,0.0011652440323358,0.0026970423585983,0.1684272024713238,1.0252953966995323e-06,0.0985789632300625,8.814142558969862e-07,-0.2456585401416831
5647d610debeac4a,3f2e4b9db3d0,4,1,0,-3.0,primary:standard,0.99807177970576,0.8400578495676357,0.6002964562599857,5.30850956277808e-06,0.3244940952792404,4.554466055858173e-06,-1.074858058805502
657d94212b7aa21d,3f2e4b9db3d0,4,0,1,2.125,primary:reversed,0.0030447134728042,0.7045437877753957,0.1310785616459827,0.9999999999999988,0.9521153379381766,0.9999999999999996,1.3835014784261448
bb532e1f88580193,3f2e4b9db3d0,4,0,0,-6.0,primary:standard,0.0009655375913624,0.0001827560850586,0.115622946020059,2.874276635580811e-05,0.1088661183450052,1.9661192666794933e-05,-2.014098146685556
e4263a8ec11f48e6,3f2e4b9db3d0,4,1,1,8.5,primary:standard,0.9994716214208056,0.960781761381468,0.8997853143579851,1.0,0.776834609666518,1.0,2.7434889655967774
4b19af86dd655b05,4191f58e9158,1,0,0,-1.8750001192092896,primary:reversed,0.001607657996453,0.0001962558630314,0.0396754092108945,6.313505154536088e-06,0.0647957435249919,6.788286275339398e-06,-1.2336348392904155
dadadc0dc3ec3037,4191f58e9158,1,1,0,-0.75,primary:standard,0.9984237991054564,0.939522613792891,0.76634269313842,0.0003724706995242,0.5788885787252244,0.000332694452837,0.0170438983110585
e5f7154e723b2fe1,4191f58e9158,1,1,0,-0.25,primary:reversed,0.9987987017547098,0.994917644149845,0.310040646418785,0.003805132603395,0.860030516410944,0.0041810729858662,-0.3999755963171543
f350b8ba4c527907,4191f58e9158,1,0,0,-2.375,primary:reversed,0.0012772924921406,0.0733793642331343,0.1790784457843087,2.0516711783353024e-05,0.6032788063716411,1.9381732293790734e-05,-1.123469381733019
45b0af6eefba83f3,440bdd09b8f1,0,1,0,-2.75,primary:standard,0.9980174489760708,0.998461136958124,0.6984286098192195,0.0016424437355175,0.797000639639722,0.0013386882763049,0.3822742317034748
626b95317b840657,440bdd09b8f1,0,0,0,-4.625,primary:standard,0.0009502838898457,0.0707106879893135,0.0900158709522821,0.0003094653437095,0.4823237362613434,0.0003470855692072,0.1658940648059408
9e9841072aabb83b,440bdd09b8f1,0,0,0,-6.0,primary:reversed,0.0010922975963798,0.1057764898658698,0.0686888377146596,0.0035825197339944,0.5793740896112538,0.0034739765785984,-1.674447599798032
ebdac404f1b01d2b,440bdd09b8f1,0,1,0,-5.5,primary:reversed,0.9982113433079391,0.9983823323581094,0.2587901805418588,0.0022109690693939,0.8400516922524159,0.0023297238775807,-1.601673561070195
20b533a0d7903dbb,44c2a3bf9b5b,3,0,0,-3.0,primary:reversed,0.0009674070187846,0.0101893698291807,0.2760188420769709,6.250477927801298e-05,0.1753114728551052,1.8777240590189484e-05,-1.3929096900977864
d723818fefd0986b,44c2a3bf9b5b,3,0,0,-2.875,primary:reversed,0.0010993555724102,0.0238081718542638,0.1682994092511542,1.4870063438723723e-06,0.2689506510381328,2.493144709849956e-07,-1.510498489338319
df8de7eed4b284d2,44c2a3bf9b5b,3,1,0,-4.0,primary:standard,0.9977832996174356,0.433256104885881,0.8037652181513516,1.2567129159488984e-05,0.2688617647596999,1.903757061816832e-07,-1.43752855892357
e43d61c1336b3dd7,44c2a3bf9b5b,3,1,0,-2.25,primary:reversed,0.997822232626792,0.9910638507382936,0.7944908707944894,2.0503723024863638e-06,0.6912316528742035,4.934556479389976e-07,-1.221119183982727
1eacb59275f11d29,45333f3c52dc,3,1,1,0.75,primary:reversed,0.999141022636932,0.9966327525488824,0.6517994801838377,0.9999941761404332,0.9133455598302958,0.9999999812348068,0.7648857693260203
81c5f17b47ff7179,45333f3c52dc,3,0,0,-3.125,primary:reversed,0.0011790215626538,0.090613097780377,0.0672746794025241,2.42101062232526e-07,0.4150921320798564,5.055618045052232e-08,-1.4403780457688289
d1a48e3bfeaed7b1,45333f3c52dc,3,0,0,-4.0,primary:standard,0.0009281962832567,0.0002633339890447,0.3824442368732261,2.1836653039202377e-06,0.0434680254394675,3.8899942885495515e-08,-1.7930140984195564
ecf514eca924392b,45333f3c52dc,3,1,0,-3.25,primary:reversed,0.9984220768253196,0.9852367147072104,0.3630121568826509,1.4317496742182057e-08,0.5929965296406406,6.652812060310643e-09,-1.561731442164131
1e5735f5256baa20,4740beac2df9,3,1,1,0.125,primary:reversed,0.999218923107582,0.9802151286839246,0.4472486978824664,0.4309683324023102,0.789701548778474,0.7606599504109577,0.1266817613459552
e273b3bfb804bbfa,4740beac2df9,3,0,0,-1.8750001192092896,primary:standard,0.001069817370358,0.1143119970698885,0.3631966108101336,3.9626428562887065e-06,0.4352255948234259,1.0689132385220315e-08,-0.5890812778371566
f5ec5b7025ba5761,4740beac2df9,3,0,1,5.375,primary:standard,0.0039998854414399,0.5178190025549065,0.1681623801106846,1.0,0.8527928486306462,1.0,2.5163252296346497
fbe73a93e41f5084,4740beac2df9,3,1,0,-0.5,primary:standard,0.9984000819334355,0.9391717959735566,0.7728943552801778,0.123198760660657,0.6542609282197699,0.0093598707104684,0.6955858274193472
4b0b3dec9b12cc00,4775892f3335,4,0,0,-2.625,primary:reversed,0.0013594706504627,0.0808248616179687,0.051518677016739,1.8206114223950544e-06,0.3045780618923127,9.695219619948526e-07,-1.3921286247993798
50dba36ebb14bd5f,4775892f3335,4,1,0,-1.0,primary:reversed,0.9984761570302126,0.9693944190524584,0.5548023597943356,0.000281337609042,0.5847688687497965,0.0001844498524547,-0.4951698744558248
6a5a355f567cde1c,4775892f3335,4,0,0,-3.0,primary:reversed,0.0011468037636456,0.0031982020271803,0.1257759941188017,6.414813413477624e-06,0.2551817214792862,7.168019775939969e-06,-1.0888507647656835
6eaa3dd33cd9484b,4775892f3335,4,1,0,-2.625,primary:reversed,0.9983785681215736,0.9773029358338984,0.4209031817136574,6.119605447456497e-06,0.3546236192436864,4.882463132948777e-06,-1.1192391284630192
5ce19bc7a2538a96,499932b126ef,3,1,0,-2.375,primary:standard,0.9980549097069028,0.9438845521951692,0.7460426117471601,8.932106489341988e-06,0.3792004680271354,1.1584003032704229e-07,-1.01805905307942
6935ef95af133d4f,499932b126ef,3,1,0,-2.125,primary:reversed,0.9984448041506866,0.962501258576272,0.5088080235713474,1.578225853857363e-06,0.5049003908733485,8.401485893461408e-07,-1.5153044737512251
8f4b19414b27424c,499932b126ef,3,0,0,-5.0,primary:reversed,0.0010526957468786,0.0849702945951759,0.1150814670978975,1.4776191269931207e-05,0.2375251812331126,3.1650721054582657e-05,-1.7722035866228878
b9c16ec2af3211b5,499932b126ef,3,0,0,-4.25,primary:standard,0.0009087796775154,0.0050604085809002,0.2504926030596018,2.8682403838758674e-08,0.0925019151649267,4.755326547783053e-10,-1.946361018599163
14c3c4aa84749145,4fdbcddceaaf,3,0,0,-1.625,primary:standard,0.0012163166537901,0.0260451144289538,0.2228157448596413,6.656677045570635e-07,0.1940935944293215,6.433296672378333e-10,-0.8273664538934153
64e4fd0a8ea32876,4fdbcddceaaf,3,0,0,-1.5,primary:reversed,0.0012609436370869,0.4748278948955924,0.1345407505659157,0.0002248737452478,0.6421641104764784,4.437431468988274e-05,-0.7214308023778706
73ed63552d58bdac,4fdbcddceaaf,3,1,0,-0.75,primary:reversed,0.9985938260434458,0.9929082846451752,0.3966073991179867,0.0006932732018423,0.7367050555255498,0.0002976029047941,-0.4835189808467475
b76833f2507e7ed2,4fdbcddceaaf,3,1,0,-2.5,primary:reversed,0.9982046258258483,0.673281489991632,0.6182326104774293,4.672550410149188e-07,0.3277532204100769,3.3190986415514055e-08,-1.30524900637152
0f33a085289d2db2,5077ada3358c,3,0,0,-1.625,primary:standard,0.0009082546007107,0.05044005717628,0.5154282105715222,1.6293359604272539e-07,0.2690546628287611,6.395155498305962e-11,-0.4413157793348254
332439a4b3866e20,5077ada3358c,3,1,1,1.0,primary:reversed,0.9990035929165166,0.9112568135764132,0.7367788018562078,0.9999975279722736,0.8499820055821031,0.9999999936865354,0.2089441108289085
5d014f190376a663,5077ada3358c,3,0,0,-1.8749998807907104,primary:reversed,0.0011420394006092,0.0068123350813426,0.1023504672276428,5.854102663204693e-07,0.16741130249525,8.074036894944736e-07,-1.616774522679619
5e5c2de9f8826dd4,5077ada3358c,3,1,0,-0.9999999403953552,primary:reversed,0.9984181608803172,0.9086690987527772,0.5085542047406081,3.819089323935896e-06,0.3215590995307454,2.493385797508283e-07,-0.4335219980241018
c092264ca865d952,508180109679,1,1,1,0.9999999403953552,primary:standard,0.9991851994175964,0.9977444756180988,0.6581089039894886,0.9984440356203674,0.8527733358102894,0.9986883549447882,1.4194753718458375
c8f2419d67f39518,508180109679,1,0,0,-3.75,primary:standard,0.0009770011166995,0.1303524660229515,0.2382662614905086,4.460322455436037e-06,0.609224132436367,3.80336260958248e-06,-1.237841475405009
ca2edc2d57821e19,508180109679,1,0,0,-1.8749998807907104,primary:standard,0.0011517373863168,0.1227012041549989,0.1763892693090672,2.9607608716022384e-06,0.4898621184286874,2.628429527500815e-06,-0.8057451198422467
cfe1c9c12e7fdcd4,508180109679,1,1,0,-1.5,primary:reversed,0.9986690089804204,0.9960571523357844,0.2348462771253828,7.623368889606072e-05,0.7636621892393429,7.427137400371306e-05,-1.0678976592443394
4720981bdd80b594,51e790c22d59,1,1,1,3.375,primary:standard,0.999046963233926,0.953162943963922,0.9308302833580732,0.9999999881703469,0.7093928340528985,0.9999999918385146,2.6043249468960736
781dfeec3cf7dfbe,51e790c22d59,1,0,0,-4.375,primary:standard,0.000666512013924,3.108071314736128e-05,0.6109274402209018,1.1785604568182076e-08,0.0139213696361118,1.005274213566835e-08,-1.640528170900863
78e0c3ee8785cb9c,51e790c22d59,1,1,0,-3.0,primary:standard,0.9976959679418012,0.9519830538480278,0.8477757651993149,0.0013192989325096,0.6489448385264525,0.0011688706169274,-0.3988137623810912
e6902c2149e9aeb3,51e790c22d59,1,0,0,-4.5,primary:standard,0.0007501510879547,0.000478846339335,0.438622850078572,2.7873507205704536e-08,0.0742781200046976,2.1535149426012076e-08,-1.7809866618882686
1326e77b870513fa,52c92fe42219,4,1,0,-2.25,primary:reversed,0.9984744507651095,0.995426866412386,0.373535005080118,5.732796501716e-08,0.5765998134043423,3.6400190873052194e-08,-1.1651341213106656
d076d9d8362fa698,52c92fe42219,4,0,0,-1.8749998807907104,primary:reversed,0.0015078044816764,0.0003642428944041,0.048668684511106,4.4568680455126753e-07,0.2109277116074227,1.984334486152877e-07,-1.2117935136479248
d2b8cf8ee57bba87,52c92fe42219,4,1,1,2.0,primary:reversed,0.9994127008446856,0.9032691397212598,0.4676493434758447,0.9999999999963384,0.8585686236961715,0.9999999999979814,1.0432028429345652
da50e7d4bae64e90,52c92fe42219,4,0,0,-4.125,primary:standard,0.0008692453769615,0.2227986659916877,0.2758761570962108,3.594843878770236e-07,0.3960090820651331,4.6368734977469147e-07,-1.5374655323944355
1da9054720d516ed,5559fc6fc893,4,1,0,-3.125,primary:standard,0.9976890409170944,0.4037117470932428,0.7815067067695151,6.89986872894132e-08,0.2987395763466855,5.684688190726515e-08,-1.3344992435732612
7a40f5ffcca5ab24,5559fc6fc893,4,1,1,6.125,primary:standard,0.9994806530012468,0.9836978577440522,0.7705767565120446,1.0,0.8602869520073337,1.0,2.5964267362397764
cee89eb8ee52f6f7,5559fc6fc893,4,0,1,3.0,primary:standard,0.0027809603200632,0.0069846179180453,0.3694139412072387,1.0,0.79737084950187,1.0,2.14877969170844
ed75293c583cd810,5559fc6fc893,4,0,0,-2.5,primary:reversed,0.0012004971258872,0.0019149137309144,0.0713131508290712,2.1122800334949133e-07,0.3166473643537499,1.1721509547358005e-07,-1.4085024081069846
b1f1691a79a2a312,5877a571834a,2,1,0,-1.75,primary:standard,0.9981976627908974,0.9834369216698624,0.7094674947212357,0.0003904590416624,0.6862046555103473,0.0003993665379273,-0.4582533187428081
c3390d1fe7adfeb2,5877a571834a,2,1,1,2.875,primary:standard,0.99938027239201,0.9999363238849842,0.6532997789572994,0.9999995848696368,0.9817920014310424,0.9999996078349794,2.421567750940457
c81aceb410682545,5877a571834a,2,0,0,-1.875,primary:standard,0.0010884402880415,0.0044072203891446,0.2832899872563347,0.0751650182705229,0.1871763993803511,0.0870192664811008,-0.0899166593430562
d5a937aa707cbbba,5877a571834a,2,0,0,-4.125,primary:standard,0.0011221686682688,2.625901772091136e-05,0.1291747267645621,9.881279482099422e-09,0.0037380203656248,1.0791682510797329e-08,-1.6685905837862025
02a83de7aa948680,59ab64774169,1,1,1,3.25,primary:standard,0.9992587999041904,0.9987841798198992,0.7655328763632999,0.9999999976843535,0.8986870489193894,0.9999999983851068,2.4111129570044385
3c6afb4efd26adbf,59ab64774169,1,1,0,-1.25,primary:reversed,0.9981806892907544,0.9812884399750732,0.8150720001037652,0.0001914551586395,0.7619804718335229,0.0002212478858308,-1.0399719108634675
8aaf3a5e74c87147,59ab64774169,1,0,0,-5.0,primary:standard,0.0006466410151769,0.0001062104247919,0.5284192006914148,1.0596093974941168e-09,0.0271030155586201,8.910337733472956e-10,-2.0532013334953527
c36e0cb057441f19,59ab64774169,1,0,0,-3.0,primary:reversed,0.0011742275667924,0.0028712699339448,0.1737114010780914,4.123804562379554e-07,0.1730235069101693,4.103162868635904e-07,-1.5818828539445913
05c925bb354239fc,5c0bf6cfe59e,2,0,0,-2.625,primary:reversed,0.0015975006261964,0.0001967222177727,0.0227341149954285,1.998043190372209e-06,0.0296234328755473,1.8899666610426888e-06,-1.5436964648599665
281a1a7178d24329,5c0bf6cfe59e,2,0,0,-6.5,primary:reversed,0.0008969080459388,0.0115844237293159,0.1443173771955921,2.8364573352553404e-06,0.2545861143499634,2.553609970324849e-06,-1.703396538496075
3165460eb106fac3,5c0bf6cfe59e,2,1,0,-5.25,primary:standard,0.9980621128319568,0.9457633728962728,0.5104512325570538,3.139935181904487e-08,0.4514298958310837,3.656996573696733e-08,-1.9712772882677965
f0826db4e8b66b6b,5c0bf6cfe59e,2,1,0,-4.5,primary:reversed,0.998092660471912,0.8983649229650157,0.4527944021661264,4.048337306373305e-08,0.3461317018340082,3.237763311192159e-08,-1.7774634809114231
0bfe3298680d2297,5e0291b4a26b,4,1,0,-0.75,primary:reversed,0.9985921879814466,0.6790846185665909,0.5604947831221101,0.0014441252477052,0.4834838269581186,0.0006872132294467,-0.5112796478902455
1239b5c3379b2570,5e0291b4a26b,4,0,1,0.375,primary:reversed,0.0026111059726828,0.0042596676329125,0.2395121968873164,0.9963187084880946,0.5618553840312944,0.9961334552043016,-0.1876225995986211
8830db8083a0356d,5e0291b4a26b,4,0,0,-1.125,primary:reversed,0.0017988322010157,0.0015821251379485,0.0560616781243131,0.0006535384977988,0.3729124762180676,0.0003051391428676,-0.9627143410973976
df2e4d752fe2d315,5e0291b4a26b,4,1,1,1.75,primary:standard,0.9992758942275188,0.7845771770579889,0.862400196924372,0.9999999997623928,0.6263870467552782,0.9999999998497628,1.3860842967325802
71302aa94208e007,5f7967356dc6,3,1,0,-0.375,primary:reversed,0.998235043745474,0.7225824031891299,0.7451656783481756,0.5962381235398417,0.3421712286509969,0.388155295997673,-0.4939174424727146
8d9273f8a3cc9eb6,5f7967356dc6,3,0,0,-0.375,primary:reversed,0.0012373852191506,0.0626819455496967,0.1843845840311147,0.0005231257173213,0.3551300015907142,7.271554710200053e-05,-1.0062906464271582
9babd4de907b8992,5f7967356dc6,3,1,1,0.375,primary:reversed,0.9991793409667749,0.9698977601281455,0.4665879748467747,0.9859891300741777,0.6893795248235365,0.9930631471140294,-0.087407575490535
c9e081a555217914,5f7967356dc6,3,0,0,-0.25,primary:reversed,0.0013325413827491,0.2154489029381597,0.1391186608119698,0.0026909868705304,0.5344453285033357,0.0002843848156926,-0.4574546277620164
533b833c15e0e525,5ffc8594267a,0,1,0,-0.375,primary:reversed,0.9986155585064972,0.999893952803126,0.3441608324850683,0.0496556131643037,0.9712216111908892,0.0526572018558719,-0.293873645809144
67c5b6643dcefd07,5ffc8594267a,0,0,0,-5.0,primary:reversed,0.0011304007295721,0.0002095963988707,0.0211525207977248,2.0463752148788877e-07,0.040163454319801,2.747767737342293e-07,-1.8143314439206728
9d25d9a869afce81,5ffc8594267a,0,1,0,-1.75,primary:standard,0.9981448355421784,0.971150298923116,0.6979722737216337,0.0001648855052426,0.7200837746400397,0.000177826583415,-0.5816461310624668
b6ccb8f0d86c4102,5ffc8594267a,0,0,0,-3.25,primary:reversed,0.0012546154771322,0.5420183587957935,0.1107207587684859,1.060297739450846e-05,0.9390407051955908,1.2931522152523747e-05,-1.155440997859638
0f3ac9fab6c1b52b,622b44bd3782,0,1,0,-3.25,primary:reversed,0.9985845868996034,0.979836577614607,0.1600338879027628,0.0284344634426887,0.4439342106131907,0.0335335417544421,-1.2704704609969495
195cbd237287db88,622b44bd3782,0,1,1,4.375,primary:reversed,0.999520757970634,0.9999594756262298,0.5433132954646515,0.9999999999991194,0.997282259137646,0.9999999999993994,1.855388999743321
2b783e977360c3c7,622b44bd3782,0,0,0,-5.0,primary:standard,0.0008022501545623,0.0017076166882078,0.3402873308187706,3.621762474992495e-05,0.1251218201724788,4.076901130273558e-05,-1.6141549600587703
678a6d4fa4d817f5,622b44bd3782,0,0,1,1.0,primary:standard,0.0033343227473848,0.0139986267108529,0.0615398301792159,0.999789134142673,0.4519255702500915,0.9998587009220172,1.7627821967379969
126391590c955ec5,62903863ec3f,3,1,0,-2.25,primary:reversed,0.998705913681124,0.7828478486348234,0.2928957436554375,0.0032806459937223,0.4808914757636279,0.0005284940131193,-0.7076640474244091
811b4672e70cd051,62903863ec3f,3,0,0,-1.0,primary:standard,0.001234237916764,0.1062487733730232,0.3475535004227206,0.0468967165843475,0.5606237564343451,0.0284886789313655,0.634923934218095
a7c3725bf1a4a170,62903863ec3f,3,1,1,2.375,primary:standard,0.9990200501166968,0.9909443060083712,0.9208833400318608,0.9999999999452333,0.8754840722393527,1.0,2.370313601450035
d7a98b716d3b7b4e,62903863ec3f,3,0,0,-5.125,primary:standard,0.0008234973688814,0.0067178891736564,0.2748210067631423,2.192642799115368e-05,0.1181566040234388,6.221990070205645e-07,-1.8598945536358111
3073dcc318c4ca84,638b0d9da530,2,0,0,-3.0,primary:standard,0.0008065640086399,6.292843816658918e-05,0.5580807745082239,5.2579888125764907e-08,0.020315894974127,5.258040413051658e-08,-1.3277768620665684
3a6b3d40ef1ef732,638b0d9da530,2,1,0,-0.25,primary:reversed,0.9981134511252084,0.997425589568279,0.7982746790776619,0.0175438097591388,0.8634733702350317,0.0163440727867929,0.0386950933668477
9b1c3012e9c63b9a,638b0d9da530,2,1,0,-5.0,primary:reversed,0.9978664772365295,0.0138237270551001,0.5546506931304223,1.1158770859071087e-06,0.0070323908750191,1.1466362369906162e-06,-1.8499378413711027
a7a681adf60286c9,638b0d9da530,2,0,0,-3.75,primary:standard,0.0008746984854189,0.0008692137601221,0.2807993661602341,7.436944356261614e-09,0.0242081747778364,1.0467154918332971e-08,-1.756946496508577
23c95614c44912f1,65cde817fb8f,1,1,0,-0.25,primary:reversed,0.9987049954289602,0.999732959065739,0.3367259451989726,0.0959373553026813,0.9539154091854584,0.0998624470381235,-0.3331833930987855
272027393a7123ea,65cde817fb8f,1,0,0,-1.5,primary:reversed,0.0015177541889183,0.0388085359869745,0.0377671617158266,0.0002851565668582,0.3253134712710172,0.0002976767920764,-1.0218388344645186
6a28850cfbc372f9,65cde817fb8f,1,0,0,-0.8749999403953552,primary:reversed,0.0012437452269349,0.0237091840577666,0.309008353064779,0.0003853393758384,0.4621204473708416,0.0003905934094048,-0.7415981309392259
c9c18c6f3d98f77f,65cde817fb8f,1,1,1,6.125,primary:standard,0.999398878915092,0.9965792442283428,0.8497103346660798,0.9999999990895444,0.7774953141387864,0.9999999993676844,2.2723968054256725
0ead1aebee9d98b6,663ca6e15948,0,1,0,-1.25,primary:reversed,0.9987937837601952,0.2669980263258446,0.1703500057306869,6.906658262325097e-05,0.1350871590812101,6.631444053154332e-05,-1.020794822114044
48561ac0af001646,663ca6e15948,0,1,1,1.375,primary:standard,0.9993630655981846,0.9999982819809694,0.3738554855044145,0.9999996872776264,0.998069114676977,0.9999997248560348,2.5700962269695653
717e14f4be3cd587,663ca6e15948,0,0,0,-4.25,primary:standard,0.0009971968284491,0.0078244363554956,0.1131814665721962,3.1319274826517504e-08,0.1738201025225189,3.552976359495276e-08,-1.3083325586233143
ed4633476338a79e,663ca6e15948,0,0,0,-1.75,primary:reversed,0.001872716329916,0.0061323338568767,0.00859263014574,5.863544905741428e-05,0.2561444422358465,6.959137744261393e-05,-1.3470110069381818
137519d9bfdee345,67777e744c13,1,1,0,-1.625,primary:reversed,0.9986279221373676,0.9694481285385922,0.3581333041664611,1.895929050393548e-06,0.5946201669270552,1.869722783205492e-06,-1.279352047159148
1d343d57c9219052,67777e744c13,1,0,0,-4.0,primary:reversed,0.0013225096505753,0.0001473445248505,0.029247702702384,1.2541300162297726e-07,0.0316171672444767,1.304429143867723e-07,-1.8801934465385308
8e10dae12ee758ac,67777e744c13,1,0,0,-4.25,primary:reversed,0.0012112695248775,0.0849635363970042,0.0639290554412281,2.4006463485702987e-06,0.4081214623658739,2.1093301227590754e-06,-1.7895913429920984
babd188bf16b33f9,67777e744c13,1,1,0,-4.625,primary:standard,0.9980123736286798,0.2121463745456545,0.3761963935405889,9.6393569894619e-10,0.0589891025903981,7.47851569689323e-10,-1.972900268407563
8f8463a198538c6e,68eda3326b3c,4,0,0,-0.375,primary:standard,0.001184298682012,0.0060346618721518,0.2633011442650529,0.0020628732000569,0.3698721068348274,0.0028895141409991,0.2800378146032063
91ffe57821f33318,68eda3326b3c,4,0,1,0.375,primary:standard,0.0025255142029221,0.1022251997724704,0.2692632726652745,0.901468386159967,0.7130692992256783,0.956624128443177,1.1097771601425404
e2ec2dd172dc6ec6,68eda3326b3c,4,1,1,5.875,primary:standard,0.9993576956608584,0.9989932016992,0.8768560716209546,1.0,0.8511353971475584,1.0,2.7443263122289223
f88d4d8314780b1c,68eda3326b3c,4,1,0,-0.125,primary:reversed,0.998770056576453,0.9985069720764304,0.3676804669578808,0.1240943689428963,0.7390366353779311,0.0978685596134051,-0.3939600088098798
4fcc127d57f76c8f,6bb9730ff8ce,1,1,1,3.75,primary:standard,0.9990933888936504,0.9999654608846344,0.9235070017507898,0.999999870688154,0.9824738172313732,0.9999999017293804,2.343956057619184
7c6faeb00138290d,6bb9730ff8ce,1,0,0,-1.0,primary:standard,0.0009192443026443,0.0183361701524195,0.5858381156668343,0.0003746212957613,0.3654344380356901,0.0003796461551881,-0.2031405061745812
cb8f5634f142ce3d,6bb9730ff8ce,1,1,1,2.75,primary:standard,0.9991678528872906,0.9995555244826008,0.7940931296096233,0.9999999598064412,0.9617469834001604,0.9999999706292784,2.160563420881588
ef52f4c6227f8a54,6bb9730ff8ce,1,0,0,-3.0,primary:standard,0.0008494049001281,0.0006631592609517,0.3501575716757683,1.9106042150554845e-08,0.0724477825301097,1.5266311221275938e-08,-1.43561557504869
0a9e7c23ad9fe3bb,6c22db837d6a,0,1,1,3.875,primary:standard,0.9993817395050122,0.9999493576398014,0.6429943614603071,0.9999997736349352,0.9829331448053804,0.999999798985764,2.48832757964594
a255ecab6b162e79,6c22db837d6a,0,1,0,-1.25,primary:standard,0.9976995530427206,0.1728054304321202,0.9227749635537822,0.0029159375569791,0.0355904738402172,0.0024291342039519,0.4204252711904503
b77d135045c96bf8,6c22db837d6a,0,0,0,-2.0,primary:reversed,0.0012075909049037,0.0005731040908925,0.1303164451732062,1.0124674863769109e-06,0.0472207446768513,1.026723813783926e-06,-1.075086407258881
c4270c869e26056d,6c22db837d6a,0,0,1,0.75,primary:reversed,0.0032085195487189,0.7604057374107405,0.0726603705362267,0.999401370865433,0.9530692300130884,0.9994616530305968,0.4339065772865984
2355d364cf755ea3,6db8d2ba4a71,4,0,0,-2.5,primary:standard,0.0010753313324356,0.0001029938071452,0.2090202785497977,0.0001951576181375,0.1060800080719364,0.0002510396231445,-0.9990996567394514
49080309b89f66e6,6db8d2ba4a71,4,0,0,-3.999999761581421,primary:reversed,0.0013770637469571,0.0011745795130126,0.0549114084952286,0.0002062302171561,0.1428669641231781,8.82265158218996e-05,-1.4411530143954652
9fe6f8962dab9d17,6db8d2ba4a71,4,1,1,0.375,primary:reversed,0.9993299167994584,0.6802567374069488,0.6861747585637266,0.9999643625388522,0.6155943739653424,0.9999690936338216,-0.0350780209649181
ddad390db9dcce5e,6db8d2ba4a71,4,1,0,-3.375,primary:reversed,0.9985534108702968,0.9995046246476256,0.1808436986013334,3.845136077920687e-07,0.5138225167621193,2.6977104124327213e-07,-1.5004949773322471
14925822fd522714,6f496dd18524,2,1,0,-5.0,primary:standard,0.9969427703377792,0.8342017860204562,0.8750631225689768,1.3277701527107796e-08,0.1704663609541967,1.4612283795912929e-08,-2.0686450238556024
3b99bcec59f7dfbd,6f496dd18524,2,1,1,0.75,primary:standard,0.9991640245788662,0.9907358198890944,0.7815459313335045,0.9912428169042858,0.6498252558143531,0.991625360312388,1.329591576940769
8a71aef06349948a,6f496dd18524,2,0,0,-2.25,primary:reversed,0.0010777672738522,0.0086937133844722,0.2237087157307477,1.5148741811848558e-07,0.238011950158599,1.3005680911271934e-07,-1.4643424970104997
cf177d613db368e1,6f496dd18524,2,0,0,-7.875,primary:reversed,0.0007401079899908,0.0174375695435259,0.1236637480313543,0.0035298674135851,0.1356950524720982,0.0035721063456767,-1.2560588985117174
82252e95660f0237,7232a03c0414,2,1,1,4.625,primary:standard,0.9992356869996606,0.992060643150396,0.8737435875022878,0.999999997377926,0.887046099839181,0.9999999967158322,2.56096127330427
96bd9176532c9557,7232a03c0414,2,0,0,-1.125,primary:reversed,0.0012980669044544,0.1224443108577645,0.0946817058019053,0.000697341418658,0.6994139407673098,0.0005962745608993,-0.6104327246550708
cab5a27304857ba1,7232a03c0414,2,0,0,-6.0,primary:standard,0.0006969919078044,1.301462203708363e-05,0.3890045434552545,1.2743049076684682e-09,0.0041832338447339,1.4705973568938664e-09,-2.3621201159759457
f452d56f41d2b092,7232a03c0414,2,1,1,5.0,primary:standard,0.9994065674830838,0.9995216521844636,0.6790621060109167,0.9999999988206176,0.9570764097624452,0.9999999988755756,2.401882769930751
1f2c7d6c565ddf68,7318a5922efe,2,0,0,-1.875,primary:standard,0.0011803895400152,0.0002091986734687,0.2128091944368302,6.984151485747254e-07,0.0411474795617586,7.88445568192841e-07,-0.7916442415383784
7f59b51470bcc3f7,7318a5922efe,2,0,0,-3.5,primary:reversed,0.0009785134562455,0.0005470608139699,0.1982786490187614,3.64576070449853e-05,0.1128197289505844,3.581730432648303e-05,-1.4570336068585463
adf26dbe29a47f30,7318a5922efe,2,1,0,-0.6249999403953552,primary:reversed,0.998693702238074,0.9277019816240956,0.3833968983479114,0.0073370434963457,0.6781082242975606,0.0067109710143463,-0.3411176343542816
c4b3be402a15155a,7318a5922efe,2,1,0,-2.125,primary:reversed,0.9979953707845772,0.9945936621738845,0.750726732609246,4.348676779781568e-06,0.7764930362343468,3.850142586468716e-06,-1.3748926126424492
5b39d44bbeb1e56c,737c2fe51f4f,3,1,1,2.125,primary:reversed,0.9992595321109704,0.9889014183574524,0.6977160073303994,0.9999999999872864,0.9382794498487296,0.9999999999999984,1.3956816464412365
a4aaeb5820248088,737c2fe51f4f,3,0,0,-0.7499999403953552,primary:reversed,0.0013845018608332,0.0903162955907401,0.0975481396329844,0.0177174848840827,0.6155666070781397,0.0142957658123189,-0.1512912125676622
b833003106435695,737c2fe51f4f,3,1,0,-3.375,primary:reversed,0.998419581705744,0.971305519750568,0.1724663979546871,3.861669132158799e-06,0.5943411469350746,2.2061026644965856e-06,-1.281412667612321
de57076d4ff102a7,737c2fe51f4f,3,0,0,-5.125,primary:standard,0.0009154274851785,0.3330243671994295,0.1570702758560806,3.995182931139424e-06,0.4283190429870567,8.81802389494309e-07,-1.9244347468332568
4108b6ffd0e8f358,7fc74b77564e,3,1,0,-3.0,primary:reversed,0.9982914870032122,0.8959570843378126,0.329848929952126,2.458595509415381e-07,0.4635631218754027,9.45091278224324e-08,-1.5341865282202436
5bc7058cffaf432a,7fc74b77564e,3,0,0,-7.25,primary:standard,0.0006977771694932,0.0051765686046374,0.3807528306656192,2.2104338772290458e-06,0.1228585117451083,3.3435633701408334e-07,-1.996426253065948
7eb72542912561ff,7fc74b77564e,3,1,0,-3.5,primary:reversed,0.998303044085985,0.9749045997809168,0.4116856856359994,1.239118780676351e-05,0.4493926652844041,1.2506946873127263e-06,-1.1433842586725835
d5f3c9e096ad00b4,7fc74b77564e,3,0,0,-4.5,primary:standard,0.0010552212312157,0.3252277999069868,0.0643360333208798,7.508008748884523e-07,0.3518402037253892,6.792776564410015e-08,-1.5840226449055843
546b60891856cf37,832fedab88df,3,1,1,0.875,primary:standard,0.999159228966676,0.8142974133552748,0.8180047204689354,0.9982379383844264,0.7106014418867416,0.9999965890798704,1.7648166827391427
7ac17fc7ecdcdb7c,832fedab88df,3,0,0,-8.75,primary:standard,0.0006762820196832,0.0038260642356671,0.2671605137569758,1.8121114991850416e-06,0.0817529456303498,5.9190011453901e-07,-2.37366808491786
b1e7d12a0705770b,832fedab88df,3,1,0,-5.125,primary:reversed,0.9980487426445694,0.902152814685826,0.2350782783851232,1.0955168923535215e-07,0.3583609857476476,2.2499219030196125e-08,-1.859968621079996
e56c2a60b615f991,832fedab88df,3,0,0,-2.25,primary:standard,0.0011122484105814,0.0033915624445087,0.1369273849952314,7.33396952175763e-10,0.2103958917397608,1.8131143054533164e-12,-0.9285994391454286
2274c1abc8089826,85be8d41d913,0,1,1,8.125,primary:standard,0.9994089550347444,0.9999301706373356,0.914698754150244,0.999999999917651,0.9826583387168256,0.9999999999506868,2.8025773046335365
49d87d0185dab3af,85be8d41d913,0,1,0,-4.75,primary:standard,0.9977756429015386,0.9344746331846638,0.6881175664765483,2.2599939086765037e-08,0.435163697474327,3.152857608991158e-08,-1.7727297464674845
600e5f5032de8438,85be8d41d913,0,0,0,-6.875,primary:reversed,0.0007768088763562,4.842434486356231e-05,0.2710945253157953,3.899306027742194e-07,0.0292248041387751,5.157977441818802e-07,-1.4636987885582835
ef7d226bc48ea18a,85be8d41d913,0,0,0,-2.625,primary:standard,0.0011230884845649,0.0008943435063866,0.1236776808410259,1.206961022618796e-05,0.0957697858202762,1.8380586535406304e-05,-1.0099017090616682
ba50d081d801470e,8727d613ce78,2,1,0,-5.75,primary:standard,0.9972675058828414,0.9878309956618438,0.7840528498312913,7.293566673108986e-10,0.5692744152746712,9.782883347954846e-10,-2.002215410557296
c0d2fa7d6bfc65d8,8727d613ce78,2,1,1,0.75,primary:standard,0.9991252560210744,0.99979415397579,0.7266841406152565,0.999927544358799,0.9582721978148356,0.9999371797422032,1.8212495011198504
cf8db4b66cbcac3f,8727d613ce78,2,0,0,-5.625,primary:standard,0.0008345294615365,0.0014996313282333,0.1724097584822256,9.162982756200215e-10,0.0961911739972898,1.384865254344691e-09,-2.038285334993045
fab84eee27802b72,8727d613ce78,2,0,0,-4.5,primary:reversed,0.0009319921757337,0.0004476849262112,0.1740415175239134,2.0341688402437272e-05,0.1034069594651385,2.0824839502679303e-05,-1.4010893658189154
214e524902e26e27,87d5ed23661d,3,0,0,-3.0,primary:reversed,0.0014628551670255,0.0190650057174669,0.0483661265187116,5.648104291599172e-07,0.4254638050468698,1.5972951982886392e-07,-1.35478718231861
2b6d970ce17e9385,87d5ed23661d,3,0,0,-1.5,primary:reversed,0.0013491107706037,0.0142167150712801,0.0836558845048971,1.503003676274289e-06,0.4370130242592445,1.0951384528652477e-07,-0.8529642453571187
b969333994aff2d6,87d5ed23661d,3,1,1,4.625,primary:standard,0.9994060283162745,0.9964645068502236,0.7670057038627887,0.9999999999999968,0.913367741635399,1.0,2.649612020573298
be7c5e8307a4aa98,87d5ed23661d,3,1,1,0.75,primary:standard,0.9993135340843164,0.9967517010710968,0.4588994470559949,0.9370442058241328,0.9222505773391142,0.9974098733815718,1.3094287854259314
3c917c6f0740243b,8a66018e75b5,4,0,0,-8.5,primary:reversed,0.0008335851813691,0.0018645829751368,0.1013439229877081,1.718497413521208e-06,0.2321193904392733,1.705378804775759e-06,-1.610309193528762
5169b78ecaa23ef4,8a66018e75b5,4,1,0,-5.125,primary:reversed,0.9981085431957308,0.9994216280731836,0.6008414065004481,9.170244495549265e-08,0.5782582799528208,1.183620773404579e-07,-1.5063366363417583
593455f72bafa27c,8a66018e75b5,4,0,0,-1.125,primary:reversed,0.0015238993391238,0.0760461235445691,0.061288259315559,3.3487532798934068e-06,0.3950881261755356,1.7426412299557577e-06,-0.8323485998054447
e89802ebf191f93f,8a66018e75b5,4,1,1,4.625,primary:standard,0.999424108051342,0.9998020010899538,0.6763901694227276,1.0,0.7478614703324724,1.0,2.393533619226625
2377ec0f5c85d247,8d91bb644137,0,0,0,-4.125,primary:reversed,0.0012324193538511,0.001652347254028,0.0712481023107581,7.496791634704875e-06,0.1107303020754586,9.27014907555088e-06,-1.4635973154027648
4c71ef2467b153ec,8d91bb644137,0,1,1,6.0,primary:standard,0.9993331975765763,0.995766477693772,0.911855785023974,0.9999999983992858,0.8899175085499329,0.99999999880727,2.6459733100400005
9727f29fc0a99860,8d91bb644137,0,1,0,-2.375,primary:standard,0.9977827060454144,0.8036543520265594,0.8785545626957593,8.090110701877812e-06,0.1867892006929646,8.010331684960789e-06,-0.7471923281559327
da7939d4798b6649,8d91bb644137,0,0,0,0.0,primary:reversed,0.0011695304067608,0.0187486058339805,0.3473428571903048,0.3854527566924722,0.3472848562804811,0.4170462554613351,-0.208147403038466
1ec4184964fda718,8ef83b6e21b4,3,1,1,0.75,primary:standard,0.9991416569077792,0.9810658971203948,0.8461282831431226,0.999930280612684,0.7880726531166125,0.9999999568652896,1.5405628600158132
5f0f9db632cee312,8ef83b6e21b4,3,1,1,2.625,primary:reversed,0.9993358736078848,0.9924573558126436,0.6331654714399332,0.9999999999999996,0.952782573728556,1.0,1.448130481408067
61bdbaab34c15058,8ef83b6e21b4,3,0,0,-3.625,primary:reversed,0.0012520856817409,0.0124367486890758,0.1043520707346635,6.179892736922232e-06,0.1793098345021544,1.0551014738975686e-06,-1.4270086660331551
b3d32fd4c5694e93,8ef83b6e21b4,3,0,0,-1.75,primary:reversed,0.0010908035124392,0.0016839505036144,0.2841270909035458,3.8359569349104333e-07,0.1225884213615261,1.4410365725274267e-08,-1.364377860261495
3a5b1a50e31baea9,90522fe1f8dd,4,0,1,2.375,primary:standard,0.0031226828708542,0.000147194476484,0.1432005128518431,0.9950681230602616,0.1442237842482939,0.9973656017213552,0.7863361721613922
3cc8c62b71e76ec9,90522fe1f8dd,4,1,0,-1.25,primary:reversed,0.9983166887174916,0.998410363596554,0.5522527027023754,3.1093167708070306e-05,0.728767207476913,1.5448464451459367e-05,-0.6277354320851956
650ed020d7bd6a86,90522fe1f8dd,4,1,1,0.25,primary:reversed,0.9993318073461038,0.8213003775602031,0.3138414153203587,0.8361459662300611,0.553875058876831,0.8006577030691768,-0.1632400036035888
a3a98e90462487ef,90522fe1f8dd,4,0,0,-3.0,primary:reversed,0.0010787945921275,0.1348358749370366,0.096953810632018,7.93476208296999e-09,0.3909758006281194,4.504829520277106e-09,-1.5992242629979008
0616b974433182fc,918093301aef,2,0,1,2.5,primary:standard,0.0022070150098217,0.021113426742205,0.5320497086895942,0.9999604161582084,0.3621985457164372,0.9999611490896744,1.7448997822315415
8ee3e394c960ce51,918093301aef,2,0,0,-5.625,primary:standard,0.0008487724094804,0.0080988439188579,0.0976217205208234,1.084972030792221e-07,0.2348956227971749,1.584234842780342e-07,-1.5271604173617646
c48a0dbf1e94a419,918093301aef,2,1,1,6.25,primary:reversed,0.999382564919382,0.9999133308100968,0.7987498721533366,0.9999999999999892,0.9836333893429716,0.9999999999999942,2.2192840222559806
dad207b504379574,918093301aef,2,1,0,-2.875,primary:reversed,0.9983465991774731,0.9539804724744558,0.236510004607001,0.0001181040675966,0.6082064219397058,9.603112026226242e-05,-0.6896627355725544
6091681f8bc18631,91aad4caf206,3,0,0,-2.875,primary:reversed,0.0010845144639015,0.0179054545836162,0.1252796672695639,6.1859351126751545e-06,0.3235640143605583,1.9285354222210576e-06,-1.3638465152188295
a68741c8ed42e6fa,91aad4caf206,3,1,1,2.625,primary:standard,0.9992578201557478,0.9867371730914268,0.7583631098605147,0.9999999998587176,0.8656539360373359,1.0,1.9334712943187709
d85f3f84b662dfa3,91aad4caf206,3,1,0,-4.25,primary:reversed,0.997902277153066,0.8221286610905271,0.465972645792782,2.275700701249381e-07,0.3872915732943079,7.441132572143132e-08,-1.845957513717776
ecdc74195fde2e53,91aad4caf206,3,0,0,-4.5,primary:reversed,0.001034503118558,0.0137956544210743,0.0852183263000126,3.362949711206217e-07,0.222196440657125,8.130651566132284e-08,-1.8784153904555128
2526591c68e601c6,926dacce2e7d,0,0,0,-3.625,primary:standard,0.0009513144124636,0.0005260658738907,0.1587274105310304,1.527331421667385e-07,0.1037421707113215,1.8991013542046241e-07,-1.2282170003640838
620b0ef5b6e59063,926dacce2e7d,0,0,0,-6.0,primary:standard,0.001019308214945,6.427207248490146e-05,0.0295218136650537,1.5097642414584242e-08,0.0253123227722465,1.9126170913226898e-08,-2.0326903351204435
8fd0449061872933,926dacce2e7d,0,1,0,-0.75,primary:standard,0.998307439999934,0.631345513646114,0.6104368763698611,0.026750933168643,0.2328186821614256,0.0278461380422881,0.4246166600154448
c410bd0687e02c23,926dacce2e7d,0,1,0,-2.5,primary:reversed,0.9987756898420752,0.998066204332192,0.1150624746535964,3.319740094786476e-06,0.888751623473097,3.2129024663589955e-06,-1.179973557428247
038dfd1e4c9a0918,94ae49c62885,0,0,0,-1.25,primary:standard,0.0011094455260692,4.8196599494729775e-05,0.2915642224199561,0.0001270619144471,0.0113345126552644,0.0001484829157162,-0.3706776735880206
8c890c2ef83c7de1,94ae49c62885,0,1,0,-2.125,primary:standard,0.9981437349728418,0.9997852783791042,0.6889908178975104,9.702694568098169e-07,0.9250654167353732,1.1495646548014794e-06,-0.8622913447285607
a690da8ea8439591,94ae49c62885,0,1,1,1.875,primary:reversed,0.9993275903911916,0.9892594112381172,0.7792116112619103,0.9999999464210204,0.9301047974527998,0.9999999522377722,1.1862502707617524
b64ab0ec86e685af,94ae49c62885,0,0,0,-6.125,primary:standard,0.0007474148816743,0.0216414642971909,0.410750760778284,2.720289958173423e-08,0.1891869601629173,3.844032661924828e-08,-2.094693497614055
206fc5b851e2938b,9aa417751887,1,0,0,-0.125,primary:standard,0.0010245595640106,0.0005329157675044,0.6155053895052826,0.0003601517951869,0.0340433100009888,0.0003209560991851,-0.3016014219069145
c846cf4a636504ed,9aa417751887,1,1,0,-0.5,primary:reversed,0.9985361033449744,0.923371850040281,0.6261267247316329,0.019892898565244,0.4884945671824177,0.0183972092603333,-0.6860873595706218
cdbe22f0c442483d,9aa417751887,1,1,1,0.4999999701976776,primary:standard,0.9989784550852784,0.9999812593984164,0.8418570794354291,0.9688674928271253,0.9911625184127344,0.97121280950629,1.3682862524796953
e386a64afef89b06,9aa417751887,1,0,0,-1.125,primary:standard,0.0012408087003263,0.8474249766269993,0.1961692363991648,0.0004685831809957,0.9589840825999438,0.0004479562022656,0.1722745855570746
1fba9196afdf7b1c,9bbc802f386b,4,1,1,0.25,primary:standard,0.9992522871005106,0.9944066996107732,0.68163420908677,0.9998553074508474,0.7660861757896752,0.9998983726391232,1.5401161913177344
2c0adaccc752360b,9bbc802f386b,4,1,0,-3.125,primary:reversed,0.9985475636852664,0.8062909174403642,0.218592348179713,1.56496844192904e-05,0.4347610656814953,1.2544357322983538e-05,-1.006073849332425
53a97d44813a4850,9bbc802f386b,4,0,0,-1.5,primary:standard,0.0014348738718509,0.1833348756985502,0.0727240684691615,9.930510086287268e-06,0.6300843023199619,1.6569344668490204e-05,0.0866813912978314
e444ed539b2a6b1c,9bbc802f386b,4,0,1,0.375,primary:standard,0.00263277165767,0.3771626233218512,0.2212857002147744,0.9996377031067608,0.7979463317824742,0.999680180911072,1.4412058857194836
17e8812393f68be3,9f051a541429,1,0,0,-0.25,primary:standard,0.0011046887612933,0.1077212192414349,0.3104909489151498,0.0079982809678032,0.5067866304889649,0.007580726716524,-0.1201686521880027
38ab30a11085fd1c,9f051a541429,1,0,1,4.375,primary:standard,0.0023427655665676,0.0217109071690116,0.717954855439023,0.9999957923354804,0.2134769680237755,0.9999966140284277,1.6744954653015287
689d8711e24fe447,9f051a541429,1,1,0,-1.5,primary:reversed,0.9980684871574876,0.9958275672995398,0.8522909070097412,2.3633161887916726e-05,0.7481209820061939,2.27336322362772e-05,-1.292448502661592
8a6c2443e92c54ca,9f051a541429,1,1,1,9.25,primary:standard,0.999494763478422,0.9985658333637826,0.819279752290462,0.9999999999718764,0.8459024960409561,0.9999999999820828,2.5150809246031454
09fb317f32871c7d,a11cb6581b8d,2,1,1,0.875,primary:reversed,0.9991637267305205,0.9800747996206026,0.7475200220844328,0.985313707468013,0.4530669715275426,0.9877994779589948,-0.1695824731144934
4d2f67f5ceb55820,a11cb6581b8d,2,1,0,-3.375,primary:reversed,0.99836597777828,0.9724540216117186,0.3791561104511724,6.246306679733012e-07,0.8116968209074691,5.491666666069611e-07,-1.2490705249197038
a38f24dba315b3f5,a11cb6581b8d,2,0,0,-1.0,primary:standard,0.0012897721814474,0.0404685739513295,0.1955653431260893,0.012725758251644,0.2672805949143397,0.0160191834065169,-0.2272009796512879
b9cd78a1f5eaeecb,a11cb6581b8d,2,0,0,-5.125,primary:standard,0.0007536802164722,0.0167502873291659,0.4266319697164274,5.675151067027456e-08,0.6258961577116668,6.752734801851006e-08,-1.5107079963937258
36663738cee4b4d4,a58c036ae817,4,1,0,-1.375,primary:standard,0.9980707940683994,0.9898138809973452,0.7743186989750472,2.333839419182945e-05,0.674804238665222,3.166858207006337e-05,-0.3670776282823889
491a1ac36bbabcb2,a58c036ae817,4,0,0,-6.125,primary:standard,0.0006711270165272,0.0030290122906383,0.3568105984734795,7.709262816517676e-05,0.1914336285447824,5.157613143170844e-05,-2.149582121898944
89e1f76d68412691,a58c036ae817,4,0,0,-4.25,primary:reversed,0.001088221556127,0.1773235031769022,0.0895244469443852,3.7993342977893103e-08,0.2913847234568297,1.7405840556026906e-08,-1.823371473366852
9949da2b7d36630b,a58c036ae817,4,1,1,1.8749998807907104,primary:standard,0.9991418869147256,0.9997125443330472,0.8716867068120469,0.9999999999983616,0.9129018995055418,0.999999999998916,1.5808476635211468
27f75dc17e60d990,a61ef25edfa9,2,0,0,-1.625,primary:reversed,0.0012186388400223,0.0006446555103768,0.0864544036777398,7.74869712564022e-06,0.0749751910991747,7.531104718027391e-06,-1.115732014396514
7b9e54798b232b41,a61ef25edfa9,2,0,0,-1.75,primary:reversed,0.0013887205843346,0.0050102902939762,0.0441323462844128,1.167310211287403e-05,0.0562703015182382,1.1106622759407506e-05,-1.2311349547408992
7d2771194054e6db,a61ef25edfa9,2,1,1,5.0,primary:standard,0.9993155970124776,0.9844506100029828,0.7576346037539433,0.999999978419554,0.6703769345331687,0.9999999785141308,2.399452884379888
e3373f4567f4ca5a,a61ef25edfa9,2,1,1,5.5,primary:standard,0.9994824412087971,0.9999403556698706,0.4627329596352084,0.9999999998506726,0.9813291963417468,0.999999999851178,2.5953051646418888
6c731f8e424c6a45,a7fe53a4018d,3,1,1,1.625,primary:reversed,0.9991008314480192,0.998376610596692,0.7748441427654871,0.9999999999760338,0.935498775299176,0.9999999999999998,1.1256174693146064
8fd2ef70080e78ee,a7fe53a4018d,3,0,0,-2.75,primary:reversed,0.0009323036425053,0.2812980986024803,0.3397835093076564,1.2364214994206703e-05,0.3694732772787421,2.311207071123342e-06,-1.0927604463968843
da049bf446fb8459,a7fe53a4018d,3,0,0,-1.0,primary:standard,0.0012758532935149,0.0121200288470058,0.1947530963964582,0.0002628897841145,0.1051127238024463,8.721561620843599e-07,-0.4659420431114838
e0daf7bd156c4bc3,a7fe53a4018d,3,1,0,-0.5,primary:standard,0.9984536105484996,0.9952769580546408,0.7169027143836239,0.04608868241012,0.824786450275658,0.1228932002278111,0.5943952292985633
747881deb7cfb0df,a8c08cb7bde1,0,0,0,-2.375,primary:reversed,0.0011606509477186,0.0497544408873393,0.1931673095817194,3.355052673753583e-06,0.4816806462079794,3.400116106841125e-06,-1.331814186561302
76da7f0c50522dbd,a8c08cb7bde1,0,1,0,-2.25,primary:reversed,0.9981977199263924,0.9987927017874574,0.6785740494100314,5.540859313429971e-05,0.8747979259778282,5.323261529226335e-05,-0.9866262178656572
c0ca41c9474e9a0a,a8c08cb7bde1,0,0,0,-3.999999761581421,primary:standard,0.0007190992904923,0.0011504403784325,0.6021105708402918,1.7908977846527577e-07,0.1074797860088503,2.0696967114260554e-07,-1.5229856785861058
d851bf582b899653,a8c08cb7bde1,0,1,0,-0.375,primary:standard,0.9977809985033892,0.8977253869630452,0.9500498468874572,0.442406502591219,0.3980212637499312,0.3922701113080474,0.9267735392029728
4df0d080d067c2e2,a922079ba6b3,1,0,0,-9.625,primary:standard,0.0004826563178205,0.0020490471125119,0.4858960215142156,2.3917706680634424e-07,0.0670652064665991,1.8922170921946865e-07,-1.960267602500456
6d743a97d6083798,a922079ba6b3,1,1,1,0.625,primary:reversed,0.9991967056142056,0.9975922761044528,0.7668095847389906,0.9993933062797524,0.9119333835958392,0.999455750789788,0.6680378540337575
ee07eb1705a9f37a,a922079ba6b3,1,1,0,-6.625,primary:standard,0.9961342378994232,0.4935768700880645,0.95677715278577,2.3183573301816395e-09,0.1645625226885468,1.5101227320403927e-09,-2.213407583604045
fc5e3c8662d04864,a922079ba6b3,1,0,0,-1.25,primary:reversed,0.0011005118430626,0.0002531946526927,0.5576670702617845,0.0001973573863527,0.0518804405620628,0.0001701585045067,-0.8388151452837369
30332726d0bec65e,a94b5c7c3f06,2,1,0,-1.0,primary:standard,0.998530957399242,0.3256233325365535,0.6537001337982813,0.0199984346729774,0.2000044427039499,0.0215292805050757,0.1933405083046095
43c85ba46a78eafe,a94b5c7c3f06,2,1,1,3.125,primary:standard,0.9992544899604612,0.8961119148815346,0.8072646818602487,0.9999999966353909,0.5790010003742079,0.9999999968990284,2.2565005746459827
6b9a627e34022302,a94b5c7c3f06,2,0,1,4.875,primary:standard,0.0032889032872048,0.1879521425744048,0.4150364700307262,0.999999999095648,0.888092774970993,0.9999999993037464,2.696975563775097
8700446cdedafb5a,a94b5c7c3f06,2,0,0,-4.375,primary:reversed,0.0012299791191985,0.0046416633852772,0.0482300626837847,7.866385289629874e-06,0.201573020465743,6.897652981035177e-06,-1.529137819393629
716f6495cbff49a9,a9fd0e21390e,2,1,1,3.0,primary:standard,0.9992708074063912,0.9906832523334942,0.8085630199736255,0.999999976454273,0.7451972124522365,0.9999999765099662,2.6020385179547536
76f55792044491ce,a9fd0e21390e,2,0,0,-1.8749998807907104,primary:reversed,0.001260413241397,0.0008014308671986,0.1148142693928391,0.1023832017695597,0.1495337835751295,0.0940741215881954,-0.5412479097629554
7f7f9527f26890a1,a9fd0e21390e,2,0,0,-0.25,primary:standard,0.0014727417246828,0.0163219444978133,0.1019645171062601,0.0277452962687152,0.2996521647153766,0.030427603868582,0.6591462044497529
9afe4f2f48e7b7c5,a9fd0e21390e,2,1,0,-1.8749998807907104,primary:reversed,0.9986306247547232,0.9862379525524068,0.2148531676587555,0.0111602014295975,0.6664467233857482,0.0099532274501845,-0.6485310612038919
02ae4862b617dcc2,aa59e2fea465,1,1,1,0.5,primary:reversed,0.999146025727892,0.9778511099737196,0.6704501951689926,0.9984638784913176,0.7627610730952229,0.9987470882375272,0.4254468259020134
35563125816d323b,aa59e2fea465,1,1,0,-1.75,primary:reversed,0.9988063921500462,0.9961258154632326,0.2661738203735826,2.680610460708456e-05,0.8810661427701861,2.582758449789526e-05,-0.709670289922308
a1283ced76195c09,aa59e2fea465,1,0,0,-1.8750001192092896,primary:reversed,0.0014672439941339,0.0023633809744266,0.0832676419416657,3.098869304776437e-05,0.1510072652057927,3.160510261195014e-05,-1.0390966006197355
bda9277e17b8b6b5,aa59e2fea465,1,0,0,-7.0,primary:standard,0.0007011754115186,0.0001552263797453,0.2625437147793324,3.6174130115803924e-09,0.0332694694844366,2.800850859663942e-09,-1.6866928568367705
598ec702f72dad54,ae1f880ad3be,0,1,1,0.75,primary:reversed,0.9992135335839706,0.9994855542481492,0.7435128294742644,0.9985723197548976,0.9607097282564994,0.9986421733964692,0.6990417381246488
616ee1b8111bd7ea,ae1f880ad3be,0,1,0,0.0,primary:standard,0.9983099220143604,0.990726163534824,0.786431083404372,0.2250775837718632,0.7464434351978587,0.2060673965338851,0.7556956478300312
902c6dbde4f91bbd,ae1f880ad3be,0,0,0,-5.375,primary:reversed,0.0008578954199333,0.0002435151908961,0.2213906030506179,5.718620062638127e-07,0.0404807870695306,6.589362942565623e-07,-1.875699935375891
9fc73991deb0271b,ae1f880ad3be,0,0,0,-2.875,primary:standard,0.001026059011108,4.5964111728815045e-05,0.2530191919526308,3.8474133486573766e-08,0.0215632237504023,4.1818607548103164e-08,-1.019585950841396
25100d3d41ec4720,ae86d96aa9df,3,1,1,2.875,primary:reversed,0.9992114784813988,0.998601000247932,0.8314844530353862,1.0,0.9638320534574492,1.0,1.6353640211451332
40ccdba4909f358f,ae86d96aa9df,3,0,0,-6.75,primary:reversed,0.0008302289679727,0.0301040709477586,0.1277734005276682,2.88500570369368e-05,0.2337545614534851,3.84661584309254e-05,-1.6170443309669973
dc0fc33a428cbcc9,ae86d96aa9df,3,0,0,-2.125,primary:reversed,0.0009125266296761,0.0147571000853383,0.4312007759676609,4.946020270123825e-07,0.2767886536630088,3.187394743820888e-08,-1.261865302770533
e208400dd346f3e6,ae86d96aa9df,3,1,0,-4.25,primary:reversed,0.9977943553915836,0.9476042747607336,0.6117715360911491,2.8146719467874013e-07,0.4872963182944488,1.027350303766268e-07,-1.5263393414725632
19566934e1401d55,aefd878b4270,0,0,0,-1.125,primary:standard,0.000864209178592,5.956925003856681e-05,0.6317998481400585,0.0001033298691711,0.0150841382395101,9.536855697064665e-05,-0.3892703252363869
8fe761c1d5e532cf,aefd878b4270,0,1,0,-2.5,primary:reversed,0.9980246016382316,0.999775220817738,0.8308504414210581,5.567981585344463e-07,0.9249370869252896,5.10378495057968e-07,-1.2024978949947185
923530e7519082b7,aefd878b4270,0,0,1,1.75,primary:reversed,0.0027790737711007,0.857235422472748,0.2677659259596159,0.9999998250337728,0.979178119331355,0.9999998509895917,0.9099743848639404
ff990d0d4742f25f,aefd878b4270,0,1,1,6.875,primary:standard,0.9992967442250706,0.9961894099758952,0.9340295013730846,0.9999999942528665,0.8384169449921441,0.99999999514543,2.502904229802615
61e8c04db872b382,b1668f14295a,4,1,1,0.7500000596046448,primary:standard,0.9991228829566416,0.9707394446037692,0.8055583497042601,0.9830042996961802,0.4161780995686476,0.9940444323961942,1.2600581689803452
65848c675304978c,b1668f14295a,4,1,1,1.875,primary:standard,0.9993436314842984,0.9978908391738058,0.8097455501705725,0.999999999999926,0.8077816699168578,0.9999999999999498,1.8311908109624624
a6498375e1f2e2e2,b1668f14295a,4,0,0,-1.25,primary:standard,0.0013983607152887,0.0030614416862838,0.1306949268379447,3.169305603856455e-06,0.3373218013134594,2.5245993253113697e-06,-0.5031214299930848
fd605f2827d02d6b,b1668f14295a,4,0,0,-1.375,primary:standard,0.0010934385653967,0.0094555890203703,0.3874054155016673,0.0001317604905339,0.2140139030545151,0.0004947056442655,0.3235880411801406
24d0d5cc2490ced3,b2493d617b2f,3,0,1,5.875,primary:standard,0.0027769988756902,0.6630801124145324,0.599983102165934,0.9999999999999988,0.8938761347801777,1.0,2.5629370937655165
5401daeceb3d7450,b2493d617b2f,3,1,1,1.625,primary:reversed,0.9991776945424168,0.9956995591758868,0.7713044098077533,0.9999999958537396,0.9095753513508816,0.999999999998948,1.1590596865784986
5478c228ad5568d1,b2493d617b2f,3,1,1,0.5,primary:reversed,0.9990773439243892,0.9824275218448496,0.7035265672774016,0.99900088100064,0.7842562508136423,0.9997373971491376,0.0225809140816042
f17a875526fe8c68,b2493d617b2f,3,0,0,-1.25,primary:reversed,0.0013028476814761,0.0062664033343404,0.1826175677002241,1.920508425536499e-07,0.2184926992015231,3.945862334954589e-09,-1.033881596639057
954d0b47675c29db,b277e77cc6f8,1,0,0,-7.75,primary:reversed,0.000625336179323,0.0193360275863212,0.3240028367162852,0.00010651380835,0.4680806592571583,0.0001020224454013,-1.7505949188410583
a04110fd0d9ec2e6,b277e77cc6f8,1,0,0,-2.875,primary:reversed,0.0014124246194455,0.2938285607365094,0.0831553300433793,1.3168046619046089e-05,0.6840914852008378,1.4009948263836253e-05,-1.1031687260039602
b8036589df1abfc8,b277e77cc6f8,1,1,0,-9.125,primary:standard,0.9963563892027476,0.2318331313960639,0.7755057289701062,1.4516216619356576e-08,0.0788727130958744,1.1093129393653171e-08,-2.4314512735230838
d70da5f548995967,b277e77cc6f8,1,1,1,3.375,primary:standard,0.999238402704232,0.8404065595835626,0.846359715459457,0.9999995649940104,0.6134630380440451,0.9999996862171312,2.456364628464452
4df49afd030b428b,b339e6e88df0,3,1,0,-0.875,primary:reversed,0.9980474934923932,0.9769178211592908,0.7878658459972013,0.0077276133936978,0.6786103449861296,0.0004543849043866,-0.3409107796926305
517a9cf4705b905b,b339e6e88df0,3,0,0,-1.75,primary:standard,0.0008627383678226,0.0328331052315346,0.6283377671210485,1.1690482183094863e-06,0.259817961534147,1.730151424855127e-09,-0.4502354076041097
9976b430a67ea364,b339e6e88df0,3,1,1,0.6250000596046448,primary:standard,0.9991557517270166,0.9899482054146178,0.8196039686279181,0.9971638040038092,0.7388738962704767,0.9992307591362918,1.4998670266958514
e9035d311add547d,b339e6e88df0,3,0,1,0.125,primary:standard,0.0023902266218642,0.5078438235129917,0.2947397053310905,0.83046354775018,0.6608621389183935,0.8520880595946194,0.7866210170718255
2cf699d380578348,b5c6b002c47b,2,1,0,-1.75,primary:reversed,0.9978753967284326,0.9969387074856848,0.7892926519537585,7.725685123782082e-06,0.8098730341665561,6.905840412586837e-06,-1.0230830195909952
c33e7ae5fd86b8e2,b5c6b002c47b,2,1,0,-1.5,primary:reversed,0.9983542604250756,0.7912202580021926,0.7173317469178189,0.0002592759126827,0.3016775774658857,0.0002229547237284,-0.7709454486414535
d0d91a3f67fe2e53,b5c6b002c47b,2,0,0,-5.25,primary:standard,0.0008271921234168,0.0023531492125415,0.3397032077725951,1.6977058156612962e-09,0.0976714633451391,2.3839002233062564e-09,-2.0978109396077467
ed521df7e1919620,b5c6b002c47b,2,0,0,-1.25,primary:reversed,0.0009951466350951,0.1656534479574874,0.3974860289329877,5.945081682967638e-05,0.7275664763334764,5.328638632248913e-05,-0.9160197106348624
0504b83d2d360e4d,b8063f0c17ff,0,1,1,4.625,primary:standard,0.9992663969438156,0.9766733610344274,0.8916544589487103,0.9999997782666736,0.7475113080508174,0.9999997934353282,2.366266701430776
69f942b36b6b5235,b8063f0c17ff,0,0,0,-1.125,primary:standard,0.000985846116085,3.2699236580733013e-06,0.3744003949705914,1.6018933060281706e-05,0.0035348540237253,1.582056487397498e-05,-0.4038695047816238
8c1f553c1c58cc7a,b8063f0c17ff,0,1,1,0.25,primary:standard,0.9990332938198976,0.4112151657342896,0.8812096107144941,0.8649069243086356,0.181496556578621,0.8578945678804496,1.0197672923565828
e782612bdcfdcc26,b8063f0c17ff,0,0,0,-2.875,primary:standard,0.0008588708103127,4.861169687791264e-06,0.4792781030892662,3.9881112631798084e-08,0.0040917798627459,4.354213068015198e-08,-1.514064608808094
4716df92ca8cb79f,b82faf8ede14,2,1,1,0.375,primary:reversed,0.999408230719272,0.9964570745203216,0.3211313470862467,0.996639253047072,0.7580112258611995,0.9973134382210684,0.1980827758438437
5e52212327d25d3e,b82faf8ede14,2,0,0,-3.25,primary:standard,0.0010333330399175,0.0002150568147315,0.2667324866594669,1.4699526534338109e-06,0.0296630666469165,1.678560896237788e-06,-1.514734836389091
68905e33a7a7088a,b82faf8ede14,2,0,0,-0.5,primary:standard,0.0013590478540868,0.9714636389273764,0.1517563595213115,0.559599889159769,0.9533404797719668,0.628625723406196,1.1311678236354412
7d2651eaa9dbfb02,b82faf8ede14,2,1,1,6.25,primary:standard,0.9993965907639806,0.998542722632146,0.7939531887183795,0.9999999977525316,0.8994193491110714,0.9999999980014987,2.4208523329791105
5fb73bebfb3e73f0,b87d702c3e0e,4,0,0,-5.875,primary:standard,0.000777770030151,5.238716427938685e-05,0.3121876543137686,1.946773928262556e-06,0.0546022345557204,1.831678126968227e-06,-2.052226726442611
7f627e1ff54f10dc,b87d702c3e0e,4,0,0,-2.75,primary:reversed,0.0013886694024302,0.0803707924189772,0.0412324621067625,8.379193774786678e-05,0.676619359831654,0.0002843698875788,-0.3257929042590786
8609fbff4bcb833b,b87d702c3e0e,4,1,0,-3.5,primary:standard,0.9980296213252076,0.9996194144855703,0.8101646218090877,2.1845951174258784e-05,0.608520515967728,0.0001425301344259,0.121692417421797
b5dd33bcaf7306da,b87d702c3e0e,4,1,0,-0.75,primary:standard,0.998162067090936,0.9983734340038666,0.6615232655529387,3.4215480213388826e-05,0.7039135679930756,3.236580297630666e-05,0.3962339902364693
120738e4fa5be59b,b9591cb5d863,2,0,0,-4.625,primary:reversed,0.0010933525078876,0.0001443242080127,0.1351382419172454,1.1918978610698389e-07,0.0301911079609327,9.50234617688876e-08,-1.798311416199173
2247c2a41145d820,b9591cb5d863,2,0,0,-4.625,primary:reversed,0.0009954250514282,0.0023835936384675,0.1248701165661345,2.8485377601374533e-07,0.0972409619759928,2.295240149248065e-07,-1.8587892312086804
690e06638f8320f5,b9591cb5d863,2,1,0,-4.375,primary:reversed,0.998081443858976,0.1017792171160451,0.5273159761383096,8.50171015421108e-07,0.034756731691303,7.134753713830022e-07,-1.9440774982070743
fbb1174c1fff95f3,b9591cb5d863,2,1,0,-4.875,primary:reversed,0.997925762073286,0.2670714137578941,0.6106649299455148,3.7034916081088516e-08,0.0342968258130535,2.6135112094150883e-08,-1.8787194635864088
872421ae456707bf,ba5f5285d226,4,0,0,-1.125,primary:reversed,0.0016293615200482,0.0029754150871675,0.042775336038178,0.000941051210078,0.3424779785320337,0.0005573087336923,-0.7283179781746041
a2daedc6a369772f,ba5f5285d226,4,0,1,3.5,primary:standard,0.0029527515611502,0.2258818161840204,0.3004711523982664,1.0,0.879702924585805,1.0,2.716003795977328
a3e0af3c229d9ff0,ba5f5285d226,4,1,1,1.8750001192092896,primary:standard,0.999282700270554,0.9981830173964362,0.7805297708646101,0.999999999937304,0.8556636618940366,0.999999999946816,2.061638816751164
d4b47b6d4526e48e,ba5f5285d226,4,1,1,0.5,primary:reversed,0.9993357673019544,0.9985421331408356,0.3848270575267636,0.999564220884666,0.9011498229575065,0.999723262417866,0.4590298552587022
07e9f3755ec22bb1,bb1db8edcfe9,0,1,1,0.375,primary:reversed,0.999461849542071,0.998747256406207,0.1386046153062209,0.9342185807015456,0.9144026189444452,0.9401521988598904,-0.0252134254367772
873f9efbbafbdb22,bb1db8edcfe9,0,0,0,-1.375,primary:reversed,0.0017080374110321,0.017183703468757,0.024927949763102,0.0002094007581122,0.3111872155255563,0.0002502187840815,-1.1296551049066084
88da04bf9b584c67,bb1db8edcfe9,0,0,0,-5.125,primary:reversed,0.0014714210234503,0.0060253757853412,0.0057399183302602,1.6690739846229556e-06,0.2321485484616283,2.4512739145004078e-06,-1.8013139695659133
de7812ea3f42956d,bb1db8edcfe9,0,1,0,-3.25,primary:reversed,0.9987332950202552,0.99975254989712,0.0922774180241508,2.696986929931631e-06,0.9629495283368226,3.661650628460598e-06,-1.5449023149039034
a6a6d8e53cc0ddd5,c35228e609f6,1,1,1,4.75,primary:standard,0.9995010200508296,0.999917290014599,0.5360981206302904,0.999999999122,0.9800284861160397,0.9999999994527892,2.539832131788394
bcaa06092813a25b,c35228e609f6,1,1,0,-1.625,primary:reversed,0.9988538787948712,0.999351448864973,0.1458526595096125,0.0001403392823276,0.9272956236832,0.0001721704058468,-1.028864817230272
c93594b5f21ac830,c35228e609f6,1,0,0,-1.125,primary:standard,0.0014855014056442,0.0014319777027629,0.0589350456802386,1.3782528359665794e-05,0.1361051442052173,1.5908871801174197e-05,-0.463060519864356
da22e2d82b6b5df3,c35228e609f6,1,0,0,-4.25,primary:standard,0.0011374466539408,0.0003096033372626,0.1213262539615548,5.4260389796021115e-08,0.0937098311366166,4.702917578985896e-08,-1.5000378899304407
0b81c7bf92a1e9e9,c484ba14cd1a,2,1,1,0.25,primary:reversed,0.9991825701356916,0.9996319623847382,0.5997733410545909,0.991744638060947,0.972879346886446,0.992829118739158,-0.0393859959792317
336edc9ee67280a6,c484ba14cd1a,2,1,0,-2.5,primary:reversed,0.9984569993771832,0.9247313244758236,0.2707870155601482,6.114907677563396e-07,0.5229293476928096,5.159266282558492e-07,-1.372708963715915
4747a34ed4b24369,c484ba14cd1a,2,0,0,-1.375,primary:reversed,0.0011021087326151,0.0062949947719708,0.2725873138161985,1.9680616607048717e-06,0.3773620164051161,1.7376859915929222e-06,-1.1714869200220843
cb75971df487ea50,c484ba14cd1a,2,0,0,-2.625,primary:reversed,0.0015012866379645,0.0004916197385051,0.018570644495741,2.423598412470424e-06,0.0799207062266347,2.735273923491032e-06,-1.7157877369454022
828214489933c1be,c571eca3306b,2,0,0,-2.875,primary:reversed,0.0011964797240988,0.0072099790946646,0.143811127419624,9.820717695633778e-07,0.1288566790338755,8.937748645328819e-07,-1.4196873161818373
8c0202f6b8311c5e,c571eca3306b,2,0,0,-3.375,primary:standard,0.001201016892204,0.0009198079567559,0.0472419061982713,6.573124226263328e-08,0.0428234633103072,7.850688746633268e-08,-1.4047474655134344
be65b0234d68bd57,c571eca3306b,2,1,0,-3.0,primary:reversed,0.9987620152116417,0.9987451021591228,0.1036812715868274,2.594764550972944e-06,0.6938265843588767,2.399320464992564e-06,-1.4903684197408795
fba852e55954f2c6,c571eca3306b,2,1,1,4.5,primary:standard,0.9992699313572012,0.9989717932796248,0.8496367897650788,0.9999999958784926,0.955574223306628,0.9999999960762488,2.4267885092293957
6899eab825ea22e9,c5798d139de7,4,1,0,-1.125,primary:standard,0.998215086187989,0.9735253885410644,0.793324078394906,1.3376120950040082e-05,0.3503486626192112,5.801494328372792e-06,-0.3124883722535605
82e78d85a78fc42c,c5798d139de7,4,0,0,-3.75,primary:reversed,0.0013337253234318,0.0067790809118968,0.0438576219951057,4.319396392215075e-05,0.2602245060448511,2.949126883626246e-05,-1.2478924124531656
a41eea25654bbccd,c5798d139de7,4,1,0,-3.125,primary:standard,0.9983151063543672,0.9997411222553316,0.3836137483544315,1.121385102825885e-07,0.6046034952767216,1.4305616214071326e-07,-0.7971452580782317
b745624adf63fecc,c5798d139de7,4,0,0,-3.0,primary:standard,0.0011272139011364,0.0155301387375058,0.1086404741748699,1.1916820966608175e-08,0.2096973581890269,8.601467305552128e-09,-1.5540973590127805
0afc1915fcd6ef60,c5ff78577964,3,1,0,-1.75,primary:standard,0.9982572243033444,0.9979781323751836,0.7445651735334728,8.83892757887729e-05,0.8070453227724531,1.2276266563072189e-06,-0.5083875579840553
383a458761bfe817,c5ff78577964,3,0,0,-5.0,primary:standard,0.0007663294363798,0.6335705223559573,0.4820110072849688,1.3766216798753629e-06,0.4701993344082028,7.37710209347546e-08,-1.905329965707879
4968c21fd2293e14,c5ff78577964,3,1,1,4.0,primary:standard,0.9992118346587828,0.9955138838709344,0.8955786987090273,0.9999999999998956,0.9194445049809418,1.0,2.698963501859144
59657428ead0c70e,c5ff78577964,3,0,0,-2.625,primary:standard,0.0010195553274476,0.4463664792247465,0.277311368572054,4.284492664621874e-07,0.3263433691450655,2.281144589270129e-09,-0.6472989026153027
1ddc5888f5871da7,d0db8c0419d8,1,1,1,0.25,primary:standard,0.9991623045976472,0.9977132480043156,0.5544306924844936,0.99128713744203,0.8849132160197446,0.993237297017587,1.4252801095455387
2326cd36d1fa85e8,d0db8c0419d8,1,0,0,-2.0,primary:standard,0.0012046209836581,0.0002370390196649,0.179969267643629,8.387669474721483e-06,0.0389009208754861,8.509599420643863e-06,-0.5214644799099317
b9aa98600c73937e,d0db8c0419d8,1,1,1,0.875,primary:standard,0.9989944570035648,0.961423458589298,0.8830421255680966,0.9999520166232932,0.5894039280672931,0.9999554133417784,1.6012162144529127
e1649e0bc562392a,d0db8c0419d8,1,0,0,-2.375,primary:reversed,0.0011282518562988,0.009688204444653,0.2074633277873169,7.808470876334793e-06,0.1992275895164549,7.057775363480974e-06,-1.2720009770987306
0fb65c7657856e8d,d3d192f6f2e9,4,0,0,-2.125,primary:reversed,0.0014528100297571,0.0299221244730493,0.022357122235772,7.750581759769002e-08,0.1588877595570876,2.5319608096705485e-08,-1.8085510824555344
195faf3022b94281,d3d192f6f2e9,4,1,0,-0.625,primary:reversed,0.9982654114040564,0.9967363886408868,0.6579624723131269,6.905482056714462e-05,0.7455337636983155,3.8163399871215066e-05,-0.8523609248621646
243c124aef75375c,d3d192f6f2e9,4,0,0,-6.125,primary:reversed,0.0008694033280571,0.0111302450610885,0.1204037847977095,0.0001364170310993,0.3579902050125468,0.0001209403971682,-1.8019974441525592
84c5acf9e6da8365,d3d192f6f2e9,4,1,0,-3.875,primary:reversed,0.998464049461175,0.9997705078337704,0.1586829602977744,1.4046626279312455e-06,0.5846621887927533,1.0009316283914596e-06,-1.6958832720708497
11601426c9e96a6c,d51a3d0bbd87,3,1,0,-2.5,primary:reversed,0.9984169539394544,0.9812961561428732,0.4904386228354325,2.2434523907254205e-07,0.5402696729349611,1.7827985006589987e-08,-1.0028657624870942
84239ad3ffc701b1,d51a3d0bbd87,3,0,0,-7.125,primary:standard,0.0007958298961284,0.0014466689136521,0.1939955549692584,3.1111274346118594e-08,0.0505336352875078,8.777251304536237e-09,-2.4458911365602343
8e4a4bc8bcd98ef1,d51a3d0bbd87,3,1,1,6.75,primary:standard,0.9994973725065186,0.9936100279507792,0.7560039962535232,0.9999999999999892,0.9230787392281508,1.0,2.7641720308864515
f1d98e703df180b1,d51a3d0bbd87,3,0,1,1.625,primary:standard,0.0026013676404203,0.2542477686549391,0.3415805020332682,0.9997326083697202,0.6631090659736113,0.999999785908363,1.8348973336931216
324da3e78a14a5ea,d5798890cc8f,1,1,0,-1.0,primary:reversed,0.9983777400342366,0.8884274360547838,0.6633719278964867,0.0025864791461173,0.3790065740392827,0.002309310416815,-0.560345124925905
5a259be0d834e58b,d5798890cc8f,1,0,1,0.6249999403953552,primary:standard,0.0021488109451633,7.937679819763067e-05,0.3885663887440381,0.9966895124083718,0.0288919435440548,0.9965487031834674,1.0407755210348886
f613866953249cd8,d5798890cc8f,1,0,0,-0.25,primary:reversed,0.0012340308159796,0.0105105278986986,0.3177636226060762,0.0296583129478909,0.374833440176678,0.0294402368812723,-0.2580661003852551
f7b13306f8f8faa4,d5798890cc8f,1,1,1,4.25,primary:standard,0.9992322362933932,0.8781862550423623,0.9017257273032212,0.999999993035082,0.5342919547039134,0.9999999946444896,2.376853398036711
9e75406247f6233a,d63083f5e364,1,0,0,-3.875,primary:standard,0.0007697801116244,0.0039862087470879,0.6741624585911342,1.1393783648112161e-08,0.128254676738823,7.45113231505185e-09,-1.597555115464044
d0b92ad5a689a3e8,d63083f5e364,1,1,1,1.125,primary:standard,0.9992170529376916,0.9996918853973497,0.6485067537287091,0.99327326076811,0.9690600732808604,0.9940083727302804,1.6971676229018864
e5141843128df756,d63083f5e364,1,0,0,-5.25,primary:reversed,0.0009935652362091,0.0016727472580618,0.1162999622891511,3.6038329174984768e-06,0.1037264769611399,3.64427288386126e-06,-1.303694864553309
f2a9fa259142b9ea,d63083f5e364,1,1,0,-3.75,primary:reversed,0.9976302093865002,0.7719309547109028,0.9001562010737808,1.1112274843600628e-05,0.2085192632165425,9.847783827114396e-06,-1.2089291823609338
148d6dcaaf2b1cb3,dc4a0e322bef,1,0,0,-2.5,primary:standard,0.0011116984376926,0.0550294876576356,0.2659502080414502,1.6687966697646303e-06,0.3964424921624915,1.3142637564671923e-06,-1.4725355853962845
408ae07d6a1ce818,dc4a0e322bef,1,1,1,1.875,primary:reversed,0.999337900444374,0.9970474976098788,0.5766863024567767,0.99999983590715,0.9218749302899762,0.9999998618076305,0.9127406892736732
9aad60bbd4bce354,dc4a0e322bef,1,1,0,-2.625,primary:reversed,0.9980194368315366,0.5525301692302184,0.791225318830795,0.0001162768075234,0.1210755194897058,9.89278308461792e-05,-1.3669044116356686
ddf8a1b00775309a,dc4a0e322bef,1,0,1,5.375,primary:standard,0.0027953509382388,0.2258667634615533,0.6256986914939391,0.9999999939338132,0.7752166111286842,0.9999999958104036,2.3158295185780204
94dd5f73e7863791,df2a966a5c33,3,1,0,-5.875,primary:standard,0.9975047003583696,0.0362862782652636,0.7202562465744521,4.770725876720228e-08,0.0647674575797857,7.644674459799667e-10,-2.2424650030096145
ae3b7b96d9f69e7d,df2a966a5c33,3,0,0,-4.75,primary:reversed,0.0009773651919007,0.0031015173483583,0.1314410615604632,1.222379946271152e-07,0.0723207613970214,1.5682003174458382e-08,-1.7174460562583225
e05204beb6088057,df2a966a5c33,3,1,1,2.75,primary:standard,0.9992540247986832,0.8307647667608967,0.8617467016375123,0.999999999571028,0.7226048553650961,1.0,2.021994354824831
e76f507dbef363c2,df2a966a5c33,3,0,1,2.625,primary:standard,0.0029767302483315,0.1476044136344927,0.3406617148485077,0.9999999999841304,0.780610234877776,1.0,2.1438772260510293
56ba4a0b7dee2582,e0f9c65023a9,4,0,0,-1.375,primary:reversed,0.0011962400175992,0.0047334532934007,0.1590699919712879,2.718235629204619e-06,0.5090353321327978,1.989532175768273e-06,-0.9438671364355656
964ea9127f82adef,e0f9c65023a9,4,0,0,-3.75,primary:standard,0.0009964642932803,0.0001523039210865,0.1343587807623516,2.0175752731188822e-09,0.1334588168619525,9.839997342405815e-10,-1.3692814309663883
cbffd49b1bd3b699,e0f9c65023a9,4,1,0,-1.9999998807907104,primary:reversed,0.9983301679017712,0.9742537026372164,0.5842371959014284,6.507132691833944e-06,0.6085388531267216,3.3801022936184533e-06,-0.7838781984428671
e2886d06578c944f,e0f9c65023a9,4,1,0,-1.5,primary:reversed,0.998367201607137,0.5431187214966816,0.3964544803445803,5.072139091471326e-07,0.4516655041657061,4.449748826775713e-07,-0.8153963662652912
38942c8c1e8bfe28,e1e202f73f44,0,0,1,1.375,primary:standard,0.0029794306777067,0.0761336320665519,0.1205009778752142,0.8574363817148999,0.3351425007528475,0.900735663643483,0.848120370334839
594c4fe216809612,e1e202f73f44,0,1,0,-0.375,primary:reversed,0.9983991426967928,0.9950076176042966,0.7601516144480358,0.0466774509146056,0.7884196275019798,0.0536764183762943,-0.4782110056928643
a7dac3b7bd635b1a,e1e202f73f44,0,1,0,-8.625,primary:standard,0.9970422434156322,0.99820330318104,0.617028476278984,0.0001674567522954,0.8604952787260315,0.0002102588895208,-1.9578770507319976
b1c10fec9b52e2e9,e1e202f73f44,0,0,0,-10.5,primary:standard,0.0004653613729464,0.0638449072778715,0.5776209794755461,8.953947357061753e-05,0.6963737349668183,0.0001152212843826,-2.138834907611186
14f7135b2a77ee9e,e68b633a57ae,2,1,0,-1.125,primary:reversed,0.9987536759993664,0.9999812968431412,0.1626088241166494,0.0004943956951926,0.9871121064212074,0.0004726291855077,-0.459142430944524
30c193caedc571df,e68b633a57ae,2,0,0,-6.125,primary:standard,0.0008360135844928,0.8324600395228581,0.151107583918073,1.6688635853545541e-09,0.7603719243938712,2.488967882555794e-09,-2.385924264110099
6c3b62123a6927cb,e68b633a57ae,2,0,0,-3.125,primary:reversed,0.0011722629266799,0.4068957050727377,0.082413301825844,7.059219408621134e-07,0.7197622588605586,6.883005864827376e-07,-1.1858167080675095
72093e60b8a8daf7,e68b633a57ae,2,1,0,-4.375,primary:reversed,0.997734788103447,0.9900521779038348,0.6975172171967298,5.568636510598948e-09,0.5900196479919784,4.704888034518846e-09,-1.9215590653090957
5b8cfd9f9162e9d9,e6f181a4c26e,0,0,0,-5.125,primary:standard,0.0006922552071182,0.0142786681194216,0.5126800524238042,1.441857844989624e-08,0.3850199744854918,2.084682007870489e-08,-2.097185276620044
60b27917a9e01e07,e6f181a4c26e,0,1,0,-4.75,primary:standard,0.997684054112998,0.8617277287854287,0.5916009957887794,1.3937487546765696e-08,0.3182720761297666,1.8239229409290184e-08,-1.8034433801160972
d4a66675746efba9,e6f181a4c26e,0,0,0,-2.5,primary:reversed,0.0013549185736761,0.0096091933167142,0.0275434459539814,1.7383538151017033e-07,0.2859741987308873,1.960598829815689e-07,-1.5638934384488663
fe1d04493c1905f1,e6f181a4c26e,0,1,1,5.25,primary:standard,0.9992602613086924,0.999814157446945,0.9026439487518494,0.9999999990897168,0.9757000641121149,0.9999999991764305,2.775078726133924
05b6ecb68d0c59a8,e7860ea4b963,0,0,0,-2.25,primary:standard,0.0011195948126357,0.0009041909127856,0.087814271852076,1.5202592812534996e-07,0.0563906968415941,1.760087481811052e-07,-1.3379841381629718
161a02d9b7e3750f,e7860ea4b963,0,1,0,-0.375,primary:standard,0.998364524229481,0.9706636791980304,0.4895413914396812,0.122904404112011,0.5539630127624755,0.1209289853809335,0.3104548994386089
82436e3072e5c995,e7860ea4b963,0,1,1,0.8749999403953552,primary:standard,0.9991428868074717,0.9930568725688076,0.5796643710109555,0.6973110082503955,0.7683502138609594,0.6788691463347192,0.8576890156154544
cd1fd32c7d5115b8,e7860ea4b963,0,0,0,-2.375,primary:reversed,0.0012674499273062,0.0273673551702349,0.0295781214709952,7.559981322567855e-07,0.2813170666041054,8.614827025500388e-07,-1.4007918955987364
221570f1f3975298,e8dda5c05cc8,2,0,0,-0.8750000596046448,primary:standard,0.0012213007890031,0.0381267340458385,0.2374474408228054,0.0013299628632278,0.4678644027094837,0.0014221105210085,0.4647404005585751
74850d888d312cb9,e8dda5c05cc8,2,0,1,0.6250000596046448,primary:standard,0.0027629758512463,0.3559986091082341,0.080634857838004,0.9998207163668232,0.8255667822571011,0.9998300666774668,1.5069583128586554
7efcee8719150625,e8dda5c05cc8,2,1,0,-1.5,primary:reversed,0.9989381634667988,0.9975023682273988,0.053800662705579,0.0011237322817922,0.8501591273398231,0.0010404720968745,-0.53052109518435
80c4921df26252c8,e8dda5c05cc8,2,1,0,-0.7500000596046448,primary:reversed,0.998344769193224,0.9808248333159306,0.7307330056420147,0.0280057581681449,0.608263053267702,0.0223671335920086,-0.0254419853045457
0ce8b4e9630e9298,ea2512a2e57e,4,0,0,-1.5,primary:reversed,0.0015063084762486,0.0896285645576435,0.0743422989658206,4.012103509905412e-06,0.472151032372204,3.3319512690620246e-06,-1.062741503028494
14ce3f593f0b783c,ea2512a2e57e,4,1,0,-1.0,primary:reversed,0.9984263751157444,0.9692996812428104,0.538312753029075,8.903682253364414e-07,0.5586304013603053,4.60506587008355e-07,-0.8278560047694139
5c68a1cc1538da10,ea2512a2e57e,4,1,1,7.25,primary:standard,0.9995131475118444,0.9970468555914956,0.8068535480612591,1.0,0.8667903173157666,1.0,2.804104084011593
ba03a51ec5239614,ea2512a2e57e,4,0,0,-2.375,primary:reversed,0.0011100475540841,0.0008373284880343,0.1242881462757476,1.9411220419339853e-06,0.2613173169552343,1.602606356235894e-06,-1.3735594176704704
5fe48f6a7ed9eb0b,ebb994099954,2,0,0,-2.875,primary:reversed,0.0012058993009444,0.0015374002616664,0.0789922425192348,1.4757663147984738e-07,0.0890041415584307,1.4270759359992854e-07,-1.5438136096954178
c79a422870f0adc5,ebb994099954,2,0,0,-1.625,primary:reversed,0.001169744300556,0.0284547189926993,0.1111645765586209,8.761399671366872e-05,0.6394064751381482,8.803217053737856e-05,-0.9877001017914844
d216135fb8f74159,ebb994099954,2,1,0,-0.75,primary:reversed,0.9986633883039772,0.9999777282710248,0.2621183781722671,0.1474538847799204,0.989034970268768,0.155718680972032,-0.3003686541569381
d601d22344f6c5f6,ebb994099954,2,1,1,5.0,primary:standard,0.9992592193104676,0.9999354972723185,0.8691164814083973,0.99999999095091,0.9840257600345242,0.999999991511046,2.433900842934603
46592e2f94bc0142,ebd7adca85db,1,0,0,-2.25,primary:reversed,0.0014830735596542,0.0238645979826106,0.0723911541372053,2.570861201711157e-06,0.2696736946628457,2.088654837463296e-06,-1.5025135763636577
6600dade21b8572c,ebd7adca85db,1,1,0,-6.875,primary:standard,0.9971088889680724,0.9994425947827108,0.6804819365181675,3.57287476828225e-06,0.910781272474652,2.5675585463566373e-06,-1.2262067157910317
941a6d9a509f8e1e,ebd7adca85db,1,0,0,-6.25,primary:reversed,0.0007808110596058,0.0006960694815899,0.2193994807097832,5.296316966620861e-05,0.0851167839118173,5.168816106293383e-05,-1.6242828668619822
aaabef6d133f7da4,ebd7adca85db,1,1,1,2.125,primary:standard,0.9991864087140911,0.9999083834564472,0.8184642517078646,0.9999990864822956,0.9786856852588918,0.9999992464378772,2.2426135830295717
6cb616bf28139fe1,ee96462a37c0,4,1,0,-4.25,primary:standard,0.9979216610348144,0.9165650079791456,0.6041994842342627,2.926364899069627e-09,0.3777875665460478,3.449160180195119e-09,-1.1691144097627508
7030aa8cdaf9379a,ee96462a37c0,4,0,0,-2.5,primary:standard,0.0010309683804096,0.0004257420692635,0.1991308469110625,1.2248339167490445e-06,0.1297586668420768,1.110831229050838e-06,-1.2698037822662522
71bfb043e66fd77c,ee96462a37c0,4,0,0,-6.375,primary:standard,0.0007207043298485,0.0002406421626071,0.256243148853555,5.2491788891936346e-11,0.1790612921697113,5.8090980884878186e-11,-1.5048620900132148
b864013c70a77d13,ee96462a37c0,4,1,1,4.375,primary:standard,0.9992584061908276,0.9878570294048892,0.8667428613915871,1.0,0.8718949903843873,1.0,2.7639480284727904
152b710804d0521c,f05147254c6d,1,0,0,-3.625,primary:reversed,0.0012890082278444,0.0195198722794178,0.0679344790622797,6.074421266999845e-06,0.2786148920105802,5.964395329439422e-06,-1.5703474113291858
77c1dd796cf72c99,f05147254c6d,1,1,0,-3.375,primary:standard,0.9982077731647648,0.9072620179828385,0.3793644030594435,2.4267261083165343e-08,0.3231426620998078,2.10148558194109e-08,-1.513581268627457
c425b8d4cdc3f0c5,f05147254c6d,1,0,0,-5.875,primary:reversed,0.0010593035965149,0.0261039504878973,0.032684574973085,5.331630183193165e-07,0.2627690442709675,4.912313074258043e-07,-1.7651966027021726
ea3e32ad6e3dd21c,f05147254c6d,1,1,0,-3.375,primary:standard,0.9979714863495632,0.999667784052604,0.6381690376054213,4.5927695910268825e-08,0.8945027113660885,3.0076588926811e-08,-1.121204009315257
072d23afb16a4b01,f426101b1538,3,1,1,4.0,primary:reversed,0.9992689692868018,0.9913745887227752,0.7877721591629844,1.0,0.9483258059720284,1.0,1.727849178771622
890e0cc85c1d4262,f426101b1538,3,0,0,-5.875,primary:reversed,0.000762134372631,0.0156259713432894,0.2526859455833475,1.0065574481053713e-07,0.2128773983610628,1.812361725302648e-07,-2.0878832405145342
954df1be0c8bc786,f426101b1538,3,0,0,-3.0,primary:reversed,0.0011132439258657,0.0040704705144842,0.0943683131751847,8.212762735549528e-08,0.0873666983210385,1.3357422942278253e-08,-1.7393941436139624
9e796d2d4e33d05a,f426101b1538,3,1,0,-3.375,primary:reversed,0.9982127198086492,0.9901469604637538,0.3992430906057275,4.612119340915038e-08,0.6704084059057528,9.021538433142635e-09,-1.7034118355946355
9044ec11a85a4994,f51224fb38be,2,0,0,-3.125,primary:reversed,0.001137001991077,0.0346524873614747,0.2854851980034779,1.505574090216139e-05,0.3146122558241266,1.1402060640316396e-05,-1.1779305867242806
c35cf1bd4f02dc93,f51224fb38be,2,0,0,-1.5,primary:reversed,0.0012596141913965,0.0072316839154914,0.2733925191163624,9.297207637436124e-06,0.1331313908806252,8.541326735245693e-06,-1.3409915963962615
cad16977f2b84edc,f51224fb38be,2,1,1,2.625,primary:standard,0.9993104219619546,0.9999734500445726,0.8363064707179712,0.9999998615538308,0.9901205516477476,0.9999998758041452,1.9648902795689709
ce4a202474e54479,f51224fb38be,2,1,1,2.625,primary:standard,0.9991670495033108,0.9997313361884482,0.9477307227231092,0.9999999738359436,0.979067143707037,0.9999999687107832,2.332672446936426
54c00b24475db779,f5ea35cccd52,4,0,0,-5.125,primary:reversed,0.0012194203855846,0.0035725632803609,0.0260175652919192,2.692590230108662e-06,0.3349631831011987,2.1070984812977672e-06,-1.658300371629644
5df3526c8e13c10b,f5ea35cccd52,4,0,0,-1.25,primary:standard,0.0012204018308661,3.116965870714995e-05,0.1778060367328234,0.0006779838246974,0.1060818608351985,0.0009623900241103,-0.310101495373313
e1bb6b2421b0506a,f5ea35cccd52,4,1,1,4.625,primary:reversed,0.9994587976563662,0.9999475871009108,0.7399356082603787,1.0,0.9844588148014372,1.0,2.249885438269347
f313150985fa9bb0,f5ea35cccd52,4,1,0,-4.625,primary:reversed,0.9985725651199524,0.9798051916715872,0.0600028115807547,3.7099308773551663e-06,0.4548929631197601,2.9989033773653635e-06,-1.7064788525362349
2b2d3e0a849cb00c,f8fb5453bb41,4,1,0,-5.5,primary:reversed,0.9976106902794752,0.985941530073046,0.7181841280524441,5.441369638557739e-06,0.593540158565647,5.263678656902487e-06,-1.396697073083379
2fde1292a5d67b29,f8fb5453bb41,4,0,0,-8.5,primary:reversed,0.000730117303916,0.0002468917403618,0.1470197937336017,7.879516487962236e-05,0.2488539591288986,9.095602792454512e-05,-1.536679456003328
4319e211ba2ca263,f8fb5453bb41,4,0,1,0.75,primary:reversed,0.0031270368688782,0.0061272714784699,0.141303638341094,0.9965335632919812,0.6976711034912161,0.997686512913742,0.5047777883514764
b36258625267e261,f8fb5453bb41,4,1,1,2.5,primary:reversed,0.999429680294347,0.9847421467791888,0.5633165341612297,0.999999999999996,0.912228792202544,0.999999999999998,1.341871550861657
43eb59525ea86913,f964326d08d9,3,1,0,-3.625,primary:reversed,0.998293015906638,0.7742747169554571,0.2720607683349647,0.0006869143979708,0.3597619080145783,5.880008572090522e-05,-1.2194861179933365
57793c0ca8fcaf3b,f964326d08d9,3,1,0,-3.125,primary:reversed,0.9985955118565396,0.9301828005711692,0.1950934900398078,6.86489880998555e-06,0.3103530768431515,1.2060490676207098e-07,-0.9900844724660444
affdfb3d3bc2248f,f964326d08d9,3,0,0,-3.5,primary:reversed,0.0013484392361166,0.2534636864145503,0.0312834274291162,0.0006171547646753,0.3072715464507818,9.28503140194545e-05,-1.0761344553261465
ba10ae6bfab2be08,f964326d08d9,3,0,0,-3.5,primary:reversed,0.0013211438167905,0.0960856592617454,0.038521716061707,2.714956476709927e-05,0.3534491772483938,1.7217455437552384e-06,-0.9786628921677244
278c65465eaab0ce,f98f6f231f01,0,0,0,-1.8750001192092896,primary:reversed,0.0016775717808416,0.1269761763401293,0.0132191784643759,5.793153287762556e-06,0.5786712256807108,7.008718559050105e-06,-1.3106669458720632
73b7635d05d74787,f98f6f231f01,0,1,1,0.25,primary:reversed,0.9992997860194592,0.9998633974369364,0.4381724148282372,0.9065779865404252,0.975813636308248,0.9135004909228822,0.1080542372026052
c565d87594900e9b,f98f6f231f01,0,1,0,-5.0,primary:reversed,0.9981878979543184,0.9691916855150856,0.3372203757220818,7.954360359216506e-08,0.5915687418152257,9.107889978489692e-08,-1.3867389712028686
f02456a07302d244,f98f6f231f01,0,0,0,-6.25,primary:reversed,0.0008192642516313,0.0006274422341345,0.2108986391450797,9.16526261237188e-07,0.0720433557544434,1.1598675980526197e-06,-1.4228247586504437
2d2e83262c67d234,fd5da0bf0f2a,0,0,1,0.125,primary:reversed,0.003455057875751,0.1704972328980133,0.0221383505408957,0.1691233077545726,0.5335343558974196,0.2013127405202098,-0.2537698962610899
3c84548a16a45ec8,fd5da0bf0f2a,0,1,0,-5.125,primary:standard,0.9978810401434062,0.9235345882125904,0.5040596511136789,4.578935834411644e-08,0.4038900770443498,5.5639987570289244e-08,-1.5358593069134718
4fb8907bffd7866a,fd5da0bf0f2a,0,0,0,-3.5,primary:reversed,0.0010771694445884,0.0001664181425208,0.2072002246548511,0.0001077629900321,0.0161628541581716,0.0001207118450145,-1.3190293844728245
6f9ca8dc7dc33587,fd5da0bf0f2a,0,1,1,4.875,primary:standard,0.9992629949915072,0.9994231339272563,0.9143193345563454,0.9999999964345244,0.9408482782050124,0.9999999970649986,2.632927178132302
