actor,contrast,seed,effect,lower,upper,scenes,discordant,level
gemma,INV_COMPLETE_SINGLE_minus_INV_SPARSE_CONTINUE,s0,0.03125,-0.1171875,0.1796875,64,40,0.9875
gemma,INV_COMPLETE_SINGLE_minus_INV_SPARSE_CONTINUE,s1,0.21875,0.078125,0.3515625,64,41,0.9875
gemma,INV_COMPLETE_SINGLE_minus_INV_SPARSE_CONTINUE,avg,0.125,0.00390625,0.23828125,64,57,0.9875
gemma,FREE_COMPLETE_SINGLE_minus_FREE_SPARSE_CONTINUE,s0,0.046875,-0.0859375,0.1796875,64,28,0.9875
gemma,FREE_COMPLETE_SINGLE_minus_FREE_SPARSE_CONTINUE,s1,0.125,-0.0234375,0.265625,64,33,0.9875
gemma,FREE_COMPLETE_SINGLE_minus_FREE_SPARSE_CONTINUE,avg,0.0859375,-0.01171875,0.1875,64,45,0.9875
gemma,INV_COMPLETE_SINGLE_minus_FREE_COMPLETE_SINGLE|coverage_endpoint,s0,-0.09375,-0.25,0.05864257812500284,64,42,0.9875
gemma,INV_COMPLETE_SINGLE_minus_FREE_COMPLETE_SINGLE|coverage_endpoint,s1,0.0625,-0.078125,0.2109375,64,34,0.9875
gemma,INV_COMPLETE_SINGLE_minus_FREE_COMPLETE_SINGLE|coverage_endpoint,avg,-0.015625,-0.1328125,0.1015625,64,50,0.9875
gemma,INV_COMPLETE_SINGLE_minus_FREE_COMPLETE_SINGLE|repeat_restore,s0,-0.01875,-0.134375,0.103125,64,28,0.9875
gemma,INV_COMPLETE_SINGLE_minus_FREE_COMPLETE_SINGLE|repeat_restore,s1,0.15000000000000002,0.056249999999999994,0.24845703125000113,64,27,0.9875
gemma,INV_COMPLETE_SINGLE_minus_FREE_COMPLETE_SINGLE|repeat_restore,avg,0.06562499999999999,-0.0015624999999999944,0.1375,64,33,0.9875
gemma,INV_COMPLETE_SINGLE_minus_FREE_COMPLETE_SINGLE|two_three_edit_harm,s0,0.0205078125,-0.005779012044270868,0.04809672037760423,64,30,0.9875
gemma,INV_COMPLETE_SINGLE_minus_FREE_COMPLETE_SINGLE|two_three_edit_harm,s1,0.008300781249999998,-0.019613647460937536,0.037760416666666664,64,32,0.9875
gemma,INV_COMPLETE_SINGLE_minus_FREE_COMPLETE_SINGLE|two_three_edit_harm,avg,0.014404296874999997,-0.007365417480468767,0.037109375,64,39,0.9875
gemma,INV_COMPLETE_SINGLE_minus_FREE_COMPLETE_SINGLE|multi_program,s0,-0.03776041666666666,-0.13151041666666666,0.05989583333333335,64,47,0.9875
gemma,INV_COMPLETE_SINGLE_minus_FREE_COMPLETE_SINGLE|multi_program,s1,0.10286458333333331,0.03385416666666667,0.17838541666666663,64,48,0.9875
gemma,INV_COMPLETE_SINGLE_minus_FREE_COMPLETE_SINGLE|multi_program,avg,0.03255208333333332,-0.02799479166666668,0.09700520833333334,64,59,0.9875
gemma,INV_SPARSE_CONTINUE_minus_FREE_SPARSE_CONTINUE|coverage_endpoint,s0,-0.078125,-0.203125,0.046875,64,29,0.9875
gemma,INV_SPARSE_CONTINUE_minus_FREE_SPARSE_CONTINUE|coverage_endpoint,s1,-0.03125,-0.1796875,0.1171875,64,35,0.9875
gemma,INV_SPARSE_CONTINUE_minus_FREE_SPARSE_CONTINUE|coverage_endpoint,avg,-0.0546875,-0.15625,0.04296875,64,49,0.9875
gemma,INV_SPARSE_CONTINUE_minus_FREE_SPARSE_CONTINUE|repeat_restore,s0,0.003125000000000001,-0.1,0.10312500000000001,64,26,0.9875
gemma,INV_SPARSE_CONTINUE_minus_FREE_SPARSE_CONTINUE|repeat_restore,s1,0.040624999999999994,-0.10625000000000001,0.18125,64,43,0.9875
gemma,INV_SPARSE_CONTINUE_minus_FREE_SPARSE_CONTINUE|repeat_restore,avg,0.021875000000000012,-0.07187500000000002,0.11485351562500057,64,46,0.9875
gemma,INV_SPARSE_CONTINUE_minus_FREE_SPARSE_CONTINUE|two_three_edit_harm,s0,0.003417968749999999,-0.022137451171875072,0.02962239583333333,64,42,0.9875
gemma,INV_SPARSE_CONTINUE_minus_FREE_SPARSE_CONTINUE|two_three_edit_harm,s1,0.02783203125,-0.015950520833333336,0.07023213704427089,64,50,0.9875
gemma,INV_SPARSE_CONTINUE_minus_FREE_SPARSE_CONTINUE|two_three_edit_harm,avg,0.015625,-0.011597188313802102,0.04256184895833333,64,55,0.9875
gemma,INV_SPARSE_CONTINUE_minus_FREE_SPARSE_CONTINUE|multi_program,s0,-0.026041666666666657,-0.11328124999999999,0.0625,64,46,0.9875
gemma,INV_SPARSE_CONTINUE_minus_FREE_SPARSE_CONTINUE|multi_program,s1,-3.469446951953614e-18,-0.10546875,0.10416666666666669,64,49,0.9875
gemma,INV_SPARSE_CONTINUE_minus_FREE_SPARSE_CONTINUE|multi_program,avg,-0.013020833333333329,-0.0888712565104168,0.060546875000000014,64,58,0.9875
gemma,INV_SPARSE_CONTINUE_minus_FROZEN_V3_INVARIANT_SET|coverage_endpoint,s0,0.0,0.0,0.0,64,0,0.9875
gemma,INV_SPARSE_CONTINUE_minus_FROZEN_V3_INVARIANT_SET|coverage_endpoint,s1,-0.0703125,-0.1953125,0.0546875,64,28,0.9875
gemma,INV_SPARSE_CONTINUE_minus_FROZEN_V3_INVARIANT_SET|coverage_endpoint,avg,-0.03515625,-0.09765625,0.02734375,64,28,0.9875
gemma,INV_SPARSE_CONTINUE_minus_FROZEN_V3_INVARIANT_SET|repeat_restore,s0,0.0,0.0,0.0,64,0,0.9875
gemma,INV_SPARSE_CONTINUE_minus_FROZEN_V3_INVARIANT_SET|repeat_restore,s1,-0.018750000000000003,-0.15000000000000002,0.11875,64,42,0.9875
gemma,INV_SPARSE_CONTINUE_minus_FROZEN_V3_INVARIANT_SET|repeat_restore,avg,-0.009375,-0.075,0.059375,64,42,0.9875
gemma,INV_SPARSE_CONTINUE_minus_FROZEN_V3_INVARIANT_SET|two_three_edit_harm,s0,0.0,0.0,0.0,64,0,0.9875
gemma,INV_SPARSE_CONTINUE_minus_FROZEN_V3_INVARIANT_SET|two_three_edit_harm,s1,0.06819661458333333,0.03515625,0.10205078124999999,64,41,0.9875
gemma,INV_SPARSE_CONTINUE_minus_FROZEN_V3_INVARIANT_SET|two_three_edit_harm,avg,0.034098307291666664,0.017578125,0.051025390625,64,41,0.9875
gemma,INV_SPARSE_CONTINUE_minus_FROZEN_V3_INVARIANT_SET|multi_program,s0,0.0,0.0,0.0,64,0,0.9875
gemma,INV_SPARSE_CONTINUE_minus_FROZEN_V3_INVARIANT_SET|multi_program,s1,-0.033854166666666664,-0.12630208333333334,0.06119791666666667,64,53,0.9875
gemma,INV_SPARSE_CONTINUE_minus_FROZEN_V3_INVARIANT_SET|multi_program,avg,-0.016927083333333325,-0.06315104166666667,0.030598958333333346,64,53,0.9875
gemma,INV_COMPLETE_SINGLE_minus_FROZEN_V3_INVARIANT_SET|coverage_endpoint,s0,0.03125,-0.1171875,0.1796875,64,40,0.9875
gemma,INV_COMPLETE_SINGLE_minus_FROZEN_V3_INVARIANT_SET|coverage_endpoint,s1,0.1484375,0.0,0.296875,64,35,0.9875
gemma,INV_COMPLETE_SINGLE_minus_FROZEN_V3_INVARIANT_SET|coverage_endpoint,avg,0.08984375,-0.04296875,0.21875,64,50,0.9875
gemma,INV_COMPLETE_SINGLE_minus_FROZEN_V3_INVARIANT_SET|repeat_restore,s0,0.021874999999999995,-0.09687500000000002,0.14375,64,26,0.9875
gemma,INV_COMPLETE_SINGLE_minus_FROZEN_V3_INVARIANT_SET|repeat_restore,s1,0.1125,0.009375000000000001,0.22812499999999997,64,28,0.9875
gemma,INV_COMPLETE_SINGLE_minus_FROZEN_V3_INVARIANT_SET|repeat_restore,avg,0.06718749999999998,-0.009374999999999996,0.14297851562500058,64,40,0.9875
gemma,INV_COMPLETE_SINGLE_minus_FROZEN_V3_INVARIANT_SET|two_three_edit_harm,s0,-0.008463541666666666,-0.0390625,0.0244140625,64,42,0.9875
gemma,INV_COMPLETE_SINGLE_minus_FROZEN_V3_INVARIANT_SET|two_three_edit_harm,s1,0.022135416666666664,-0.01066182454427087,0.05786234537760422,64,38,0.9875
gemma,INV_COMPLETE_SINGLE_minus_FROZEN_V3_INVARIANT_SET|two_three_edit_harm,avg,0.006835937499999998,-0.022218831380208404,0.038534037272135446,64,49,0.9875
gemma,INV_COMPLETE_SINGLE_minus_FROZEN_V3_INVARIANT_SET|multi_program,s0,0.033854166666666664,-0.05859375000000001,0.12760416666666669,64,54,0.9875
gemma,INV_COMPLETE_SINGLE_minus_FROZEN_V3_INVARIANT_SET|multi_program,s1,0.12239583333333331,0.036458333333333315,0.21354166666666663,64,50,0.9875
gemma,INV_COMPLETE_SINGLE_minus_FROZEN_V3_INVARIANT_SET|multi_program,avg,0.07812499999999997,0.011067708333333329,0.14453124999999997,64,62,0.9875
gemma,FREE_SPARSE_CONTINUE_minus_FROZEN_V3_FREE_OVERWRITE|coverage_endpoint,s0,0.0,0.0,0.0,64,0,0.9875
gemma,FREE_SPARSE_CONTINUE_minus_FROZEN_V3_FREE_OVERWRITE|coverage_endpoint,s1,0.078125,-0.1015625,0.25,64,37,0.9875
gemma,FREE_SPARSE_CONTINUE_minus_FROZEN_V3_FREE_OVERWRITE|coverage_endpoint,avg,0.0390625,-0.05078125,0.125,64,37,0.9875
gemma,FREE_SPARSE_CONTINUE_minus_FROZEN_V3_FREE_OVERWRITE|repeat_restore,s0,0.0,0.0,0.0,64,0,0.9875
gemma,FREE_SPARSE_CONTINUE_minus_FROZEN_V3_FREE_OVERWRITE|repeat_restore,s1,0.20937499999999998,0.09375,0.32499999999999996,64,39,0.9875
gemma,FREE_SPARSE_CONTINUE_minus_FROZEN_V3_FREE_OVERWRITE|repeat_restore,avg,0.10468749999999999,0.04687500000000001,0.16249999999999998,64,39,0.9875
gemma,FREE_SPARSE_CONTINUE_minus_FROZEN_V3_FREE_OVERWRITE|two_three_edit_harm,s0,0.0,0.0,0.0,64,0,0.9875
gemma,FREE_SPARSE_CONTINUE_minus_FROZEN_V3_FREE_OVERWRITE|two_three_edit_harm,s1,0.0011393229166666685,-0.037517293294270865,0.04402770996093756,64,46,0.9875
gemma,FREE_SPARSE_CONTINUE_minus_FROZEN_V3_FREE_OVERWRITE|two_three_edit_harm,avg,0.0005696614583333352,-0.018758646647135432,0.02201385498046878,64,46,0.9875
gemma,FREE_SPARSE_CONTINUE_minus_FROZEN_V3_FREE_OVERWRITE|multi_program,s0,0.0,0.0,0.0,64,0,0.9875
gemma,FREE_SPARSE_CONTINUE_minus_FROZEN_V3_FREE_OVERWRITE|multi_program,s1,0.16927083333333337,0.05989583333333332,0.2825520833333333,64,56,0.9875
gemma,FREE_SPARSE_CONTINUE_minus_FROZEN_V3_FREE_OVERWRITE|multi_program,avg,0.08463541666666666,0.029947916666666664,0.14127604166666666,64,56,0.9875
gemma,FREE_COMPLETE_SINGLE_minus_FROZEN_V3_FREE_OVERWRITE|coverage_endpoint,s0,0.046875,-0.0859375,0.1796875,64,28,0.9875
gemma,FREE_COMPLETE_SINGLE_minus_FROZEN_V3_FREE_OVERWRITE|coverage_endpoint,s1,0.203125,0.046875,0.359375,64,36,0.9875
gemma,FREE_COMPLETE_SINGLE_minus_FROZEN_V3_FREE_OVERWRITE|coverage_endpoint,avg,0.125,0.01171875,0.234375,64,44,0.9875
gemma,FREE_COMPLETE_SINGLE_minus_FROZEN_V3_FREE_OVERWRITE|repeat_restore,s0,0.043750000000000004,-0.040624999999999994,0.12658203125000114,64,21,0.9875
gemma,FREE_COMPLETE_SINGLE_minus_FROZEN_V3_FREE_OVERWRITE|repeat_restore,s1,0.23125,0.125,0.33595703125000115,64,40,0.9875
gemma,FREE_COMPLETE_SINGLE_minus_FROZEN_V3_FREE_OVERWRITE|repeat_restore,avg,0.1375,0.065625,0.20625,64,44,0.9875
gemma,FREE_COMPLETE_SINGLE_minus_FROZEN_V3_FREE_OVERWRITE|two_three_edit_harm,s0,-0.025553385416666668,-0.053059895833333336,-0.000651041666666667,64,28,0.9875
gemma,FREE_COMPLETE_SINGLE_minus_FROZEN_V3_FREE_OVERWRITE|two_three_edit_harm,s1,-0.025390625,-0.0517578125,0.002278645833333336,64,42,0.9875
gemma,FREE_COMPLETE_SINGLE_minus_FROZEN_V3_FREE_OVERWRITE|two_three_edit_harm,avg,-0.02547200520833333,-0.0474858601888021,-0.004150390624999998,64,47,0.9875
gemma,FREE_COMPLETE_SINGLE_minus_FROZEN_V3_FREE_OVERWRITE|multi_program,s0,0.045572916666666664,-0.01562500000000001,0.10546875,64,40,0.9875
gemma,FREE_COMPLETE_SINGLE_minus_FROZEN_V3_FREE_OVERWRITE|multi_program,s1,0.22265625,0.12760416666666666,0.3183675130208338,64,54,0.9875
gemma,FREE_COMPLETE_SINGLE_minus_FROZEN_V3_FREE_OVERWRITE|multi_program,avg,0.13411458333333334,0.07388916015624986,0.19596354166666669,64,57,0.9875
gemma,INV_COMPLETE_SINGLE_minus_CANONICAL_CURRENT|coverage_endpoint,s0,-0.09375,-0.25,0.05864257812500284,64,42,0.9875
gemma,INV_COMPLETE_SINGLE_minus_CANONICAL_CURRENT|coverage_endpoint,s1,0.0,0.0,0.0,64,0,0.9875
gemma,INV_COMPLETE_SINGLE_minus_CANONICAL_CURRENT|coverage_endpoint,avg,-0.046875,-0.125,0.02932128906250142,64,42,0.9875
gemma,INV_COMPLETE_SINGLE_minus_CANONICAL_CURRENT|repeat_restore,s0,-0.021875000000000002,-0.125,0.0875,64,25,0.9875
gemma,INV_COMPLETE_SINGLE_minus_CANONICAL_CURRENT|repeat_restore,s1,0.003125000000000002,-0.009374999999999998,0.018750000000000003,64,3,0.9875
gemma,INV_COMPLETE_SINGLE_minus_CANONICAL_CURRENT|repeat_restore,avg,-0.009375000000000001,-0.0625,0.0453125,64,27,0.9875
gemma,INV_COMPLETE_SINGLE_minus_CANONICAL_CURRENT|two_three_edit_harm,s0,0.0205078125,-0.005779012044270868,0.04809672037760423,64,30,0.9875
gemma,INV_COMPLETE_SINGLE_minus_CANONICAL_CURRENT|two_three_edit_harm,s1,0.0,0.0,0.0,64,0,0.9875
gemma,INV_COMPLETE_SINGLE_minus_CANONICAL_CURRENT|two_three_edit_harm,avg,0.01025390625,-0.0028895060221354337,0.024048360188802114,64,30,0.9875
gemma,INV_COMPLETE_SINGLE_minus_CANONICAL_CURRENT|multi_program,s0,-0.04296875,-0.13281250000000003,0.04947916666666667,64,48,0.9875
gemma,INV_COMPLETE_SINGLE_minus_CANONICAL_CURRENT|multi_program,s1,0.0013020833333333333,-0.003906250000000003,0.0078125,64,3,0.9875
gemma,INV_COMPLETE_SINGLE_minus_CANONICAL_CURRENT|multi_program,avg,-0.020833333333333336,-0.06608479817708349,0.026692708333333315,64,48,0.9875
gemma,FREE_COMPLETE_SINGLE_minus_CANONICAL_CURRENT|coverage_endpoint,s0,0.0,0.0,0.0,64,0,0.9875
gemma,FREE_COMPLETE_SINGLE_minus_CANONICAL_CURRENT|coverage_endpoint,s1,-0.0625,-0.2109375,0.078125,64,34,0.9875
gemma,FREE_COMPLETE_SINGLE_minus_CANONICAL_CURRENT|coverage_endpoint,avg,-0.03125,-0.10546875,0.0390625,64,34,0.9875
gemma,FREE_COMPLETE_SINGLE_minus_CANONICAL_CURRENT|repeat_restore,s0,-0.003125000000000001,-0.05,0.046875,64,7,0.9875
gemma,FREE_COMPLETE_SINGLE_minus_CANONICAL_CURRENT|repeat_restore,s1,-0.14687499999999998,-0.2484570312500007,-0.05312499999999999,64,25,0.9875
gemma,FREE_COMPLETE_SINGLE_minus_CANONICAL_CURRENT|repeat_restore,avg,-0.07500000000000001,-0.1328125,-0.025000000000000005,64,26,0.9875
gemma,FREE_COMPLETE_SINGLE_minus_CANONICAL_CURRENT|two_three_edit_harm,s0,0.0,0.0,0.0,64,0,0.9875
gemma,FREE_COMPLETE_SINGLE_minus_CANONICAL_CURRENT|two_three_edit_harm,s1,-0.008300781249999998,-0.037760416666666664,0.01961364746093756,64,32,0.9875
gemma,FREE_COMPLETE_SINGLE_minus_CANONICAL_CURRENT|two_three_edit_harm,avg,-0.004150390624999998,-0.018880208333333332,0.009806823730468782,64,32,0.9875
gemma,FREE_COMPLETE_SINGLE_minus_CANONICAL_CURRENT|multi_program,s0,-0.005208333333333335,-0.024739583333333343,0.015625,64,10,0.9875
gemma,FREE_COMPLETE_SINGLE_minus_CANONICAL_CURRENT|multi_program,s1,-0.10156249999999999,-0.1764404296875003,-0.03255208333333333,64,48,0.9875
gemma,FREE_COMPLETE_SINGLE_minus_CANONICAL_CURRENT|multi_program,avg,-0.05338541666666666,-0.09505208333333331,-0.016276041666666668,64,51,0.9875
gemma,INV_SPARSE_CONTINUE_minus_CANONICAL_CURRENT|coverage_endpoint,s0,-0.125,-0.2734375,0.0234375,64,39,0.9875
gemma,INV_SPARSE_CONTINUE_minus_CANONICAL_CURRENT|coverage_endpoint,s1,-0.21875,-0.3515625,-0.078125,64,41,0.9875
gemma,INV_SPARSE_CONTINUE_minus_CANONICAL_CURRENT|coverage_endpoint,avg,-0.171875,-0.28125,-0.05859375,64,49,0.9875
gemma,INV_SPARSE_CONTINUE_minus_CANONICAL_CURRENT|repeat_restore,s0,-0.04375,-0.15000000000000002,0.05937500000000001,64,25,0.9875
gemma,INV_SPARSE_CONTINUE_minus_CANONICAL_CURRENT|repeat_restore,s1,-0.128125,-0.246875,-0.009375,64,31,0.9875
gemma,INV_SPARSE_CONTINUE_minus_CANONICAL_CURRENT|repeat_restore,avg,-0.08593749999999999,-0.16874999999999998,-0.0038964843749994247,64,39,0.9875
gemma,INV_SPARSE_CONTINUE_minus_CANONICAL_CURRENT|two_three_edit_harm,s0,0.028971354166666664,0.0006510416666666665,0.05835062662760423,64,36,0.9875
gemma,INV_SPARSE_CONTINUE_minus_CANONICAL_CURRENT|two_three_edit_harm,s1,0.046061197916666664,0.0026041666666666665,0.09057718912760422,64,48,0.9875
gemma,INV_SPARSE_CONTINUE_minus_CANONICAL_CURRENT|two_three_edit_harm,avg,0.03751627604166667,0.009195963541666666,0.06644744873046877,64,54,0.9875
gemma,INV_SPARSE_CONTINUE_minus_CANONICAL_CURRENT|multi_program,s0,-0.07682291666666666,-0.16276041666666666,0.010416666666666671,64,54,0.9875
gemma,INV_SPARSE_CONTINUE_minus_CANONICAL_CURRENT|multi_program,s1,-0.15494791666666666,-0.24218749999999997,-0.07552083333333331,64,58,0.9875
gemma,INV_SPARSE_CONTINUE_minus_CANONICAL_CURRENT|multi_program,avg,-0.11588541666666666,-0.18197021484375012,-0.05143229166666666,64,58,0.9875
gemma,FREE_SPARSE_CONTINUE_minus_CANONICAL_CURRENT|coverage_endpoint,s0,-0.046875,-0.1796875,0.0859375,64,28,0.9875
gemma,FREE_SPARSE_CONTINUE_minus_CANONICAL_CURRENT|coverage_endpoint,s1,-0.1875,-0.328125,-0.0546875,64,27,0.9875
gemma,FREE_SPARSE_CONTINUE_minus_CANONICAL_CURRENT|coverage_endpoint,avg,-0.1171875,-0.21875,-0.01755371093749858,64,45,0.9875
gemma,FREE_SPARSE_CONTINUE_minus_CANONICAL_CURRENT|repeat_restore,s0,-0.046875,-0.12187500000000001,0.034374999999999996,64,20,0.9875
gemma,FREE_SPARSE_CONTINUE_minus_CANONICAL_CURRENT|repeat_restore,s1,-0.16875,-0.284375,-0.059375000000000004,64,28,0.9875
gemma,FREE_SPARSE_CONTINUE_minus_CANONICAL_CURRENT|repeat_restore,avg,-0.1078125,-0.1640625,-0.05156249999999999,64,35,0.9875
gemma,FREE_SPARSE_CONTINUE_minus_CANONICAL_CURRENT|two_three_edit_harm,s0,0.025553385416666668,0.000651041666666667,0.053059895833333336,64,28,0.9875
gemma,FREE_SPARSE_CONTINUE_minus_CANONICAL_CURRENT|two_three_edit_harm,s1,0.018229166666666668,-0.009765624999999998,0.05013020833333333,64,33,0.9875
gemma,FREE_SPARSE_CONTINUE_minus_CANONICAL_CURRENT|two_three_edit_harm,avg,0.021891276041666668,0.004434712727864568,0.03971455891927089,64,47,0.9875
gemma,FREE_SPARSE_CONTINUE_minus_CANONICAL_CURRENT|multi_program,s0,-0.05078125,-0.11328125,0.013680013020833808,64,42,0.9875
gemma,FREE_SPARSE_CONTINUE_minus_CANONICAL_CURRENT|multi_program,s1,-0.15494791666666666,-0.24088541666666666,-0.07421875,64,52,0.9875
gemma,FREE_SPARSE_CONTINUE_minus_CANONICAL_CURRENT|multi_program,avg,-0.10286458333333333,-0.14908854166666669,-0.0546875,64,57,0.9875
gemma,INV_SPARSE_CONTINUE_minus_NATURAL_FINAL_WORLD|coverage_endpoint,s0,0.09375,-0.0625,0.25,64,45,0.9875
gemma,INV_SPARSE_CONTINUE_minus_NATURAL_FINAL_WORLD|coverage_endpoint,s1,-0.0546875,-0.171875,0.0625,64,28,0.9875
gemma,INV_SPARSE_CONTINUE_minus_TEXT_CORRECTION_SEQ|coverage_endpoint,s0,0.0625,-0.125,0.25,64,52,0.9875
gemma,INV_SPARSE_CONTINUE_minus_TEXT_CORRECTION_SEQ|coverage_endpoint,s1,-0.0859375,-0.2265625,0.046875,64,35,0.9875
gemma,INV_COMPLETE_SINGLE_minus_NATURAL_FINAL_WORLD|coverage_endpoint,s0,0.125,-0.027392578125001732,0.2734375,64,29,0.9875
gemma,INV_COMPLETE_SINGLE_minus_NATURAL_FINAL_WORLD|coverage_endpoint,s1,0.1640625,0.0234375,0.296875,64,31,0.9875
gemma,INV_COMPLETE_SINGLE_minus_TEXT_CORRECTION_SEQ|coverage_endpoint,s0,0.09375,-0.0625,0.234375,64,34,0.9875
gemma,INV_COMPLETE_SINGLE_minus_TEXT_CORRECTION_SEQ|coverage_endpoint,s1,0.1328125,0.0,0.2734375,64,35,0.9875
gemma,FREE_SPARSE_CONTINUE_minus_NATURAL_FINAL_WORLD|coverage_endpoint,s0,0.171875,-0.0078125,0.34770507812500284,64,45,0.9875
gemma,FREE_SPARSE_CONTINUE_minus_NATURAL_FINAL_WORLD|coverage_endpoint,s1,-0.0234375,-0.1796875,0.1328125,64,29,0.9875
gemma,FREE_SPARSE_CONTINUE_minus_TEXT_CORRECTION_SEQ|coverage_endpoint,s0,0.140625,-0.078125,0.3515625,64,55,0.9875
gemma,FREE_SPARSE_CONTINUE_minus_TEXT_CORRECTION_SEQ|coverage_endpoint,s1,-0.0546875,-0.203125,0.09375,64,33,0.9875
gemma,FREE_COMPLETE_SINGLE_minus_NATURAL_FINAL_WORLD|coverage_endpoint,s0,0.21875,0.0703125,0.359375,64,35,0.9875
gemma,FREE_COMPLETE_SINGLE_minus_NATURAL_FINAL_WORLD|coverage_endpoint,s1,0.1015625,-0.06645507812500173,0.265625,64,43,0.9875
gemma,FREE_COMPLETE_SINGLE_minus_TEXT_CORRECTION_SEQ|coverage_endpoint,s0,0.1875,0.0078125,0.359375,64,46,0.9875
gemma,FREE_COMPLETE_SINGLE_minus_TEXT_CORRECTION_SEQ|coverage_endpoint,s1,0.0703125,-0.0859375,0.21875,64,42,0.9875
gemma,FROZEN_V3_INVARIANT_SET_minus_NATURAL_FINAL_WORLD|coverage_endpoint,s0,0.09375,-0.0625,0.25,64,45,0.9875
gemma,FROZEN_V3_INVARIANT_SET_minus_NATURAL_FINAL_WORLD|coverage_endpoint,s1,0.015625,-0.125,0.15625,64,32,0.9875
gemma,FROZEN_V3_INVARIANT_SET_minus_TEXT_CORRECTION_SEQ|coverage_endpoint,s0,0.0625,-0.125,0.25,64,52,0.9875
gemma,FROZEN_V3_INVARIANT_SET_minus_TEXT_CORRECTION_SEQ|coverage_endpoint,s1,-0.015625,-0.203125,0.1640625,64,41,0.9875
gemma,FROZEN_V3_FREE_OVERWRITE_minus_NATURAL_FINAL_WORLD|coverage_endpoint,s0,0.171875,-0.0078125,0.34770507812500284,64,45,0.9875
gemma,FROZEN_V3_FREE_OVERWRITE_minus_NATURAL_FINAL_WORLD|coverage_endpoint,s1,-0.1015625,-0.2734375,0.0703125,64,36,0.9875
gemma,FROZEN_V3_FREE_OVERWRITE_minus_TEXT_CORRECTION_SEQ|coverage_endpoint,s0,0.140625,-0.078125,0.3515625,64,55,0.9875
gemma,FROZEN_V3_FREE_OVERWRITE_minus_TEXT_CORRECTION_SEQ|coverage_endpoint,s1,-0.1328125,-0.3125,0.05083007812500284,64,47,0.9875
gemma,CANONICAL_CURRENT_minus_NATURAL_FINAL_WORLD|coverage_endpoint,s0,0.21875,0.0703125,0.359375,64,35,0.9875
gemma,CANONICAL_CURRENT_minus_NATURAL_FINAL_WORLD|coverage_endpoint,s1,0.1640625,0.0234375,0.296875,64,31,0.9875
gemma,CANONICAL_CURRENT_minus_TEXT_CORRECTION_SEQ|coverage_endpoint,s0,0.1875,0.0078125,0.359375,64,46,0.9875
gemma,CANONICAL_CURRENT_minus_TEXT_CORRECTION_SEQ|coverage_endpoint,s1,0.1328125,0.0,0.2734375,64,35,0.9875
qwen,INV_COMPLETE_SINGLE_minus_INV_SPARSE_CONTINUE,s0,0.3125,0.109375,0.515625,32,17,0.9875
qwen,INV_COMPLETE_SINGLE_minus_INV_SPARSE_CONTINUE,s1,0.25,0.09375,0.421875,32,14,0.9875
qwen,INV_COMPLETE_SINGLE_minus_INV_SPARSE_CONTINUE,avg,0.28125,0.1328125,0.4375,32,20,0.9875
qwen,FREE_COMPLETE_SINGLE_minus_FREE_SPARSE_CONTINUE,s0,0.234375,0.09375,0.390625,32,14,0.9875
qwen,FREE_COMPLETE_SINGLE_minus_FREE_SPARSE_CONTINUE,s1,0.265625,0.078125,0.453125,32,18,0.9875
qwen,FREE_COMPLETE_SINGLE_minus_FREE_SPARSE_CONTINUE,avg,0.25,0.1171875,0.38676757812500284,32,19,0.9875
qwen,INV_COMPLETE_SINGLE_minus_FREE_COMPLETE_SINGLE|coverage_endpoint,s0,0.09375,-0.09375,0.28125,32,18,0.9875
qwen,INV_COMPLETE_SINGLE_minus_FREE_COMPLETE_SINGLE|coverage_endpoint,s1,0.015625,-0.15625,0.1875,32,16,0.9875
qwen,INV_COMPLETE_SINGLE_minus_FREE_COMPLETE_SINGLE|coverage_endpoint,avg,0.0546875,-0.078125,0.171875,32,14,0.9875
qwen,INV_COMPLETE_SINGLE_minus_FREE_COMPLETE_SINGLE|repeat_restore,s0,0.3,0.1625,0.45625,32,17,0.9875
qwen,INV_COMPLETE_SINGLE_minus_FREE_COMPLETE_SINGLE|repeat_restore,s1,0.08125,-0.02500000000000001,0.2,32,15,0.9875
qwen,INV_COMPLETE_SINGLE_minus_FREE_COMPLETE_SINGLE|repeat_restore,avg,0.190625,0.09375,0.29374999999999996,32,22,0.9875
qwen,INV_COMPLETE_SINGLE_minus_FREE_COMPLETE_SINGLE|two_three_edit_harm,s0,-0.029622395833333336,-0.05533854166666667,-0.005369059244791548,32,19,0.9875
qwen,INV_COMPLETE_SINGLE_minus_FREE_COMPLETE_SINGLE|two_three_edit_harm,s1,-0.013671874999999997,-0.04622395833333333,0.020998128255208456,32,21,0.9875
qwen,INV_COMPLETE_SINGLE_minus_FREE_COMPLETE_SINGLE|two_three_edit_harm,avg,-0.021647135416666664,-0.04182942708333333,-0.00024312337239577338,32,27,0.9875
qwen,INV_COMPLETE_SINGLE_minus_FREE_COMPLETE_SINGLE|multi_program,s0,0.19010416666666669,0.07031249999999997,0.3177083333333333,32,26,0.9875
qwen,INV_COMPLETE_SINGLE_minus_FREE_COMPLETE_SINGLE|multi_program,s1,0.05729166666666666,-0.031250000000000014,0.15364583333333331,32,22,0.9875
qwen,INV_COMPLETE_SINGLE_minus_FREE_COMPLETE_SINGLE|multi_program,avg,0.12369791666666666,0.040364583333333315,0.203125,32,28,0.9875
qwen,INV_SPARSE_CONTINUE_minus_FREE_SPARSE_CONTINUE|coverage_endpoint,s0,0.015625,-0.109375,0.140625,32,11,0.9875
qwen,INV_SPARSE_CONTINUE_minus_FREE_SPARSE_CONTINUE|coverage_endpoint,s1,0.03125,-0.125,0.1875,32,13,0.9875
qwen,INV_SPARSE_CONTINUE_minus_FREE_SPARSE_CONTINUE|coverage_endpoint,avg,0.0234375,-0.078125,0.1328125,32,15,0.9875
qwen,INV_SPARSE_CONTINUE_minus_FREE_SPARSE_CONTINUE|repeat_restore,s0,0.16249999999999998,0.031249999999999986,0.29375,32,18,0.9875
qwen,INV_SPARSE_CONTINUE_minus_FREE_SPARSE_CONTINUE|repeat_restore,s1,0.25,0.12499999999999999,0.39375,32,16,0.9875
qwen,INV_SPARSE_CONTINUE_minus_FREE_SPARSE_CONTINUE|repeat_restore,avg,0.20625,0.11249999999999999,0.315625,32,20,0.9875
qwen,INV_SPARSE_CONTINUE_minus_FREE_SPARSE_CONTINUE|two_three_edit_harm,s0,0.016927083333333332,-0.031414794921875065,0.061197916666666664,32,27,0.9875
qwen,INV_SPARSE_CONTINUE_minus_FREE_SPARSE_CONTINUE|two_three_edit_harm,s1,0.0283203125,-0.00504760742187507,0.06038614908854178,32,21,0.9875
qwen,INV_SPARSE_CONTINUE_minus_FREE_SPARSE_CONTINUE|two_three_edit_harm,avg,0.022623697916666664,-0.003743489583333332,0.04907328287760423,32,26,0.9875
qwen,INV_SPARSE_CONTINUE_minus_FREE_SPARSE_CONTINUE|multi_program,s0,0.109375,0.023437500000000003,0.19791666666666669,32,27,0.9875
qwen,INV_SPARSE_CONTINUE_minus_FREE_SPARSE_CONTINUE|multi_program,s1,0.15364583333333334,0.07031250000000001,0.25,32,24,0.9875
qwen,INV_SPARSE_CONTINUE_minus_FREE_SPARSE_CONTINUE|multi_program,avg,0.13151041666666669,0.061840820312499704,0.20769042968750046,32,27,0.9875
qwen,INV_SPARSE_CONTINUE_minus_FROZEN_V3_INVARIANT_SET|coverage_endpoint,s0,0.0,0.0,0.0,32,0,0.9875
qwen,INV_SPARSE_CONTINUE_minus_FROZEN_V3_INVARIANT_SET|coverage_endpoint,s1,0.0,0.0,0.0,32,0,0.9875
qwen,INV_SPARSE_CONTINUE_minus_FROZEN_V3_INVARIANT_SET|coverage_endpoint,avg,0.0,0.0,0.0,32,0,0.9875
qwen,INV_SPARSE_CONTINUE_minus_FROZEN_V3_INVARIANT_SET|repeat_restore,s0,0.0,0.0,0.0,32,0,0.9875
qwen,INV_SPARSE_CONTINUE_minus_FROZEN_V3_INVARIANT_SET|repeat_restore,s1,0.0,0.0,0.0,32,0,0.9875
qwen,INV_SPARSE_CONTINUE_minus_FROZEN_V3_INVARIANT_SET|repeat_restore,avg,0.0,0.0,0.0,32,0,0.9875
qwen,INV_SPARSE_CONTINUE_minus_FROZEN_V3_INVARIANT_SET|two_three_edit_harm,s0,0.0,0.0,0.0,32,0,0.9875
qwen,INV_SPARSE_CONTINUE_minus_FROZEN_V3_INVARIANT_SET|two_three_edit_harm,s1,0.0,0.0,0.0,32,0,0.9875
qwen,INV_SPARSE_CONTINUE_minus_FROZEN_V3_INVARIANT_SET|two_three_edit_harm,avg,0.0,0.0,0.0,32,0,0.9875
qwen,INV_SPARSE_CONTINUE_minus_FROZEN_V3_INVARIANT_SET|multi_program,s0,0.0,0.0,0.0,32,0,0.9875
qwen,INV_SPARSE_CONTINUE_minus_FROZEN_V3_INVARIANT_SET|multi_program,s1,0.0,0.0,0.0,32,0,0.9875
qwen,INV_SPARSE_CONTINUE_minus_FROZEN_V3_INVARIANT_SET|multi_program,avg,0.0,0.0,0.0,32,0,0.9875
qwen,INV_COMPLETE_SINGLE_minus_FROZEN_V3_INVARIANT_SET|coverage_endpoint,s0,0.3125,0.109375,0.515625,32,17,0.9875
qwen,INV_COMPLETE_SINGLE_minus_FROZEN_V3_INVARIANT_SET|coverage_endpoint,s1,0.25,0.09375,0.421875,32,14,0.9875
qwen,INV_COMPLETE_SINGLE_minus_FROZEN_V3_INVARIANT_SET|coverage_endpoint,avg,0.28125,0.1328125,0.4375,32,20,0.9875
qwen,INV_COMPLETE_SINGLE_minus_FROZEN_V3_INVARIANT_SET|repeat_restore,s0,0.19375000000000003,0.0375,0.35624999999999996,32,14,0.9875
qwen,INV_COMPLETE_SINGLE_minus_FROZEN_V3_INVARIANT_SET|repeat_restore,s1,0.0125,-0.09375,0.11875,32,8,0.9875
qwen,INV_COMPLETE_SINGLE_minus_FROZEN_V3_INVARIANT_SET|repeat_restore,avg,0.103125,-0.009375,0.21875,32,16,0.9875
qwen,INV_COMPLETE_SINGLE_minus_FROZEN_V3_INVARIANT_SET|two_three_edit_harm,s0,-0.09928385416666666,-0.13834635416666666,-0.05794270833333333,32,26,0.9875
qwen,INV_COMPLETE_SINGLE_minus_FROZEN_V3_INVARIANT_SET|two_three_edit_harm,s1,-0.05859375,-0.09147135416666666,-0.024088541666666664,32,28,0.9875
qwen,INV_COMPLETE_SINGLE_minus_FROZEN_V3_INVARIANT_SET|two_three_edit_harm,avg,-0.07893880208333334,-0.10701599121093754,-0.05110677083333333,32,27,0.9875
qwen,INV_COMPLETE_SINGLE_minus_FROZEN_V3_INVARIANT_SET|multi_program,s0,0.22395833333333331,0.1015625,0.3489583333333333,32,22,0.9875
qwen,INV_COMPLETE_SINGLE_minus_FROZEN_V3_INVARIANT_SET|multi_program,s1,0.09374999999999999,-0.010416666666666676,0.19791666666666666,32,18,0.9875
qwen,INV_COMPLETE_SINGLE_minus_FROZEN_V3_INVARIANT_SET|multi_program,avg,0.15885416666666666,0.057291666666666664,0.26041666666666663,32,26,0.9875
qwen,FREE_SPARSE_CONTINUE_minus_FROZEN_V3_FREE_OVERWRITE|coverage_endpoint,s0,-0.03125,-0.140625,0.078125,32,8,0.9875
qwen,FREE_SPARSE_CONTINUE_minus_FROZEN_V3_FREE_OVERWRITE|coverage_endpoint,s1,0.109375,0.0,0.21875,32,9,0.9875
qwen,FREE_SPARSE_CONTINUE_minus_FROZEN_V3_FREE_OVERWRITE|coverage_endpoint,avg,0.0390625,-0.03125,0.1171875,32,12,0.9875
qwen,FREE_SPARSE_CONTINUE_minus_FROZEN_V3_FREE_OVERWRITE|repeat_restore,s0,-0.018750000000000003,-0.1375,0.1,32,14,0.9875
qwen,FREE_SPARSE_CONTINUE_minus_FROZEN_V3_FREE_OVERWRITE|repeat_restore,s1,0.08125000000000002,-0.00625,0.175,32,14,0.9875
qwen,FREE_SPARSE_CONTINUE_minus_FROZEN_V3_FREE_OVERWRITE|repeat_restore,avg,0.031249999999999993,-0.034375,0.09999999999999999,32,19,0.9875
qwen,FREE_SPARSE_CONTINUE_minus_FROZEN_V3_FREE_OVERWRITE|two_three_edit_harm,s0,-0.05989583333333333,-0.0991231282552084,-0.02018229166666666,32,27,0.9875
qwen,FREE_SPARSE_CONTINUE_minus_FROZEN_V3_FREE_OVERWRITE|two_three_edit_harm,s1,-0.06705729166666666,-0.1137715657552084,-0.024414062499999997,32,25,0.9875
qwen,FREE_SPARSE_CONTINUE_minus_FROZEN_V3_FREE_OVERWRITE|two_three_edit_harm,avg,-0.0634765625,-0.09049479166666666,-0.03629557291666666,32,28,0.9875
qwen,FREE_SPARSE_CONTINUE_minus_FROZEN_V3_FREE_OVERWRITE|multi_program,s0,-0.031249999999999993,-0.09114583333333334,0.026041666666666668,32,17,0.9875
qwen,FREE_SPARSE_CONTINUE_minus_FROZEN_V3_FREE_OVERWRITE|multi_program,s1,0.0859375,0.010416666666666668,0.15625,32,23,0.9875
qwen,FREE_SPARSE_CONTINUE_minus_FROZEN_V3_FREE_OVERWRITE|multi_program,avg,0.027343750000000007,-0.014322916666666664,0.06706542968750048,32,22,0.9875
qwen,FREE_COMPLETE_SINGLE_minus_FROZEN_V3_FREE_OVERWRITE|coverage_endpoint,s0,0.203125,0.046875,0.375,32,16,0.9875
qwen,FREE_COMPLETE_SINGLE_minus_FROZEN_V3_FREE_OVERWRITE|coverage_endpoint,s1,0.375,0.1875,0.5625,32,18,0.9875
qwen,FREE_COMPLETE_SINGLE_minus_FROZEN_V3_FREE_OVERWRITE|coverage_endpoint,avg,0.2890625,0.1484375,0.4375,32,20,0.9875
qwen,FREE_COMPLETE_SINGLE_minus_FROZEN_V3_FREE_OVERWRITE|repeat_restore,s0,0.037500000000000006,-0.11249999999999999,0.19691406250000226,32,20,0.9875
qwen,FREE_COMPLETE_SINGLE_minus_FROZEN_V3_FREE_OVERWRITE|repeat_restore,s1,0.26249999999999996,0.13124999999999998,0.40625,32,18,0.9875
qwen,FREE_COMPLETE_SINGLE_minus_FROZEN_V3_FREE_OVERWRITE|repeat_restore,avg,0.15,0.046874999999999986,0.26249999999999996,32,24,0.9875
qwen,FREE_COMPLETE_SINGLE_minus_FROZEN_V3_FREE_OVERWRITE|two_three_edit_harm,s0,-0.11263020833333333,-0.14973958333333331,-0.0743794759114582,32,30,0.9875
qwen,FREE_COMPLETE_SINGLE_minus_FROZEN_V3_FREE_OVERWRITE|two_three_edit_harm,s1,-0.08365885416666666,-0.12614135742187507,-0.04459635416666666,32,27,0.9875
qwen,FREE_COMPLETE_SINGLE_minus_FROZEN_V3_FREE_OVERWRITE|two_three_edit_harm,avg,-0.09814453125,-0.13118489583333331,-0.06811421712239576,32,29,0.9875
qwen,FREE_COMPLETE_SINGLE_minus_FROZEN_V3_FREE_OVERWRITE|multi_program,s0,0.11197916666666666,0.014306640624999431,0.20833333333333334,32,24,0.9875
qwen,FREE_COMPLETE_SINGLE_minus_FROZEN_V3_FREE_OVERWRITE|multi_program,s1,0.2760416666666667,0.15364583333333331,0.3984375,32,22,0.9875
qwen,FREE_COMPLETE_SINGLE_minus_FROZEN_V3_FREE_OVERWRITE|multi_program,avg,0.19401041666666669,0.11328125,0.27473958333333337,32,28,0.9875
qwen,INV_COMPLETE_SINGLE_minus_CANONICAL_CURRENT|coverage_endpoint,s0,0.0,0.0,0.0,32,0,0.9875
qwen,INV_COMPLETE_SINGLE_minus_CANONICAL_CURRENT|coverage_endpoint,s1,0.0,0.0,0.0,32,0,0.9875
qwen,INV_COMPLETE_SINGLE_minus_CANONICAL_CURRENT|coverage_endpoint,avg,0.0,0.0,0.0,32,0,0.9875
qwen,INV_COMPLETE_SINGLE_minus_CANONICAL_CURRENT|repeat_restore,s0,0.006250000000000002,0.0,0.02500000000000001,32,1,0.9875
qwen,INV_COMPLETE_SINGLE_minus_CANONICAL_CURRENT|repeat_restore,s1,-0.006249999999999999,-0.024999999999999994,0.0,32,1,0.9875
qwen,INV_COMPLETE_SINGLE_minus_CANONICAL_CURRENT|repeat_restore,avg,0.0,-0.012499999999999997,0.012499999999999997,32,2,0.9875
qwen,INV_COMPLETE_SINGLE_minus_CANONICAL_CURRENT|two_three_edit_harm,s0,0.0,0.0,0.0,32,0,0.9875
qwen,INV_COMPLETE_SINGLE_minus_CANONICAL_CURRENT|two_three_edit_harm,s1,0.0,0.0,0.0,32,0,0.9875
qwen,INV_COMPLETE_SINGLE_minus_CANONICAL_CURRENT|two_three_edit_harm,avg,0.0,0.0,0.0,32,0,0.9875
qwen,INV_COMPLETE_SINGLE_minus_CANONICAL_CURRENT|multi_program,s0,0.0026041666666666644,0.0,0.010416666666666657,32,1,0.9875
qwen,INV_COMPLETE_SINGLE_minus_CANONICAL_CURRENT|multi_program,s1,-0.002604166666666668,-0.010416666666666671,0.0,32,1,0.9875
qwen,INV_COMPLETE_SINGLE_minus_CANONICAL_CURRENT|multi_program,avg,-6.938893903907228e-18,-0.005208333333333343,0.005208333333333315,32,2,0.9875
qwen,FREE_COMPLETE_SINGLE_minus_CANONICAL_CURRENT|coverage_endpoint,s0,-0.09375,-0.28125,0.09375,32,18,0.9875
qwen,FREE_COMPLETE_SINGLE_minus_CANONICAL_CURRENT|coverage_endpoint,s1,-0.015625,-0.1875,0.15625,32,16,0.9875
qwen,FREE_COMPLETE_SINGLE_minus_CANONICAL_CURRENT|coverage_endpoint,avg,-0.0546875,-0.171875,0.078125,32,14,0.9875
qwen,FREE_COMPLETE_SINGLE_minus_CANONICAL_CURRENT|repeat_restore,s0,-0.29375,-0.44375,-0.16249999999999998,32,17,0.9875
qwen,FREE_COMPLETE_SINGLE_minus_CANONICAL_CURRENT|repeat_restore,s1,-0.08750000000000001,-0.20941406250000139,0.018750000000000017,32,15,0.9875
qwen,FREE_COMPLETE_SINGLE_minus_CANONICAL_CURRENT|repeat_restore,avg,-0.190625,-0.29375,-0.09375,32,22,0.9875
qwen,FREE_COMPLETE_SINGLE_minus_CANONICAL_CURRENT|two_three_edit_harm,s0,0.029622395833333336,0.005369059244791594,0.05533854166666667,32,19,0.9875
qwen,FREE_COMPLETE_SINGLE_minus_CANONICAL_CURRENT|two_three_edit_harm,s1,0.013671874999999997,-0.020998128255208408,0.04622395833333333,32,21,0.9875
qwen,FREE_COMPLETE_SINGLE_minus_CANONICAL_CURRENT|two_three_edit_harm,avg,0.021647135416666664,0.00024312337239579653,0.04182942708333333,32,27,0.9875
qwen,FREE_COMPLETE_SINGLE_minus_CANONICAL_CURRENT|multi_program,s0,-0.1875,-0.3151041666666667,-0.06770833333333331,32,26,0.9875
qwen,FREE_COMPLETE_SINGLE_minus_CANONICAL_CURRENT|multi_program,s1,-0.05989583333333333,-0.15885416666666669,0.03125,32,22,0.9875
qwen,FREE_COMPLETE_SINGLE_minus_CANONICAL_CURRENT|multi_program,avg,-0.12369791666666667,-0.20572916666666666,-0.040364583333333315,32,28,0.9875
qwen,INV_SPARSE_CONTINUE_minus_CANONICAL_CURRENT|coverage_endpoint,s0,-0.3125,-0.515625,-0.109375,32,17,0.9875
qwen,INV_SPARSE_CONTINUE_minus_CANONICAL_CURRENT|coverage_endpoint,s1,-0.25,-0.421875,-0.09375,32,14,0.9875
qwen,INV_SPARSE_CONTINUE_minus_CANONICAL_CURRENT|coverage_endpoint,avg,-0.28125,-0.4375,-0.1328125,32,20,0.9875
qwen,INV_SPARSE_CONTINUE_minus_CANONICAL_CURRENT|repeat_restore,s0,-0.1875,-0.34375,-0.031249999999999997,32,14,0.9875
qwen,INV_SPARSE_CONTINUE_minus_CANONICAL_CURRENT|repeat_restore,s1,-0.01875,-0.125,0.08750000000000001,32,8,0.9875
qwen,INV_SPARSE_CONTINUE_minus_CANONICAL_CURRENT|repeat_restore,avg,-0.103125,-0.21875,0.009375000000000003,32,16,0.9875
qwen,INV_SPARSE_CONTINUE_minus_CANONICAL_CURRENT|two_three_edit_harm,s0,0.09928385416666666,0.05794270833333333,0.13834635416666666,32,26,0.9875
qwen,INV_SPARSE_CONTINUE_minus_CANONICAL_CURRENT|two_three_edit_harm,s1,0.05859375,0.024088541666666664,0.09147135416666666,32,28,0.9875
qwen,INV_SPARSE_CONTINUE_minus_CANONICAL_CURRENT|two_three_edit_harm,avg,0.07893880208333334,0.05110677083333333,0.10701599121093755,32,27,0.9875
qwen,INV_SPARSE_CONTINUE_minus_CANONICAL_CURRENT|multi_program,s0,-0.22135416666666666,-0.34635416666666663,-0.1015625,32,22,0.9875
qwen,INV_SPARSE_CONTINUE_minus_CANONICAL_CURRENT|multi_program,s1,-0.09635416666666666,-0.203125,0.007812500000000014,32,18,0.9875
qwen,INV_SPARSE_CONTINUE_minus_CANONICAL_CURRENT|multi_program,avg,-0.15885416666666669,-0.25911458333333337,-0.05729166666666667,32,26,0.9875
qwen,FREE_SPARSE_CONTINUE_minus_CANONICAL_CURRENT|coverage_endpoint,s0,-0.328125,-0.53125,-0.125,32,20,0.9875
qwen,FREE_SPARSE_CONTINUE_minus_CANONICAL_CURRENT|coverage_endpoint,s1,-0.28125,-0.484375,-0.078125,32,20,0.9875
qwen,FREE_SPARSE_CONTINUE_minus_CANONICAL_CURRENT|coverage_endpoint,avg,-0.3046875,-0.4609375,-0.15625,32,24,0.9875
qwen,FREE_SPARSE_CONTINUE_minus_CANONICAL_CURRENT|repeat_restore,s0,-0.35,-0.5249999999999999,-0.18125,32,22,0.9875
qwen,FREE_SPARSE_CONTINUE_minus_CANONICAL_CURRENT|repeat_restore,s1,-0.26875,-0.41875,-0.12183593749999772,32,19,0.9875
qwen,FREE_SPARSE_CONTINUE_minus_CANONICAL_CURRENT|repeat_restore,avg,-0.30937499999999996,-0.4359570312500007,-0.184375,32,24,0.9875
qwen,FREE_SPARSE_CONTINUE_minus_CANONICAL_CURRENT|two_three_edit_harm,s0,0.08235677083333333,0.0400390625,0.1251647949218751,32,24,0.9875
qwen,FREE_SPARSE_CONTINUE_minus_CANONICAL_CURRENT|two_three_edit_harm,s1,0.030273437499999993,-0.01058146158854174,0.06754760742187511,32,25,0.9875
qwen,FREE_SPARSE_CONTINUE_minus_CANONICAL_CURRENT|two_three_edit_harm,avg,0.056315104166666664,0.024657185872395793,0.08968098958333333,32,28,0.9875
qwen,FREE_SPARSE_CONTINUE_minus_CANONICAL_CURRENT|multi_program,s0,-0.3307291666666667,-0.4596516927083339,-0.19791666666666669,32,27,0.9875
qwen,FREE_SPARSE_CONTINUE_minus_CANONICAL_CURRENT|multi_program,s1,-0.24999999999999997,-0.3697916666666667,-0.1328125,32,24,0.9875
qwen,FREE_SPARSE_CONTINUE_minus_CANONICAL_CURRENT|multi_program,avg,-0.29036458333333337,-0.3964925130208336,-0.18163248697916617,32,27,0.9875
qwen,INV_SPARSE_CONTINUE_minus_NATURAL_FINAL_WORLD|coverage_endpoint,s0,0.078125,-0.0625,0.21875,32,9,0.9875
qwen,INV_SPARSE_CONTINUE_minus_NATURAL_FINAL_WORLD|coverage_endpoint,s1,0.171875,0.03125,0.3125,32,14,0.9875
qwen,INV_SPARSE_CONTINUE_minus_TEXT_CORRECTION_SEQ|coverage_endpoint,s0,0.15625,0.046875,0.296875,32,8,0.9875
qwen,INV_SPARSE_CONTINUE_minus_TEXT_CORRECTION_SEQ|coverage_endpoint,s1,0.25,0.125,0.390625,32,14,0.9875
qwen,INV_COMPLETE_SINGLE_minus_NATURAL_FINAL_WORLD|coverage_endpoint,s0,0.390625,0.21875,0.578125,32,17,0.9875
qwen,INV_COMPLETE_SINGLE_minus_NATURAL_FINAL_WORLD|coverage_endpoint,s1,0.421875,0.234375,0.609375,32,18,0.9875
qwen,INV_COMPLETE_SINGLE_minus_TEXT_CORRECTION_SEQ|coverage_endpoint,s0,0.46875,0.28125,0.65625,32,19,0.9875
qwen,INV_COMPLETE_SINGLE_minus_TEXT_CORRECTION_SEQ|coverage_endpoint,s1,0.5,0.3125,0.6875,32,21,0.9875
qwen,FREE_SPARSE_CONTINUE_minus_NATURAL_FINAL_WORLD|coverage_endpoint,s0,0.0625,-0.046875,0.171875,32,8,0.9875
qwen,FREE_SPARSE_CONTINUE_minus_NATURAL_FINAL_WORLD|coverage_endpoint,s1,0.140625,-0.007910156250003464,0.3125,32,13,0.9875
qwen,FREE_SPARSE_CONTINUE_minus_TEXT_CORRECTION_SEQ|coverage_endpoint,s0,0.140625,0.046875,0.234375,32,9,0.9875
qwen,FREE_SPARSE_CONTINUE_minus_TEXT_CORRECTION_SEQ|coverage_endpoint,s1,0.21875,0.09375,0.359375,32,12,0.9875
qwen,FREE_COMPLETE_SINGLE_minus_NATURAL_FINAL_WORLD|coverage_endpoint,s0,0.296875,0.15625,0.453125,32,15,0.9875
qwen,FREE_COMPLETE_SINGLE_minus_NATURAL_FINAL_WORLD|coverage_endpoint,s1,0.40625,0.234375,0.59375,32,18,0.9875
qwen,FREE_COMPLETE_SINGLE_minus_TEXT_CORRECTION_SEQ|coverage_endpoint,s0,0.375,0.234375,0.53125,32,19,0.9875
qwen,FREE_COMPLETE_SINGLE_minus_TEXT_CORRECTION_SEQ|coverage_endpoint,s1,0.484375,0.296875,0.671875,32,20,0.9875
qwen,FROZEN_V3_INVARIANT_SET_minus_NATURAL_FINAL_WORLD|coverage_endpoint,s0,0.078125,-0.0625,0.21875,32,9,0.9875
qwen,FROZEN_V3_INVARIANT_SET_minus_NATURAL_FINAL_WORLD|coverage_endpoint,s1,0.171875,0.03125,0.3125,32,14,0.9875
qwen,FROZEN_V3_INVARIANT_SET_minus_TEXT_CORRECTION_SEQ|coverage_endpoint,s0,0.15625,0.046875,0.296875,32,8,0.9875
qwen,FROZEN_V3_INVARIANT_SET_minus_TEXT_CORRECTION_SEQ|coverage_endpoint,s1,0.25,0.125,0.390625,32,14,0.9875
qwen,FROZEN_V3_FREE_OVERWRITE_minus_NATURAL_FINAL_WORLD|coverage_endpoint,s0,0.09375,-0.015625,0.203125,32,10,0.9875
qwen,FROZEN_V3_FREE_OVERWRITE_minus_NATURAL_FINAL_WORLD|coverage_endpoint,s1,0.03125,-0.078125,0.1875,32,6,0.9875
qwen,FROZEN_V3_FREE_OVERWRITE_minus_TEXT_CORRECTION_SEQ|coverage_endpoint,s0,0.171875,0.0625,0.296875,32,10,0.9875
qwen,FROZEN_V3_FREE_OVERWRITE_minus_TEXT_CORRECTION_SEQ|coverage_endpoint,s1,0.109375,0.015625,0.25,32,5,0.9875
qwen,CANONICAL_CURRENT_minus_NATURAL_FINAL_WORLD|coverage_endpoint,s0,0.390625,0.21875,0.578125,32,17,0.9875
qwen,CANONICAL_CURRENT_minus_NATURAL_FINAL_WORLD|coverage_endpoint,s1,0.421875,0.234375,0.609375,32,18,0.9875
qwen,CANONICAL_CURRENT_minus_TEXT_CORRECTION_SEQ|coverage_endpoint,s0,0.46875,0.28125,0.65625,32,19,0.9875
qwen,CANONICAL_CURRENT_minus_TEXT_CORRECTION_SEQ|coverage_endpoint,s1,0.5,0.3125,0.6875,32,21,0.9875
