actor,condition,program,boolean_rows,operands_covered,operands_missing,operands_both_correct,consequence_correct,consequence_correct_given_operands_correct,consequence_consistent_with_direct,consistent_and_correct,invariant_rows,new_invariant_errors,new_invariant_errors_native_correct,new_invariant_errors_operands_correct,changed_rows,changed_errors
gemma,INV_SPARSE_CONTINUE_s0,single,512,256,256,244,249,238,245,244,256,10,9,0,256,25
gemma,INV_SPARSE_CONTINUE_s0,AB,512,256,256,244,228,221,232,227,256,24,20,13,256,38
gemma,INV_SPARSE_CONTINUE_s0,BA,512,256,256,244,228,221,232,227,256,24,20,13,256,38
gemma,INV_SPARSE_CONTINUE_s0,ABC,512,512,0,464,429,397,437,421,288,50,28,42,224,23
gemma,INV_SPARSE_CONTINUE_s0,CBA,512,512,0,464,429,397,437,421,288,50,28,42,224,23
gemma,INV_SPARSE_CONTINUE_s0,AB_cross,512,256,256,244,236,226,234,232,256,18,18,6,256,33
gemma,INV_SPARSE_CONTINUE_s1,single,512,256,256,252,249,245,247,247,256,4,4,0,256,15
gemma,INV_SPARSE_CONTINUE_s1,AB,512,256,256,252,225,223,227,225,256,19,15,15,256,22
gemma,INV_SPARSE_CONTINUE_s1,BA,512,256,256,252,225,223,227,225,256,19,15,15,256,22
gemma,INV_SPARSE_CONTINUE_s1,ABC,512,512,0,496,432,424,440,432,288,50,33,44,224,19
gemma,INV_SPARSE_CONTINUE_s1,CBA,512,512,0,496,432,424,440,432,288,50,33,44,224,19
gemma,INV_SPARSE_CONTINUE_s1,AB_cross,512,256,256,254,239,238,240,239,256,8,8,4,256,20
gemma,INV_COMPLETE_SINGLE_s0,single,512,256,256,250,250,244,247,247,256,0,0,0,256,24
gemma,INV_COMPLETE_SINGLE_s0,AB,512,256,256,232,242,223,240,235,256,2,2,2,256,34
gemma,INV_COMPLETE_SINGLE_s0,BA,512,256,256,232,242,223,240,235,256,2,2,2,256,34
gemma,INV_COMPLETE_SINGLE_s0,ABC,512,512,0,476,478,446,468,464,288,8,2,7,224,26
gemma,INV_COMPLETE_SINGLE_s0,CBA,512,512,0,476,478,446,468,464,288,8,2,7,224,26
gemma,INV_COMPLETE_SINGLE_s0,AB_cross,512,256,256,252,236,232,234,234,256,3,3,3,256,35
gemma,INV_COMPLETE_SINGLE_s1,single,512,256,256,248,252,244,248,248,256,0,0,0,256,14
gemma,INV_COMPLETE_SINGLE_s1,AB,512,256,256,256,234,234,234,234,256,2,2,2,256,32
gemma,INV_COMPLETE_SINGLE_s1,BA,512,256,256,256,234,234,234,234,256,2,2,2,256,32
gemma,INV_COMPLETE_SINGLE_s1,ABC,512,512,0,512,468,468,468,468,288,3,3,3,224,41
gemma,INV_COMPLETE_SINGLE_s1,CBA,512,512,0,512,468,468,468,468,288,3,3,3,224,41
gemma,INV_COMPLETE_SINGLE_s1,AB_cross,512,256,256,254,236,234,235,235,256,2,2,2,256,26
gemma,FREE_SPARSE_CONTINUE_s0,single,512,256,256,242,245,233,243,241,256,6,5,4,256,23
gemma,FREE_SPARSE_CONTINUE_s0,AB,512,256,256,240,228,217,230,225,256,12,10,8,256,40
gemma,FREE_SPARSE_CONTINUE_s0,BA,512,256,256,240,228,217,230,225,256,12,10,8,256,40
gemma,FREE_SPARSE_CONTINUE_s0,ABC,512,512,0,460,443,410,455,436,288,43,18,34,224,22
gemma,FREE_SPARSE_CONTINUE_s0,CBA,512,512,0,460,443,410,455,436,288,43,18,34,224,22
gemma,FREE_SPARSE_CONTINUE_s0,AB_cross,512,256,256,242,232,220,229,227,256,8,8,2,256,36
gemma,FREE_SPARSE_CONTINUE_s1,single,512,256,256,244,237,227,235,233,256,0,0,0,256,46
gemma,FREE_SPARSE_CONTINUE_s1,AB,512,256,256,222,226,203,231,220,256,5,4,3,256,57
gemma,FREE_SPARSE_CONTINUE_s1,BA,512,256,256,222,226,203,231,220,256,5,4,3,256,57
gemma,FREE_SPARSE_CONTINUE_s1,ABC,512,512,0,436,446,391,450,429,288,12,9,8,224,50
gemma,FREE_SPARSE_CONTINUE_s1,CBA,512,512,0,436,446,391,450,429,288,12,9,8,224,50
gemma,FREE_SPARSE_CONTINUE_s1,AB_cross,512,256,256,238,238,224,237,233,256,0,0,0,256,41
gemma,FREE_COMPLETE_SINGLE_s0,single,512,256,256,254,249,247,248,248,256,0,0,0,256,26
gemma,FREE_COMPLETE_SINGLE_s0,AB,512,256,256,248,235,231,239,235,256,4,2,0,256,38
gemma,FREE_COMPLETE_SINGLE_s0,BA,512,256,256,248,235,231,239,235,256,4,2,0,256,38
gemma,FREE_COMPLETE_SINGLE_s0,ABC,512,512,0,486,464,448,471,461,288,15,5,7,224,33
gemma,FREE_COMPLETE_SINGLE_s0,CBA,512,512,0,486,464,448,471,461,288,15,5,7,224,33
gemma,FREE_COMPLETE_SINGLE_s0,AB_cross,512,256,256,250,241,235,238,238,256,0,0,0,256,34
gemma,FREE_COMPLETE_SINGLE_s1,single,512,256,256,250,254,248,251,251,256,4,3,2,256,12
gemma,FREE_COMPLETE_SINGLE_s1,AB,512,256,256,252,249,247,251,249,256,8,6,3,256,15
gemma,FREE_COMPLETE_SINGLE_s1,BA,512,256,256,252,249,247,251,249,256,8,6,3,256,15
gemma,FREE_COMPLETE_SINGLE_s1,ABC,512,512,0,496,475,463,475,471,288,18,13,16,224,18
gemma,FREE_COMPLETE_SINGLE_s1,CBA,512,512,0,496,475,463,475,471,288,18,13,16,224,18
gemma,FREE_COMPLETE_SINGLE_s1,AB_cross,512,256,256,252,229,225,227,227,256,9,9,9,256,28
gemma,FROZEN_V3_INVARIANT_SET_s0,single,512,256,256,244,249,238,245,244,256,10,9,0,256,25
gemma,FROZEN_V3_INVARIANT_SET_s0,AB,512,256,256,244,228,221,232,227,256,24,20,13,256,38
gemma,FROZEN_V3_INVARIANT_SET_s0,BA,512,256,256,244,228,221,232,227,256,24,20,13,256,38
gemma,FROZEN_V3_INVARIANT_SET_s0,ABC,512,512,0,464,429,397,437,421,288,50,28,42,224,23
gemma,FROZEN_V3_INVARIANT_SET_s0,CBA,512,512,0,464,429,397,437,421,288,50,28,42,224,23
gemma,FROZEN_V3_INVARIANT_SET_s0,AB_cross,512,256,256,244,236,226,234,232,256,18,18,6,256,33
gemma,FROZEN_V3_INVARIANT_SET_s1,single,512,256,256,244,246,234,240,240,256,0,0,0,256,30
gemma,FROZEN_V3_INVARIANT_SET_s1,AB,512,256,256,244,218,210,220,216,256,5,1,5,256,43
gemma,FROZEN_V3_INVARIANT_SET_s1,BA,512,256,256,244,218,210,220,216,256,5,1,5,256,43
gemma,FROZEN_V3_INVARIANT_SET_s1,ABC,512,512,0,484,446,426,448,440,288,19,10,17,224,36
gemma,FROZEN_V3_INVARIANT_SET_s1,CBA,512,512,0,484,446,426,448,440,288,19,10,17,224,36
gemma,FROZEN_V3_INVARIANT_SET_s1,AB_cross,512,256,256,242,230,218,227,225,256,0,0,0,256,38
gemma,FROZEN_V3_FREE_OVERWRITE_s0,single,512,256,256,242,245,233,243,241,256,6,5,4,256,23
gemma,FROZEN_V3_FREE_OVERWRITE_s0,AB,512,256,256,240,228,217,230,225,256,12,10,8,256,40
gemma,FROZEN_V3_FREE_OVERWRITE_s0,BA,512,256,256,240,228,217,230,225,256,12,10,8,256,40
gemma,FROZEN_V3_FREE_OVERWRITE_s0,ABC,512,512,0,460,443,410,455,436,288,43,18,34,224,22
gemma,FROZEN_V3_FREE_OVERWRITE_s0,CBA,512,512,0,460,443,410,455,436,288,43,18,34,224,22
gemma,FROZEN_V3_FREE_OVERWRITE_s0,AB_cross,512,256,256,242,232,220,229,227,256,8,8,2,256,36
gemma,FROZEN_V3_FREE_OVERWRITE_s1,single,512,256,256,230,225,203,221,217,256,0,0,0,256,73
gemma,FROZEN_V3_FREE_OVERWRITE_s1,AB,512,256,256,228,213,195,219,209,256,5,2,3,256,84
gemma,FROZEN_V3_FREE_OVERWRITE_s1,BA,512,256,256,228,213,195,219,209,256,5,2,3,256,84
gemma,FROZEN_V3_FREE_OVERWRITE_s1,ABC,512,512,0,432,415,364,433,404,288,29,12,16,224,64
gemma,FROZEN_V3_FREE_OVERWRITE_s1,CBA,512,512,0,432,415,364,433,404,288,29,12,16,224,64
gemma,FROZEN_V3_FREE_OVERWRITE_s1,AB_cross,512,256,256,230,226,205,223,218,256,0,0,0,256,68
gemma,CANONICAL_CURRENT_s0,single,512,256,256,254,249,247,248,248,256,0,0,0,256,26
gemma,CANONICAL_CURRENT_s0,AB,512,256,256,248,235,231,239,235,256,4,2,0,256,38
gemma,CANONICAL_CURRENT_s0,BA,512,256,256,248,235,231,239,235,256,4,2,0,256,38
gemma,CANONICAL_CURRENT_s0,ABC,512,512,0,486,464,448,471,461,288,15,5,7,224,33
gemma,CANONICAL_CURRENT_s0,CBA,512,512,0,486,464,448,471,461,288,15,5,7,224,33
gemma,CANONICAL_CURRENT_s0,AB_cross,512,256,256,250,241,235,238,238,256,0,0,0,256,34
gemma,CANONICAL_CURRENT_s1,single,512,256,256,248,252,244,248,248,256,0,0,0,256,14
gemma,CANONICAL_CURRENT_s1,AB,512,256,256,256,234,234,234,234,256,2,2,2,256,32
gemma,CANONICAL_CURRENT_s1,BA,512,256,256,256,234,234,234,234,256,2,2,2,256,32
gemma,CANONICAL_CURRENT_s1,ABC,512,512,0,512,468,468,468,468,288,3,3,3,224,41
gemma,CANONICAL_CURRENT_s1,CBA,512,512,0,512,468,468,468,468,288,3,3,3,224,41
gemma,CANONICAL_CURRENT_s1,AB_cross,512,256,256,254,236,234,235,235,256,2,2,2,256,26
qwen,INV_SPARSE_CONTINUE_s0,single,256,128,128,124,120,116,118,118,128,7,7,2,128,13
qwen,INV_SPARSE_CONTINUE_s0,AB,256,128,128,124,103,99,101,101,144,23,22,22,112,10
qwen,INV_SPARSE_CONTINUE_s0,BA,256,128,128,124,103,99,101,101,144,23,22,22,112,10
qwen,INV_SPARSE_CONTINUE_s0,ABC,256,256,0,256,192,192,192,192,160,54,36,54,96,6
qwen,INV_SPARSE_CONTINUE_s0,CBA,256,256,0,256,192,192,192,192,160,54,36,54,96,6
qwen,INV_SPARSE_CONTINUE_s0,AB_cross,256,128,128,120,121,115,121,119,128,5,5,0,128,13
qwen,INV_SPARSE_CONTINUE_s1,single,256,128,128,118,121,112,118,117,128,3,3,1,128,10
qwen,INV_SPARSE_CONTINUE_s1,AB,256,128,128,124,111,108,111,110,144,13,11,12,112,9
qwen,INV_SPARSE_CONTINUE_s1,BA,256,128,128,124,111,108,111,110,144,13,11,12,112,9
qwen,INV_SPARSE_CONTINUE_s1,ABC,256,256,0,230,206,186,205,199,160,41,25,37,96,5
qwen,INV_SPARSE_CONTINUE_s1,CBA,256,256,0,230,206,186,205,199,160,41,25,37,96,5
qwen,INV_SPARSE_CONTINUE_s1,AB_cross,256,128,128,128,121,121,121,121,128,7,7,3,128,20
qwen,INV_COMPLETE_SINGLE_s0,single,256,128,128,124,124,120,122,122,128,0,0,0,128,8
qwen,INV_COMPLETE_SINGLE_s0,AB,256,128,128,106,123,104,119,116,144,0,0,0,112,11
qwen,INV_COMPLETE_SINGLE_s0,BA,256,128,128,106,123,104,119,116,144,0,0,0,112,11
qwen,INV_COMPLETE_SINGLE_s0,ABC,256,256,0,214,235,202,230,224,160,9,5,4,96,11
qwen,INV_COMPLETE_SINGLE_s0,CBA,256,256,0,214,235,202,230,224,160,9,5,4,96,11
qwen,INV_COMPLETE_SINGLE_s0,AB_cross,256,128,128,118,118,111,119,116,128,3,3,2,128,14
qwen,INV_COMPLETE_SINGLE_s1,single,256,128,128,124,122,120,124,122,128,2,2,0,128,7
qwen,INV_COMPLETE_SINGLE_s1,AB,256,128,128,118,125,116,122,121,144,4,3,2,112,3
qwen,INV_COMPLETE_SINGLE_s1,BA,256,128,128,118,125,116,122,121,144,4,3,2,112,3
qwen,INV_COMPLETE_SINGLE_s1,ABC,256,256,0,234,242,224,241,237,160,9,4,6,96,5
qwen,INV_COMPLETE_SINGLE_s1,CBA,256,256,0,234,242,224,241,237,160,9,4,6,96,5
qwen,INV_COMPLETE_SINGLE_s1,AB_cross,256,128,128,120,115,110,117,114,128,9,9,5,128,11
qwen,FREE_SPARSE_CONTINUE_s0,single,256,128,128,122,115,112,118,115,128,12,12,2,128,20
qwen,FREE_SPARSE_CONTINUE_s0,AB,256,128,128,108,102,89,106,99,144,24,22,16,112,19
qwen,FREE_SPARSE_CONTINUE_s0,BA,256,128,128,108,102,89,106,99,144,24,22,16,112,19
qwen,FREE_SPARSE_CONTINUE_s0,ABC,256,256,0,210,202,171,206,192,160,36,28,30,96,13
qwen,FREE_SPARSE_CONTINUE_s0,CBA,256,256,0,210,202,171,206,192,160,36,28,30,96,13
qwen,FREE_SPARSE_CONTINUE_s0,AB_cross,256,128,128,110,111,98,112,107,128,16,16,5,128,22
qwen,FREE_SPARSE_CONTINUE_s1,single,256,128,128,122,121,116,120,119,128,0,0,0,128,16
qwen,FREE_SPARSE_CONTINUE_s1,AB,256,128,128,122,117,112,116,115,144,8,8,7,112,9
qwen,FREE_SPARSE_CONTINUE_s1,BA,256,128,128,122,117,112,116,115,144,8,8,7,112,9
qwen,FREE_SPARSE_CONTINUE_s1,ABC,256,256,0,230,222,203,219,214,160,22,9,19,96,11
qwen,FREE_SPARSE_CONTINUE_s1,CBA,256,256,0,230,222,203,219,214,160,22,9,19,96,11
qwen,FREE_SPARSE_CONTINUE_s1,AB_cross,256,128,128,116,118,109,118,115,128,5,5,2,128,16
qwen,FREE_COMPLETE_SINGLE_s0,single,256,128,128,126,123,122,124,123,128,0,0,0,128,16
qwen,FREE_COMPLETE_SINGLE_s0,AB,256,128,128,122,126,120,123,123,144,2,0,2,112,14
qwen,FREE_COMPLETE_SINGLE_s0,BA,256,128,128,122,126,120,123,123,144,2,0,2,112,14
qwen,FREE_COMPLETE_SINGLE_s0,ABC,256,256,0,248,234,229,236,233,160,18,6,17,96,3
qwen,FREE_COMPLETE_SINGLE_s0,CBA,256,256,0,248,234,229,236,233,160,18,6,17,96,3
qwen,FREE_COMPLETE_SINGLE_s0,AB_cross,256,128,128,118,106,101,111,106,128,11,11,9,128,24
qwen,FREE_COMPLETE_SINGLE_s1,single,256,128,128,126,122,120,121,121,128,2,2,0,128,8
qwen,FREE_COMPLETE_SINGLE_s1,AB,256,128,128,128,120,120,120,120,144,3,3,2,112,7
qwen,FREE_COMPLETE_SINGLE_s1,BA,256,128,128,128,120,120,120,120,144,3,3,2,112,7
qwen,FREE_COMPLETE_SINGLE_s1,ABC,256,256,0,256,232,232,232,232,160,9,8,9,96,15
qwen,FREE_COMPLETE_SINGLE_s1,CBA,256,256,0,256,232,232,232,232,160,9,8,9,96,15
qwen,FREE_COMPLETE_SINGLE_s1,AB_cross,256,128,128,112,111,102,117,110,128,8,8,5,128,15
qwen,FROZEN_V3_INVARIANT_SET_s0,single,256,128,128,124,120,116,118,118,128,7,7,2,128,13
qwen,FROZEN_V3_INVARIANT_SET_s0,AB,256,128,128,124,103,99,101,101,144,23,22,22,112,10
qwen,FROZEN_V3_INVARIANT_SET_s0,BA,256,128,128,124,103,99,101,101,144,23,22,22,112,10
qwen,FROZEN_V3_INVARIANT_SET_s0,ABC,256,256,0,256,192,192,192,192,160,54,36,54,96,6
qwen,FROZEN_V3_INVARIANT_SET_s0,CBA,256,256,0,256,192,192,192,192,160,54,36,54,96,6
qwen,FROZEN_V3_INVARIANT_SET_s0,AB_cross,256,128,128,120,121,115,121,119,128,5,5,0,128,13
qwen,FROZEN_V3_INVARIANT_SET_s1,single,256,128,128,118,121,112,118,117,128,3,3,1,128,10
qwen,FROZEN_V3_INVARIANT_SET_s1,AB,256,128,128,124,111,108,111,110,144,13,11,12,112,9
qwen,FROZEN_V3_INVARIANT_SET_s1,BA,256,128,128,124,111,108,111,110,144,13,11,12,112,9
qwen,FROZEN_V3_INVARIANT_SET_s1,ABC,256,256,0,230,206,186,205,199,160,41,25,37,96,5
qwen,FROZEN_V3_INVARIANT_SET_s1,CBA,256,256,0,230,206,186,205,199,160,41,25,37,96,5
qwen,FROZEN_V3_INVARIANT_SET_s1,AB_cross,256,128,128,128,121,121,121,121,128,7,7,3,128,20
qwen,FROZEN_V3_FREE_OVERWRITE_s0,single,256,128,128,126,117,116,118,117,128,16,16,7,128,14
qwen,FROZEN_V3_FREE_OVERWRITE_s0,AB,256,128,128,96,93,77,109,93,144,44,44,19,112,14
qwen,FROZEN_V3_FREE_OVERWRITE_s0,BA,256,128,128,96,93,77,109,93,144,44,44,19,112,14
qwen,FROZEN_V3_FREE_OVERWRITE_s0,ABC,256,256,0,222,185,168,202,185,160,69,51,52,96,0
qwen,FROZEN_V3_FREE_OVERWRITE_s0,CBA,256,256,0,222,185,168,202,185,160,69,51,52,96,0
qwen,FROZEN_V3_FREE_OVERWRITE_s0,AB_cross,256,128,128,118,106,101,111,106,128,18,18,7,128,27
qwen,FROZEN_V3_FREE_OVERWRITE_s1,single,256,128,128,128,121,121,121,121,128,6,6,1,128,18
qwen,FROZEN_V3_FREE_OVERWRITE_s1,AB,256,128,128,124,106,104,108,106,144,22,22,18,112,12
qwen,FROZEN_V3_FREE_OVERWRITE_s1,BA,256,128,128,124,106,104,108,106,144,22,22,18,112,12
qwen,FROZEN_V3_FREE_OVERWRITE_s1,ABC,256,256,0,242,207,198,208,204,160,41,24,38,96,6
qwen,FROZEN_V3_FREE_OVERWRITE_s1,CBA,256,256,0,242,207,198,208,204,160,41,24,38,96,6
qwen,FROZEN_V3_FREE_OVERWRITE_s1,AB_cross,256,128,128,108,112,98,112,107,128,11,11,2,128,25
qwen,CANONICAL_CURRENT_s0,single,256,128,128,124,124,120,122,122,128,0,0,0,128,8
qwen,CANONICAL_CURRENT_s0,AB,256,128,128,106,123,104,119,116,144,0,0,0,112,11
qwen,CANONICAL_CURRENT_s0,BA,256,128,128,106,123,104,119,116,144,0,0,0,112,11
qwen,CANONICAL_CURRENT_s0,ABC,256,256,0,214,235,202,230,224,160,9,5,4,96,11
qwen,CANONICAL_CURRENT_s0,CBA,256,256,0,214,235,202,230,224,160,9,5,4,96,11
qwen,CANONICAL_CURRENT_s0,AB_cross,256,128,128,118,118,111,119,116,128,3,3,2,128,14
qwen,CANONICAL_CURRENT_s1,single,256,128,128,124,122,120,124,122,128,2,2,0,128,7
qwen,CANONICAL_CURRENT_s1,AB,256,128,128,118,125,116,122,121,144,4,3,2,112,3
qwen,CANONICAL_CURRENT_s1,BA,256,128,128,118,125,116,122,121,144,4,3,2,112,3
qwen,CANONICAL_CURRENT_s1,ABC,256,256,0,234,242,224,241,237,160,9,4,6,96,5
qwen,CANONICAL_CURRENT_s1,CBA,256,256,0,234,242,224,241,237,160,9,4,6,96,5
qwen,CANONICAL_CURRENT_s1,AB_cross,256,128,128,120,115,110,117,114,128,9,9,5,128,11
