actor,condition,n_scenes,n_queries,changed,harm,conditional_harm,all24,accuracy,touched_accuracy,other_address_error,preservation,nonaddressed_change,changed_by_direction,all_program_questions,accuracy_all_program_questions,all24_interval,changed_interval,harm_interval,edited_tokens,energy,frobenius,cast_error,ties,argmax_outside_labels,mean_gold_logp,coherence_ratio,by_family,by_cell,by_order,generation
gemma,SOURCE,128,6144,0.15559895833333331,0.0,0.0,0.0,0.5725911458333333,0.308203125,0.00859375,1.0,0.0,"{""0"": 0.11979166666666667, ""1"": 0.19140625}",0.0,0.5725911458333333,"{""mean"": 0.0, ""lower"": 0.0, ""upper"": 0.0, ""scenes"": 128, ""level"": 0.95}","{""mean"": 0.15559895833333331, ""lower"": 0.13085937500000003, ""upper"": 0.18098958333333331, ""scenes"": 128, ""level"": 0.95}","{""mean"": 0.0, ""lower"": 0.0, ""upper"": 0.0, ""scenes"": 128, ""level"": 0.95}",,,,,0,0,-3.0963705076099317,0.0,"{""both"": 0.5654296875, ""direct"": 0.75537109375, ""either"": 0.5537109375, ""opposes"": 0.533203125, ""same"": 0.2724609375}","{""(4, 2, 0)"": {""changed"": 0.16145833333333334, ""harm"": 0.0, ""all24"": 0.0}, ""(4, 2, 1)"": {""changed"": 0.12239583333333333, ""harm"": 0.0, ""all24"": 0.0}, ""(4, 3, 0)"": {""changed"": 0.20572916666666666, ""harm"": 0.0, ""all24"": 0.0}, ""(4, 3, 1)"": {""changed"": 0.12239583333333331, ""harm"": 0.0, ""all24"": 0.0}, ""(6, 2, 0)"": {""changed"": 0.1953125, ""harm"": 0.0, ""all24"": 0.0}, ""(6, 2, 1)"": {""changed"": 0.0859375, ""harm"": 0.0, ""all24"": 0.0}, ""(6, 3, 0)"": {""changed"": 0.203125, ""harm"": 0.0, ""all24"": 0.0}, ""(6, 3, 1)"": {""changed"": 0.1484375, ""harm"": 0.0, ""all24"": 0.0}}","{""early"": 0.0, ""late"": 0.0}","{""rows"": 96, ""parse_ok"": 1.0, ""agrees_with_score"": 1.0}"
gemma,COUNTERFACTUAL,128,6144,0.8531901041666666,0.011067708333333332,0.011400407283648845,0.38671875,0.9189453125,0.8890625,0.0140625,0.9885995927163511,0.0068359375,"{""0"": 0.8131510416666667, ""1"": 0.8932291666666666}",0.38671875,0.9189453125,"{""mean"": 0.38671875, ""lower"": 0.3203125, ""upper"": 0.45703125, ""scenes"": 128, ""level"": 0.95}","{""mean"": 0.8531901041666666, ""lower"": 0.8297526041666667, ""upper"": 0.8756510416666667, ""scenes"": 128, ""level"": 0.95}","{""mean"": 0.011067708333333332, ""lower"": 0.005859375, ""upper"": 0.016927083333333332, ""scenes"": 128, ""level"": 0.95}",,,,,0,0,-0.38555319446108643,1.0,"{""both"": 0.91796875, ""direct"": 0.98681640625, ""either"": 0.91015625, ""opposes"": 0.9541015625, ""same"": 0.7578125}","{""(4, 2, 0)"": {""changed"": 0.9244791666666666, ""harm"": 0.005208333333333333, ""all24"": 0.65625}, ""(4, 2, 1)"": {""changed"": 0.8671875, ""harm"": 0.020833333333333332, ""all24"": 0.375}, ""(4, 3, 0)"": {""changed"": 0.9010416666666666, ""harm"": 0.010416666666666666, ""all24"": 0.65625}, ""(4, 3, 1)"": {""changed"": 0.8255208333333334, ""harm"": 0.018229166666666664, ""all24"": 0.09375}, ""(6, 2, 0)"": {""changed"": 0.9192708333333333, ""harm"": 0.005208333333333333, ""all24"": 0.625}, ""(6, 2, 1)"": {""changed"": 0.7838541666666666, ""harm"": 0.005208333333333333, ""all24"": 0.15625}, ""(6, 3, 0)"": {""changed"": 0.828125, ""harm"": 0.0078125, ""all24"": 0.3125}, ""(6, 3, 1)"": {""changed"": 0.7760416666666667, ""harm"": 0.015625, ""all24"": 0.21875}}","{""early"": 0.3984375, ""late"": 0.375}","{""rows"": 96, ""parse_ok"": 1.0, ""agrees_with_score"": 1.0}"
gemma,TEXT_CORRECTION,128,6144,0.8544921875,0.029296875,0.02991615688492476,0.3046875,0.91064453125,0.88203125,0.023828125,0.9700838431150753,0.0205078125,"{""0"": 0.8014322916666667, ""1"": 0.9075520833333334}",0.3046875,0.91064453125,"{""mean"": 0.3046875, ""lower"": 0.234375, ""upper"": 0.375, ""scenes"": 128, ""level"": 0.95}","{""mean"": 0.8544921875, ""lower"": 0.8310546875, ""upper"": 0.876953125, ""scenes"": 128, ""level"": 0.95}","{""mean"": 0.029296875, ""lower"": 0.01953125, ""upper"": 0.04036458333333333, ""scenes"": 128, ""level"": 0.95}",,,,,0,0,-0.34110111114868147,0.7878787878787878,"{""both"": 0.912109375, ""direct"": 0.9892578125, ""either"": 0.890625, ""opposes"": 0.986328125, ""same"": 0.6962890625}","{""(4, 2, 0)"": {""changed"": 0.9140625, ""harm"": 0.05208333333333333, ""all24"": 0.3125}, ""(4, 2, 1)"": {""changed"": 0.8229166666666667, ""harm"": 0.005208333333333333, ""all24"": 0.375}, ""(4, 3, 0)"": {""changed"": 0.9088541666666667, ""harm"": 0.049479166666666664, ""all24"": 0.46875}, ""(4, 3, 1)"": {""changed"": 0.8072916666666667, ""harm"": 0.013020833333333332, ""all24"": 0.09375}, ""(6, 2, 0)"": {""changed"": 0.9192708333333334, ""harm"": 0.041666666666666664, ""all24"": 0.53125}, ""(6, 2, 1)"": {""changed"": 0.7942708333333334, ""harm"": 0.005208333333333333, ""all24"": 0.15625}, ""(6, 3, 0)"": {""changed"": 0.8880208333333334, ""harm"": 0.05729166666666666, ""all24"": 0.40625}, ""(6, 3, 1)"": {""changed"": 0.78125, ""harm"": 0.010416666666666666, ""all24"": 0.09375}}","{""early"": 0.3125, ""late"": 0.296875}","{""rows"": 96, ""parse_ok"": 1.0, ""agrees_with_score"": 1.0}"
gemma,INV_SPARSE_CONTINUE_s0,128,6144,0.9088541666666667,0.027669270833333336,0.028294782782053947,0.48046875,0.9388020833333334,0.9460937500000001,0.02890625,0.9717052172179461,0.005859375,"{""0"": 0.93359375, ""1"": 0.8841145833333334}",0.48046875,0.9388020833333334,"{""mean"": 0.48046875, ""lower"": 0.41015625, ""upper"": 0.55078125, ""scenes"": 128, ""level"": 0.95}","{""mean"": 0.9088541666666667, ""lower"": 0.8902994791666666, ""upper"": 0.9264322916666666, ""scenes"": 128, ""level"": 0.95}","{""mean"": 0.027669270833333336, ""lower"": 0.017903645833333336, ""upper"": 0.03841145833333333, ""scenes"": 128, ""level"": 0.95}",8.890625,45058.48641204834,210.79775758265956,0.5044197115348652,0,0,-0.24415803087252552,1.2424242424242424,"{""both"": 0.8896484375, ""direct"": 0.99560546875, ""either"": 0.91796875, ""opposes"": 0.96875, ""same"": 0.865234375}","{""(4, 2, 0)"": {""changed"": 0.890625, ""harm"": 0.0026041666666666665, ""all24"": 0.5}, ""(4, 2, 1)"": {""changed"": 0.9322916666666666, ""harm"": 0.049479166666666664, ""all24"": 0.40625}, ""(4, 3, 0)"": {""changed"": 0.8958333333333333, ""harm"": 0.0078125, ""all24"": 0.5625}, ""(4, 3, 1)"": {""changed"": 0.9557291666666667, ""harm"": 0.07031249999999999, ""all24"": 0.5625}, ""(6, 2, 0)"": {""changed"": 0.8932291666666667, ""harm"": 0.0, ""all24"": 0.53125}, ""(6, 2, 1)"": {""changed"": 0.9166666666666666, ""harm"": 0.020833333333333332, ""all24"": 0.53125}, ""(6, 3, 0)"": {""changed"": 0.8567708333333334, ""harm"": 0.0078125, ""all24"": 0.40625}, ""(6, 3, 1)"": {""changed"": 0.9296875, ""harm"": 0.0625, ""all24"": 0.34375}}","{""early"": 0.578125, ""late"": 0.3828125}","{""rows"": 96, ""parse_ok"": 1.0, ""agrees_with_score"": 1.0}"
gemma,INV_SPARSE_CONTINUE_s1,128,6144,0.9189453125,0.04231770833333333,0.0430836675897996,0.46875,0.9368489583333333,0.938671875,0.036718749999999994,0.9569163324102004,0.0244140625,"{""0"": 0.9440104166666667, ""1"": 0.8938802083333333}",0.46875,0.9368489583333333,"{""mean"": 0.46875, ""lower"": 0.40625, ""upper"": 0.53125, ""scenes"": 128, ""level"": 0.95}","{""mean"": 0.9189453125, ""lower"": 0.9046223958333333, ""upper"": 0.9322916666666667, ""scenes"": 128, ""level"": 0.95}","{""mean"": 0.04231770833333333, ""lower"": 0.032877604166666664, ""upper"": 0.05240885416666666, ""scenes"": 128, ""level"": 0.95}",8.890625,33917.83306121826,181.3378056443147,0.4756222148425877,0,0,-0.24082094822286018,1.2121212121212122,"{""both"": 0.9169921875, ""direct"": 0.98828125, ""either"": 0.955078125, ""opposes"": 0.9638671875, ""same"": 0.80859375}","{""(4, 2, 0)"": {""changed"": 0.890625, ""harm"": 0.05729166666666666, ""all24"": 0.3125}, ""(4, 2, 1)"": {""changed"": 0.9401041666666667, ""harm"": 0.03645833333333333, ""all24"": 0.40625}, ""(4, 3, 0)"": {""changed"": 0.9088541666666667, ""harm"": 0.044270833333333336, ""all24"": 0.5625}, ""(4, 3, 1)"": {""changed"": 0.9401041666666667, ""harm"": 0.046875, ""all24"": 0.40625}, ""(6, 2, 0)"": {""changed"": 0.9114583333333334, ""harm"": 0.0546875, ""all24"": 0.5}, ""(6, 2, 1)"": {""changed"": 0.9557291666666666, ""harm"": 0.0234375, ""all24"": 0.5625}, ""(6, 3, 0)"": {""changed"": 0.8645833333333333, ""harm"": 0.046875, ""all24"": 0.4375}, ""(6, 3, 1)"": {""changed"": 0.9401041666666666, ""harm"": 0.028645833333333332, ""all24"": 0.5625}}","{""early"": 0.6015625, ""late"": 0.3359375}",
gemma,INV_COMPLETE_SINGLE_s0,128,6144,0.91015625,0.011067708333333332,0.011571734038034808,0.53515625,0.94873046875,0.9378906250000001,0.010546875,0.9884282659619652,0.0078125,"{""0"": 0.888671875, ""1"": 0.931640625}",0.53515625,0.94873046875,"{""mean"": 0.53515625, ""lower"": 0.46484375, ""upper"": 0.60546875, ""scenes"": 128, ""level"": 0.95}","{""mean"": 0.91015625, ""lower"": 0.8909505208333335, ""upper"": 0.927734375, ""scenes"": 128, ""level"": 0.95}","{""mean"": 0.011067708333333332, ""lower"": 0.005859375, ""upper"": 0.017252604166666664, ""scenes"": 128, ""level"": 0.95}",8.890625,39245.571517944336,195.357116180071,0.49355629622004926,0,0,-0.1882878462067928,1.3838383838383839,"{""both"": 0.9287109375, ""direct"": 0.99462890625, ""either"": 0.939453125, ""opposes"": 0.9814453125, ""same"": 0.853515625}","{""(4, 2, 0)"": {""changed"": 0.9661458333333333, ""harm"": 0.010416666666666666, ""all24"": 0.75}, ""(4, 2, 1)"": {""changed"": 0.9114583333333334, ""harm"": 0.005208333333333333, ""all24"": 0.5625}, ""(4, 3, 0)"": {""changed"": 0.9401041666666666, ""harm"": 0.03385416666666667, ""all24"": 0.625}, ""(4, 3, 1)"": {""changed"": 0.921875, ""harm"": 0.005208333333333333, ""all24"": 0.46875}, ""(6, 2, 0)"": {""changed"": 0.9427083333333333, ""harm"": 0.0, ""all24"": 0.6875}, ""(6, 2, 1)"": {""changed"": 0.8645833333333333, ""harm"": 0.005208333333333333, ""all24"": 0.4375}, ""(6, 3, 0)"": {""changed"": 0.8776041666666666, ""harm"": 0.018229166666666664, ""all24"": 0.46875}, ""(6, 3, 1)"": {""changed"": 0.8567708333333333, ""harm"": 0.010416666666666666, ""all24"": 0.28125}}","{""early"": 0.53125, ""late"": 0.5390625}","{""rows"": 96, ""parse_ok"": 1.0, ""agrees_with_score"": 1.0}"
gemma,INV_COMPLETE_SINGLE_s1,128,6144,0.9111328125,0.020833333333333332,0.021349683729457038,0.546875,0.9440104166666667,0.926953125,0.01796875,0.978650316270543,0.0205078125,"{""0"": 0.8639322916666667, ""1"": 0.9583333333333334}",0.546875,0.9440104166666667,"{""mean"": 0.546875, ""lower"": 0.4765625, ""upper"": 0.6171875, ""scenes"": 128, ""level"": 0.95}","{""mean"": 0.9111328125, ""lower"": 0.8909505208333333, ""upper"": 0.9296875, ""scenes"": 128, ""level"": 0.95}","{""mean"": 0.020833333333333332, ""lower"": 0.013997395833333332, ""upper"": 0.027994791666666668, ""scenes"": 128, ""level"": 0.95}",8.890625,44078.639877319336,208.18622943297973,0.4799354712013155,0,0,-0.1998548218717439,1.4141414141414141,"{""both"": 0.9404296875, ""direct"": 0.9892578125, ""either"": 0.9287109375, ""opposes"": 0.984375, ""same"": 0.83203125}","{""(4, 2, 0)"": {""changed"": 0.9739583333333334, ""harm"": 0.03125, ""all24"": 0.6875}, ""(4, 2, 1)"": {""changed"": 0.8723958333333334, ""harm"": 0.010416666666666666, ""all24"": 0.5}, ""(4, 3, 0)"": {""changed"": 0.9661458333333333, ""harm"": 0.049479166666666664, ""all24"": 0.71875}, ""(4, 3, 1)"": {""changed"": 0.8854166666666667, ""harm"": 0.0, ""all24"": 0.375}, ""(6, 2, 0)"": {""changed"": 0.9739583333333334, ""harm"": 0.0234375, ""all24"": 0.6875}, ""(6, 2, 1)"": {""changed"": 0.8567708333333334, ""harm"": 0.0078125, ""all24"": 0.4375}, ""(6, 3, 0)"": {""changed"": 0.9192708333333333, ""harm"": 0.041666666666666664, ""all24"": 0.6875}, ""(6, 3, 1)"": {""changed"": 0.8411458333333333, ""harm"": 0.0026041666666666665, ""all24"": 0.28125}}","{""early"": 0.6796875, ""late"": 0.4140625}",
gemma,FREE_SPARSE_CONTINUE_s0,128,6144,0.9130859375,0.017578125,0.01804280649746897,0.5390625,0.9464518229166667,0.941015625,0.0171875,0.981957193502531,0.013671875,"{""0"": 0.9264322916666666, ""1"": 0.8997395833333334}",0.5390625,0.9464518229166667,"{""mean"": 0.5390625, ""lower"": 0.46875, ""upper"": 0.609375, ""scenes"": 128, ""level"": 0.95}","{""mean"": 0.9130859375, ""lower"": 0.8929036458333333, ""upper"": 0.931640625, ""scenes"": 128, ""level"": 0.95}","{""mean"": 0.017578125, ""lower"": 0.010091145833333332, ""upper"": 0.0263671875, ""scenes"": 128, ""level"": 0.95}",8.890625,104806.9390411377,317.4285717024542,0.5120104610687122,0,0,-0.211796672702266,1.393939393939394,"{""both"": 0.9228515625, ""direct"": 0.99169921875, ""either"": 0.9267578125, ""opposes"": 0.9736328125, ""same"": 0.8720703125}","{""(4, 2, 0)"": {""changed"": 0.9375, ""harm"": 0.005208333333333333, ""all24"": 0.65625}, ""(4, 2, 1)"": {""changed"": 0.9348958333333333, ""harm"": 0.033854166666666664, ""all24"": 0.46875}, ""(4, 3, 0)"": {""changed"": 0.9114583333333333, ""harm"": 0.0078125, ""all24"": 0.65625}, ""(4, 3, 1)"": {""changed"": 0.9479166666666667, ""harm"": 0.04687499999999999, ""all24"": 0.5625}, ""(6, 2, 0)"": {""changed"": 0.9166666666666666, ""harm"": 0.010416666666666666, ""all24"": 0.5}, ""(6, 2, 1)"": {""changed"": 0.9010416666666667, ""harm"": 0.005208333333333333, ""all24"": 0.53125}, ""(6, 3, 0)"": {""changed"": 0.8333333333333333, ""harm"": 0.010416666666666666, ""all24"": 0.40625}, ""(6, 3, 1)"": {""changed"": 0.921875, ""harm"": 0.020833333333333336, ""all24"": 0.53125}}","{""early"": 0.546875, ""late"": 0.53125}","{""rows"": 96, ""parse_ok"": 1.0, ""agrees_with_score"": 1.0}"
gemma,FREE_SPARSE_CONTINUE_s1,128,6144,0.8828125,0.011393229166666666,0.011841929196137576,0.44140625,0.9353841145833333,0.91640625,0.008203125,0.9881580708038624,0.013671875,"{""0"": 0.8430989583333334, ""1"": 0.9225260416666667}",0.44140625,0.9353841145833333,"{""mean"": 0.44140625, ""lower"": 0.375, ""upper"": 0.5078125, ""scenes"": 128, ""level"": 0.95}","{""mean"": 0.8828125, ""lower"": 0.8623046875, ""upper"": 0.9020182291666667, ""scenes"": 128, ""level"": 0.95}","{""mean"": 0.011393229166666666, ""lower"": 0.006510416666666666, ""upper"": 0.016927083333333332, ""scenes"": 128, ""level"": 0.95}",8.890625,114968.43580627441,334.00077559734956,0.5340619009220973,0,0,-0.2108894021185724,1.1414141414141414,"{""both"": 0.9287109375, ""direct"": 0.9873046875, ""either"": 0.916015625, ""opposes"": 0.97265625, ""same"": 0.8203125}","{""(4, 2, 0)"": {""changed"": 0.9244791666666666, ""harm"": 0.013020833333333332, ""all24"": 0.53125}, ""(4, 2, 1)"": {""changed"": 0.859375, ""harm"": 0.005208333333333333, ""all24"": 0.4375}, ""(4, 3, 0)"": {""changed"": 0.9427083333333333, ""harm"": 0.005208333333333333, ""all24"": 0.65625}, ""(4, 3, 1)"": {""changed"": 0.8880208333333333, ""harm"": 0.0078125, ""all24"": 0.4375}, ""(6, 2, 0)"": {""changed"": 0.9270833333333334, ""harm"": 0.015625, ""all24"": 0.5625}, ""(6, 2, 1)"": {""changed"": 0.7786458333333334, ""harm"": 0.005208333333333333, ""all24"": 0.1875}, ""(6, 3, 0)"": {""changed"": 0.8958333333333333, ""harm"": 0.02864583333333333, ""all24"": 0.5}, ""(6, 3, 1)"": {""changed"": 0.8463541666666666, ""harm"": 0.010416666666666666, ""all24"": 0.21875}}","{""early"": 0.4921875, ""late"": 0.390625}",
gemma,FREE_COMPLETE_SINGLE_s0,128,6144,0.93359375,0.011393229166666666,0.01179872505807503,0.62109375,0.9606119791666666,0.9566406249999999,0.009765625,0.9882012749419249,0.0107421875,"{""0"": 0.9375, ""1"": 0.9296875}",0.62109375,0.9606119791666666,"{""mean"": 0.62109375, ""lower"": 0.55078125, ""upper"": 0.6875, ""scenes"": 128, ""level"": 0.95}","{""mean"": 0.93359375, ""lower"": 0.9169921875, ""upper"": 0.9485677083333333, ""scenes"": 128, ""level"": 0.95}","{""mean"": 0.011393229166666666, ""lower"": 0.006510416666666666, ""upper"": 0.017252604166666664, ""scenes"": 128, ""level"": 0.95}",8.890625,70548.03993225098,255.68251755530318,0.4988179858773947,0,0,-0.12849137910777278,1.606060606060606,"{""both"": 0.9404296875, ""direct"": 0.99609375, ""either"": 0.9541015625, ""opposes"": 0.9833984375, ""same"": 0.8935546875}","{""(4, 2, 0)"": {""changed"": 0.9765625, ""harm"": 0.013020833333333332, ""all24"": 0.75}, ""(4, 2, 1)"": {""changed"": 0.9479166666666666, ""harm"": 0.015625, ""all24"": 0.59375}, ""(4, 3, 0)"": {""changed"": 0.9270833333333333, ""harm"": 0.018229166666666664, ""all24"": 0.6875}, ""(4, 3, 1)"": {""changed"": 0.953125, ""harm"": 0.013020833333333332, ""all24"": 0.625}, ""(6, 2, 0)"": {""changed"": 0.9375, ""harm"": 0.005208333333333333, ""all24"": 0.625}, ""(6, 2, 1)"": {""changed"": 0.9244791666666666, ""harm"": 0.0078125, ""all24"": 0.5625}, ""(6, 3, 0)"": {""changed"": 0.8776041666666667, ""harm"": 0.0078125, ""all24"": 0.5625}, ""(6, 3, 1)"": {""changed"": 0.9244791666666666, ""harm"": 0.010416666666666666, ""all24"": 0.5625}}","{""early"": 0.6328125, ""late"": 0.609375}","{""rows"": 96, ""parse_ok"": 1.0, ""agrees_with_score"": 0.9895833333333334}"
gemma,FREE_COMPLETE_SINGLE_s1,128,6144,0.9261067708333333,0.0166015625,0.01712177282695375,0.57421875,0.9539388020833333,0.94765625,0.013281249999999998,0.9828782271730463,0.0166015625,"{""0"": 0.8958333333333333, ""1"": 0.9563802083333334}",0.57421875,0.9539388020833333,"{""mean"": 0.57421875, ""lower"": 0.51171875, ""upper"": 0.63671875, ""scenes"": 128, ""level"": 0.95}","{""mean"": 0.9261067708333333, ""lower"": 0.9085286458333334, ""upper"": 0.9423828125, ""scenes"": 128, ""level"": 0.95}","{""mean"": 0.0166015625, ""lower"": 0.010416666666666666, ""upper"": 0.0234375, ""scenes"": 128, ""level"": 0.95}",8.890625,82777.65538024902,282.5735298161771,0.5295556549681351,0,0,-0.16169041446489452,1.4848484848484849,"{""both"": 0.955078125, ""direct"": 0.99072265625, ""either"": 0.95703125, ""opposes"": 0.9853515625, ""same"": 0.8447265625}","{""(4, 2, 0)"": {""changed"": 0.9635416666666666, ""harm"": 0.020833333333333332, ""all24"": 0.6875}, ""(4, 2, 1)"": {""changed"": 0.8932291666666667, ""harm"": 0.010416666666666666, ""all24"": 0.5}, ""(4, 3, 0)"": {""changed"": 0.9609375, ""harm"": 0.036458333333333336, ""all24"": 0.65625}, ""(4, 3, 1)"": {""changed"": 0.921875, ""harm"": 0.0078125, ""all24"": 0.5}, ""(6, 2, 0)"": {""changed"": 0.9739583333333334, ""harm"": 0.015625, ""all24"": 0.71875}, ""(6, 2, 1)"": {""changed"": 0.8958333333333334, ""harm"": 0.0026041666666666665, ""all24"": 0.53125}, ""(6, 3, 0)"": {""changed"": 0.9270833333333333, ""harm"": 0.0234375, ""all24"": 0.625}, ""(6, 3, 1)"": {""changed"": 0.8723958333333333, ""harm"": 0.015625, ""all24"": 0.375}}","{""early"": 0.6640625, ""late"": 0.484375}",
gemma,FROZEN_V3_INVARIANT_SET_s0,128,6144,0.9088541666666667,0.027669270833333336,0.028294782782053947,0.48046875,0.9388020833333334,0.9460937500000001,0.02890625,0.9717052172179461,0.005859375,"{""0"": 0.93359375, ""1"": 0.8841145833333334}",0.48046875,0.9388020833333334,"{""mean"": 0.48046875, ""lower"": 0.41015625, ""upper"": 0.55078125, ""scenes"": 128, ""level"": 0.95}","{""mean"": 0.9088541666666667, ""lower"": 0.8902994791666666, ""upper"": 0.9264322916666666, ""scenes"": 128, ""level"": 0.95}","{""mean"": 0.027669270833333336, ""lower"": 0.017903645833333336, ""upper"": 0.03841145833333333, ""scenes"": 128, ""level"": 0.95}",8.890625,45058.48641204834,210.79775758265956,0.5044197115348652,0,0,-0.24415803087252552,1.2424242424242424,"{""both"": 0.8896484375, ""direct"": 0.99560546875, ""either"": 0.91796875, ""opposes"": 0.96875, ""same"": 0.865234375}","{""(4, 2, 0)"": {""changed"": 0.890625, ""harm"": 0.0026041666666666665, ""all24"": 0.5}, ""(4, 2, 1)"": {""changed"": 0.9322916666666666, ""harm"": 0.049479166666666664, ""all24"": 0.40625}, ""(4, 3, 0)"": {""changed"": 0.8958333333333333, ""harm"": 0.0078125, ""all24"": 0.5625}, ""(4, 3, 1)"": {""changed"": 0.9557291666666667, ""harm"": 0.07031249999999999, ""all24"": 0.5625}, ""(6, 2, 0)"": {""changed"": 0.8932291666666667, ""harm"": 0.0, ""all24"": 0.53125}, ""(6, 2, 1)"": {""changed"": 0.9166666666666666, ""harm"": 0.020833333333333332, ""all24"": 0.53125}, ""(6, 3, 0)"": {""changed"": 0.8567708333333334, ""harm"": 0.0078125, ""all24"": 0.40625}, ""(6, 3, 1)"": {""changed"": 0.9296875, ""harm"": 0.0625, ""all24"": 0.34375}}","{""early"": 0.578125, ""late"": 0.3828125}",
gemma,FROZEN_V3_INVARIANT_SET_s1,128,6144,0.9075520833333333,0.015624999999999998,0.01605880205082865,0.5390625,0.9453125,0.9417968750000001,0.016015625000000002,0.9839411979491712,0.0126953125,"{""0"": 0.9134114583333333, ""1"": 0.9016927083333333}",0.5390625,0.9453125,"{""mean"": 0.5390625, ""lower"": 0.47265625, ""upper"": 0.60546875, ""scenes"": 128, ""level"": 0.95}","{""mean"": 0.9075520833333333, ""lower"": 0.8873697916666667, ""upper"": 0.9261067708333333, ""scenes"": 128, ""level"": 0.95}","{""mean"": 0.015624999999999998, ""lower"": 0.009765625, ""upper"": 0.021809895833333332, ""scenes"": 128, ""level"": 0.95}",8.890625,57070.8219909668,237.71204173060525,0.5044944516848773,0,0,-0.1938272713392181,1.393939393939394,"{""both"": 0.89453125, ""direct"": 0.98876953125, ""either"": 0.9404296875, ""opposes"": 0.978515625, ""same"": 0.880859375}","{""(4, 2, 0)"": {""changed"": 0.9114583333333333, ""harm"": 0.010416666666666666, ""all24"": 0.5625}, ""(4, 2, 1)"": {""changed"": 0.921875, ""harm"": 0.028645833333333332, ""all24"": 0.5625}, ""(4, 3, 0)"": {""changed"": 0.9322916666666666, ""harm"": 0.015625, ""all24"": 0.59375}, ""(4, 3, 1)"": {""changed"": 0.9479166666666666, ""harm"": 0.020833333333333332, ""all24"": 0.625}, ""(6, 2, 0)"": {""changed"": 0.9140625, ""harm"": 0.010416666666666666, ""all24"": 0.5625}, ""(6, 2, 1)"": {""changed"": 0.890625, ""harm"": 0.010416666666666666, ""all24"": 0.5}, ""(6, 3, 0)"": {""changed"": 0.8489583333333333, ""harm"": 0.020833333333333332, ""all24"": 0.40625}, ""(6, 3, 1)"": {""changed"": 0.8932291666666667, ""harm"": 0.0078125, ""all24"": 0.5}}","{""early"": 0.59375, ""late"": 0.484375}",
gemma,FROZEN_V3_FREE_OVERWRITE_s0,128,6144,0.9130859375,0.017578125,0.01804280649746897,0.5390625,0.9464518229166667,0.941015625,0.0171875,0.981957193502531,0.013671875,"{""0"": 0.9264322916666666, ""1"": 0.8997395833333334}",0.5390625,0.9464518229166667,"{""mean"": 0.5390625, ""lower"": 0.46875, ""upper"": 0.609375, ""scenes"": 128, ""level"": 0.95}","{""mean"": 0.9130859375, ""lower"": 0.8929036458333333, ""upper"": 0.931640625, ""scenes"": 128, ""level"": 0.95}","{""mean"": 0.017578125, ""lower"": 0.010091145833333332, ""upper"": 0.0263671875, ""scenes"": 128, ""level"": 0.95}",8.890625,104806.9390411377,317.4285717024542,0.5120104610687122,0,0,-0.211796672702266,1.393939393939394,"{""both"": 0.9228515625, ""direct"": 0.99169921875, ""either"": 0.9267578125, ""opposes"": 0.9736328125, ""same"": 0.8720703125}","{""(4, 2, 0)"": {""changed"": 0.9375, ""harm"": 0.005208333333333333, ""all24"": 0.65625}, ""(4, 2, 1)"": {""changed"": 0.9348958333333333, ""harm"": 0.033854166666666664, ""all24"": 0.46875}, ""(4, 3, 0)"": {""changed"": 0.9114583333333333, ""harm"": 0.0078125, ""all24"": 0.65625}, ""(4, 3, 1)"": {""changed"": 0.9479166666666667, ""harm"": 0.04687499999999999, ""all24"": 0.5625}, ""(6, 2, 0)"": {""changed"": 0.9166666666666666, ""harm"": 0.010416666666666666, ""all24"": 0.5}, ""(6, 2, 1)"": {""changed"": 0.9010416666666667, ""harm"": 0.005208333333333333, ""all24"": 0.53125}, ""(6, 3, 0)"": {""changed"": 0.8333333333333333, ""harm"": 0.010416666666666666, ""all24"": 0.40625}, ""(6, 3, 1)"": {""changed"": 0.921875, ""harm"": 0.020833333333333336, ""all24"": 0.53125}}","{""early"": 0.546875, ""late"": 0.53125}",
gemma,FROZEN_V3_FREE_OVERWRITE_s1,128,6144,0.8590494791666667,0.011393229166666666,0.011628684947299076,0.41015625,0.9222005208333333,0.91875,0.013281250000000001,0.9883713150527009,0.0107421875,"{""0"": 0.9055989583333334, ""1"": 0.8125}",0.41015625,0.9222005208333333,"{""mean"": 0.41015625, ""lower"": 0.34375, ""upper"": 0.4765625, ""scenes"": 128, ""level"": 0.95}","{""mean"": 0.8590494791666667, ""lower"": 0.8349609375, ""upper"": 0.8815104166666666, ""scenes"": 128, ""level"": 0.95}","{""mean"": 0.011393229166666666, ""lower"": 0.006184895833333334, ""upper"": 0.017252604166666664, ""scenes"": 128, ""level"": 0.95}",8.890625,59907.66241455078,232.73398699965594,0.506774750421755,0,0,-0.32721504981957583,1.0606060606060606,"{""both"": 0.83984375, ""direct"": 0.9853515625, ""either"": 0.91796875, ""opposes"": 0.9736328125, ""same"": 0.8310546875}","{""(4, 2, 0)"": {""changed"": 0.7890625, ""harm"": 0.0, ""all24"": 0.34375}, ""(4, 2, 1)"": {""changed"": 0.9348958333333334, ""harm"": 0.018229166666666664, ""all24"": 0.5625}, ""(4, 3, 0)"": {""changed"": 0.8125, ""harm"": 0.0026041666666666665, ""all24"": 0.375}, ""(4, 3, 1)"": {""changed"": 0.9348958333333334, ""harm"": 0.03125, ""all24"": 0.4375}, ""(6, 2, 0)"": {""changed"": 0.84375, ""harm"": 0.005208333333333333, ""all24"": 0.375}, ""(6, 2, 1)"": {""changed"": 0.859375, ""harm"": 0.013020833333333332, ""all24"": 0.375}, ""(6, 3, 0)"": {""changed"": 0.8046875, ""harm"": 0.0078125, ""all24"": 0.375}, ""(6, 3, 1)"": {""changed"": 0.8932291666666666, ""harm"": 0.013020833333333334, ""all24"": 0.4375}}","{""early"": 0.3359375, ""late"": 0.484375}",
qwen,SOURCE,64,3072,0.240234375,0.0,0.0,0.0,0.5807291666666667,0.35859375,0.084375,1.0,0.0,"{""0"": 0.15104166666666669, ""1"": 0.32942708333333337}",0.0,0.5807291666666667,"{""mean"": 0.0, ""lower"": 0.0, ""upper"": 0.0, ""scenes"": 64, ""level"": 0.95}","{""mean"": 0.240234375, ""lower"": 0.20638020833333331, ""upper"": 0.275390625, ""scenes"": 64, ""level"": 0.95}","{""mean"": 0.0, ""lower"": 0.0, ""upper"": 0.0, ""scenes"": 64, ""level"": 0.95}",,,,,0,0,-7.250500885950202,0.0,"{""both"": 0.572265625, ""direct"": 0.7138671875, ""either"": 0.580078125, ""opposes"": 0.4765625, ""same"": 0.427734375}","{""(4, 2, 0)"": {""changed"": 0.34375, ""harm"": 0.0, ""all24"": 0.0}, ""(4, 2, 1)"": {""changed"": 0.171875, ""harm"": 0.0, ""all24"": 0.0}, ""(4, 3, 0)"": {""changed"": 0.31770833333333337, ""harm"": 0.0, ""all24"": 0.0}, ""(4, 3, 1)"": {""changed"": 0.19270833333333334, ""harm"": 0.0, ""all24"": 0.0}, ""(6, 2, 0)"": {""changed"": 0.32291666666666663, ""harm"": 0.0, ""all24"": 0.0}, ""(6, 2, 1)"": {""changed"": 0.10416666666666666, ""harm"": 0.0, ""all24"": 0.0}, ""(6, 3, 0)"": {""changed"": 0.33333333333333337, ""harm"": 0.0, ""all24"": 0.0}, ""(6, 3, 1)"": {""changed"": 0.13541666666666669, ""harm"": 0.0, ""all24"": 0.0}}","{""early"": 0.0, ""late"": 0.0}","{""rows"": 96, ""parse_ok"": 1.0, ""agrees_with_score"": 0.9895833333333334}"
qwen,COUNTERFACTUAL,64,3072,0.7278645833333333,0.027994791666666664,0.03097491559617918,0.0703125,0.8291015625,0.8015625,0.07578125,0.9690250844038208,0.044921875,"{""0"": 0.60546875, ""1"": 0.8502604166666667}",0.0703125,0.8291015625,"{""mean"": 0.0703125, ""lower"": 0.0234375, ""upper"": 0.125, ""scenes"": 64, ""level"": 0.95}","{""mean"": 0.7278645833333333, ""lower"": 0.685546875, ""upper"": 0.7708333333333334, ""scenes"": 64, ""level"": 0.95}","{""mean"": 0.027994791666666664, ""lower"": 0.017578125, ""upper"": 0.0390625, ""scenes"": 64, ""level"": 0.95}",,,,,0,0,-2.0167461662991824,1.0,"{""both"": 0.896484375, ""direct"": 0.9287109375, ""either"": 0.8046875, ""opposes"": 0.87890625, ""same"": 0.537109375}","{""(4, 2, 0)"": {""changed"": 0.8229166666666667, ""harm"": 0.03645833333333333, ""all24"": 0.0}, ""(4, 2, 1)"": {""changed"": 0.6510416666666667, ""harm"": 0.010416666666666666, ""all24"": 0.0}, ""(4, 3, 0)"": {""changed"": 0.8333333333333334, ""harm"": 0.020833333333333332, ""all24"": 0.0625}, ""(4, 3, 1)"": {""changed"": 0.640625, ""harm"": 0.005208333333333333, ""all24"": 0.0}, ""(6, 2, 0)"": {""changed"": 0.90625, ""harm"": 0.03125, ""all24"": 0.25}, ""(6, 2, 1)"": {""changed"": 0.59375, ""harm"": 0.046875, ""all24"": 0.0}, ""(6, 3, 0)"": {""changed"": 0.8385416666666667, ""harm"": 0.04166666666666667, ""all24"": 0.25}, ""(6, 3, 1)"": {""changed"": 0.5364583333333333, ""harm"": 0.03125, ""all24"": 0.0}}","{""early"": 0.078125, ""late"": 0.0625}","{""rows"": 96, ""parse_ok"": 1.0, ""agrees_with_score"": 0.9895833333333334}"
qwen,TEXT_CORRECTION,64,3072,0.7291666666666667,0.07096354166666666,0.07574015479657642,0.0078125,0.8092447916666666,0.8023437499999999,0.11953125,0.9242598452034235,0.08984375,"{""0"": 0.6158854166666666, ""1"": 0.8424479166666667}",0.0078125,0.8092447916666666,"{""mean"": 0.0078125, ""lower"": 0.0, ""upper"": 0.0234375, ""scenes"": 64, ""level"": 0.95}","{""mean"": 0.7291666666666667, ""lower"": 0.6920572916666667, ""upper"": 0.7643229166666667, ""scenes"": 64, ""level"": 0.95}","{""mean"": 0.07096354166666666, ""lower"": 0.04817708333333333, ""upper"": 0.09440104166666666, ""scenes"": 64, ""level"": 0.95}",,,,,0,0,-2.0408697842416545,0.1111111111111111,"{""both"": 0.857421875, ""direct"": 0.90625, ""either"": 0.7734375, ""opposes"": 0.921875, ""same"": 0.490234375}","{""(4, 2, 0)"": {""changed"": 0.828125, ""harm"": 0.09375, ""all24"": 0.0}, ""(4, 2, 1)"": {""changed"": 0.6302083333333333, ""harm"": 0.03645833333333333, ""all24"": 0.0}, ""(4, 3, 0)"": {""changed"": 0.84375, ""harm"": 0.13020833333333334, ""all24"": 0.0}, ""(4, 3, 1)"": {""changed"": 0.59375, ""harm"": 0.015625, ""all24"": 0.0}, ""(6, 2, 0)"": {""changed"": 0.859375, ""harm"": 0.08333333333333333, ""all24"": 0.0}, ""(6, 2, 1)"": {""changed"": 0.5885416666666667, ""harm"": 0.046875, ""all24"": 0.0}, ""(6, 3, 0)"": {""changed"": 0.8385416666666666, ""harm"": 0.15625, ""all24"": 0.0}, ""(6, 3, 1)"": {""changed"": 0.6510416666666667, ""harm"": 0.005208333333333333, ""all24"": 0.0625}}","{""early"": 0.015625, ""late"": 0.0}","{""rows"": 96, ""parse_ok"": 1.0, ""agrees_with_score"": 0.9895833333333334}"
qwen,INV_SPARSE_CONTINUE_s0,64,3072,0.87109375,0.059895833333333336,0.06534935086149604,0.1953125,0.8893229166666666,0.89296875,0.09062500000000001,0.934650649138504,0.095703125,"{""0"": 0.828125, ""1"": 0.9140625}",0.1953125,0.8893229166666666,"{""mean"": 0.1953125, ""lower"": 0.125, ""upper"": 0.2734375, ""scenes"": 64, ""level"": 0.95}","{""mean"": 0.87109375, ""lower"": 0.84375, ""upper"": 0.8971354166666666, ""scenes"": 64, ""level"": 0.95}","{""mean"": 0.059895833333333336, ""lower"": 0.042317708333333336, ""upper"": 0.07877604166666666, ""scenes"": 64, ""level"": 0.95}",9.484375,3245.4024448394775,56.406249527507235,0.1361526448163204,0,0,-0.7538114450097607,2.7777777777777777,"{""both"": 0.919921875, ""direct"": 0.93359375, ""either"": 0.89453125, ""opposes"": 0.92578125, ""same"": 0.728515625}","{""(4, 2, 0)"": {""changed"": 0.9114583333333334, ""harm"": 0.041666666666666664, ""all24"": 0.3125}, ""(4, 2, 1)"": {""changed"": 0.8229166666666667, ""harm"": 0.052083333333333336, ""all24"": 0.0}, ""(4, 3, 0)"": {""changed"": 0.9270833333333334, ""harm"": 0.03125, ""all24"": 0.3125}, ""(4, 3, 1)"": {""changed"": 0.8385416666666666, ""harm"": 0.10416666666666667, ""all24"": 0.0625}, ""(6, 2, 0)"": {""changed"": 0.9270833333333333, ""harm"": 0.026041666666666664, ""all24"": 0.4375}, ""(6, 2, 1)"": {""changed"": 0.8645833333333333, ""harm"": 0.15104166666666669, ""all24"": 0.0}, ""(6, 3, 0)"": {""changed"": 0.890625, ""harm"": 0.03125, ""all24"": 0.4375}, ""(6, 3, 1)"": {""changed"": 0.7864583333333333, ""harm"": 0.041666666666666664, ""all24"": 0.0}}","{""early"": 0.265625, ""late"": 0.125}","{""rows"": 96, ""parse_ok"": 1.0, ""agrees_with_score"": 1.0}"
qwen,INV_SPARSE_CONTINUE_s1,64,3072,0.8678385416666667,0.046875,0.05243121570255416,0.2421875,0.8919270833333333,0.90078125,0.0921875,0.9475687842974458,0.095703125,"{""0"": 0.8125, ""1"": 0.9231770833333333}",0.2421875,0.8919270833333333,"{""mean"": 0.2421875, ""lower"": 0.171875, ""upper"": 0.3203125, ""scenes"": 64, ""level"": 0.95}","{""mean"": 0.8678385416666667, ""lower"": 0.8359375, ""upper"": 0.8984375, ""scenes"": 64, ""level"": 0.95}","{""mean"": 0.046875, ""lower"": 0.032552083333333336, ""upper"": 0.0625, ""scenes"": 64, ""level"": 0.95}",9.484375,3395.7824659347534,57.5818287914424,0.13619693706277758,0,0,-0.8709143177104299,3.4444444444444446,"{""both"": 0.923828125, ""direct"": 0.9267578125, ""either"": 0.919921875, ""opposes"": 0.916015625, ""same"": 0.73828125}","{""(4, 2, 0)"": {""changed"": 0.9270833333333334, ""harm"": 0.026041666666666664, ""all24"": 0.375}, ""(4, 2, 1)"": {""changed"": 0.8541666666666667, ""harm"": 0.052083333333333336, ""all24"": 0.125}, ""(4, 3, 0)"": {""changed"": 0.921875, ""harm"": 0.041666666666666664, ""all24"": 0.25}, ""(4, 3, 1)"": {""changed"": 0.8020833333333334, ""harm"": 0.057291666666666664, ""all24"": 0.125}, ""(6, 2, 0)"": {""changed"": 0.9375, ""harm"": 0.03125, ""all24"": 0.4375}, ""(6, 2, 1)"": {""changed"": 0.8333333333333333, ""harm"": 0.09895833333333334, ""all24"": 0.0625}, ""(6, 3, 0)"": {""changed"": 0.90625, ""harm"": 0.046875, ""all24"": 0.4375}, ""(6, 3, 1)"": {""changed"": 0.7604166666666667, ""harm"": 0.020833333333333332, ""all24"": 0.125}}","{""early"": 0.375, ""late"": 0.109375}",
qwen,INV_COMPLETE_SINGLE_s0,64,3072,0.8619791666666666,0.027343749999999997,0.03111626258705063,0.3203125,0.9049479166666667,0.8929687500000001,0.059375000000000004,0.9688837374129494,0.078125,"{""0"": 0.7682291666666666, ""1"": 0.9557291666666666}",0.3203125,0.9049479166666667,"{""mean"": 0.3203125, ""lower"": 0.23417968750000173, ""upper"": 0.4140625, ""scenes"": 64, ""level"": 0.95}","{""mean"": 0.8619791666666666, ""lower"": 0.818359375, ""upper"": 0.9029947916666667, ""scenes"": 64, ""level"": 0.95}","{""mean"": 0.027343749999999997, ""lower"": 0.016276041666666664, ""upper"": 0.039713541666666664, ""scenes"": 64, ""level"": 0.95}",9.484375,3010.2675886154175,54.45352831094292,0.13377445901278406,0,0,-0.8232739362805871,4.555555555555555,"{""both"": 0.958984375, ""direct"": 0.9326171875, ""either"": 0.888671875, ""opposes"": 0.9296875, ""same"": 0.787109375}","{""(4, 2, 0)"": {""changed"": 0.9791666666666667, ""harm"": 0.041666666666666664, ""all24"": 0.375}, ""(4, 2, 1)"": {""changed"": 0.703125, ""harm"": 0.0, ""all24"": 0.1875}, ""(4, 3, 0)"": {""changed"": 0.9583333333333334, ""harm"": 0.03125, ""all24"": 0.4375}, ""(4, 3, 1)"": {""changed"": 0.828125, ""harm"": 0.026041666666666664, ""all24"": 0.3125}, ""(6, 2, 0)"": {""changed"": 0.9479166666666667, ""harm"": 0.026041666666666664, ""all24"": 0.375}, ""(6, 2, 1)"": {""changed"": 0.796875, ""harm"": 0.03645833333333333, ""all24"": 0.1875}, ""(6, 3, 0)"": {""changed"": 0.9375, ""harm"": 0.04166666666666667, ""all24"": 0.5}, ""(6, 3, 1)"": {""changed"": 0.7447916666666667, ""harm"": 0.015625, ""all24"": 0.1875}}","{""early"": 0.359375, ""late"": 0.28125}","{""rows"": 96, ""parse_ok"": 1.0, ""agrees_with_score"": 1.0}"
qwen,INV_COMPLETE_SINGLE_s1,64,3072,0.8912760416666666,0.0234375,0.025510118397525434,0.359375,0.9215494791666667,0.92109375,0.0546875,0.9744898816024745,0.056640625,"{""0"": 0.83984375, ""1"": 0.9427083333333334}",0.359375,0.9215494791666667,"{""mean"": 0.359375, ""lower"": 0.2734375, ""upper"": 0.453125, ""scenes"": 64, ""level"": 0.95}","{""mean"": 0.8912760416666666, ""lower"": 0.86328125, ""upper"": 0.91796875, ""scenes"": 64, ""level"": 0.95}","{""mean"": 0.0234375, ""lower"": 0.013671875, ""upper"": 0.034505208333333336, ""scenes"": 64, ""level"": 0.95}",9.484375,2849.591522216797,52.89837136635051,0.1329773308825679,0,0,-0.6361759520392585,5.111111111111111,"{""both"": 0.974609375, ""direct"": 0.953125, ""either"": 0.916015625, ""opposes"": 0.947265625, ""same"": 0.78515625}","{""(4, 2, 0)"": {""changed"": 0.953125, ""harm"": 0.015625, ""all24"": 0.5}, ""(4, 2, 1)"": {""changed"": 0.8020833333333333, ""harm"": 0.005208333333333333, ""all24"": 0.1875}, ""(4, 3, 0)"": {""changed"": 0.953125, ""harm"": 0.03125, ""all24"": 0.5}, ""(4, 3, 1)"": {""changed"": 0.8697916666666667, ""harm"": 0.03645833333333333, ""all24"": 0.1875}, ""(6, 2, 0)"": {""changed"": 0.9479166666666667, ""harm"": 0.010416666666666666, ""all24"": 0.5}, ""(6, 2, 1)"": {""changed"": 0.8802083333333334, ""harm"": 0.03645833333333333, ""all24"": 0.25}, ""(6, 3, 0)"": {""changed"": 0.9166666666666667, ""harm"": 0.05208333333333333, ""all24"": 0.4375}, ""(6, 3, 1)"": {""changed"": 0.8072916666666667, ""harm"": 0.0, ""all24"": 0.3125}}","{""early"": 0.484375, ""late"": 0.234375}",
qwen,FREE_SPARSE_CONTINUE_s0,64,3072,0.7591145833333333,0.057291666666666664,0.06140808264485324,0.1328125,0.8349609375,0.8078125,0.09062500000000001,0.9385919173551468,0.08203125,"{""0"": 0.6458333333333334, ""1"": 0.8723958333333333}",0.1328125,0.8349609375,"{""mean"": 0.1328125, ""lower"": 0.078125, ""upper"": 0.1875, ""scenes"": 64, ""level"": 0.95}","{""mean"": 0.7591145833333333, ""lower"": 0.7161458333333333, ""upper"": 0.8001302083333333, ""scenes"": 64, ""level"": 0.95}","{""mean"": 0.057291666666666664, ""lower"": 0.04036458333333333, ""upper"": 0.07486979166666666, ""scenes"": 64, ""level"": 0.95}",9.484375,9448.535701751709,95.94592089052078,0.14785629749530926,0,0,-1.4275190114320602,1.8888888888888888,"{""both"": 0.896484375, ""direct"": 0.91015625, ""either"": 0.796875, ""opposes"": 0.833984375, ""same"": 0.662109375}","{""(4, 2, 0)"": {""changed"": 0.8645833333333333, ""harm"": 0.078125, ""all24"": 0.1875}, ""(4, 2, 1)"": {""changed"": 0.59375, ""harm"": 0.026041666666666664, ""all24"": 0.0}, ""(4, 3, 0)"": {""changed"": 0.8854166666666667, ""harm"": 0.03645833333333333, ""all24"": 0.1875}, ""(4, 3, 1)"": {""changed"": 0.6979166666666667, ""harm"": 0.0625, ""all24"": 0.0625}, ""(6, 2, 0)"": {""changed"": 0.890625, ""harm"": 0.046875, ""all24"": 0.25}, ""(6, 2, 1)"": {""changed"": 0.6510416666666667, ""harm"": 0.09375, ""all24"": 0.0}, ""(6, 3, 0)"": {""changed"": 0.8489583333333333, ""harm"": 0.078125, ""all24"": 0.3125}, ""(6, 3, 1)"": {""changed"": 0.640625, ""harm"": 0.03645833333333333, ""all24"": 0.0625}}","{""early"": 0.21875, ""late"": 0.046875}","{""rows"": 96, ""parse_ok"": 1.0, ""agrees_with_score"": 1.0}"
qwen,FREE_SPARSE_CONTINUE_s1,64,3072,0.8111979166666667,0.03515625,0.038841432775913565,0.1796875,0.8714192708333333,0.8617187500000001,0.07343750000000002,0.9611585672240864,0.076171875,"{""0"": 0.70703125, ""1"": 0.9153645833333333}",0.1796875,0.8714192708333333,"{""mean"": 0.1796875, ""lower"": 0.1171875, ""upper"": 0.25, ""scenes"": 64, ""level"": 0.95}","{""mean"": 0.8111979166666667, ""lower"": 0.7734375, ""upper"": 0.84765625, ""scenes"": 64, ""level"": 0.95}","{""mean"": 0.03515625, ""lower"": 0.022135416666666664, ""upper"": 0.04947916666666667, ""scenes"": 64, ""level"": 0.95}",9.484375,7410.242168426514,85.60995057523981,0.1423093790654093,0,0,-0.8565420464950785,2.5555555555555554,"{""both"": 0.931640625, ""direct"": 0.93359375, ""either"": 0.841796875, ""opposes"": 0.92578125, ""same"": 0.662109375}","{""(4, 2, 0)"": {""changed"": 0.90625, ""harm"": 0.057291666666666664, ""all24"": 0.3125}, ""(4, 2, 1)"": {""changed"": 0.6770833333333333, ""harm"": 0.015625, ""all24"": 0.0625}, ""(4, 3, 0)"": {""changed"": 0.9270833333333334, ""harm"": 0.052083333333333336, ""all24"": 0.25}, ""(4, 3, 1)"": {""changed"": 0.7447916666666667, ""harm"": 0.020833333333333332, ""all24"": 0.0}, ""(6, 2, 0)"": {""changed"": 0.921875, ""harm"": 0.03645833333333333, ""all24"": 0.4375}, ""(6, 2, 1)"": {""changed"": 0.71875, ""harm"": 0.031249999999999997, ""all24"": 0.0}, ""(6, 3, 0)"": {""changed"": 0.90625, ""harm"": 0.0625, ""all24"": 0.375}, ""(6, 3, 1)"": {""changed"": 0.6875, ""harm"": 0.005208333333333333, ""all24"": 0.0}}","{""early"": 0.265625, ""late"": 0.09375}",
qwen,FREE_COMPLETE_SINGLE_s0,64,3072,0.857421875,0.026041666666666664,0.027954447166582463,0.296875,0.9016927083333334,0.8890625,0.05781249999999999,0.9720455528334175,0.05859375,"{""0"": 0.7981770833333333, ""1"": 0.9166666666666667}",0.296875,0.9016927083333334,"{""mean"": 0.296875, ""lower"": 0.2109375, ""upper"": 0.3828125, ""scenes"": 64, ""level"": 0.95}","{""mean"": 0.857421875, ""lower"": 0.8203125, ""upper"": 0.892578125, ""scenes"": 64, ""level"": 0.95}","{""mean"": 0.026041666666666664, ""lower"": 0.015625, ""upper"": 0.03841145833333333, ""scenes"": 64, ""level"": 0.95}",9.484375,7907.489349365234,88.59127932510978,0.14400228206068277,0,0,-0.6604019082325743,4.222222222222222,"{""both"": 0.9375, ""direct"": 0.94921875, ""either"": 0.90625, ""opposes"": 0.935546875, ""same"": 0.732421875}","{""(4, 2, 0)"": {""changed"": 0.9114583333333334, ""harm"": 0.03125, ""all24"": 0.25}, ""(4, 2, 1)"": {""changed"": 0.765625, ""harm"": 0.0, ""all24"": 0.1875}, ""(4, 3, 0)"": {""changed"": 0.9114583333333333, ""harm"": 0.03125, ""all24"": 0.25}, ""(4, 3, 1)"": {""changed"": 0.7916666666666667, ""harm"": 0.036458333333333336, ""all24"": 0.25}, ""(6, 2, 0)"": {""changed"": 0.9322916666666666, ""harm"": 0.026041666666666664, ""all24"": 0.5}, ""(6, 2, 1)"": {""changed"": 0.8385416666666666, ""harm"": 0.03125, ""all24"": 0.3125}, ""(6, 3, 0)"": {""changed"": 0.9114583333333334, ""harm"": 0.041666666666666664, ""all24"": 0.4375}, ""(6, 3, 1)"": {""changed"": 0.796875, ""harm"": 0.010416666666666666, ""all24"": 0.1875}}","{""early"": 0.328125, ""late"": 0.265625}","{""rows"": 96, ""parse_ok"": 1.0, ""agrees_with_score"": 1.0}"
qwen,FREE_COMPLETE_SINGLE_s1,64,3072,0.8294270833333333,0.030598958333333332,0.03420426529515488,0.234375,0.8857421875,0.86015625,0.06640625,0.9657957347048451,0.09765625,"{""0"": 0.7369791666666667, ""1"": 0.921875}",0.234375,0.8857421875,"{""mean"": 0.234375, ""lower"": 0.15625, ""upper"": 0.3203125, ""scenes"": 64, ""level"": 0.95}","{""mean"": 0.8294270833333333, ""lower"": 0.7916666666666665, ""upper"": 0.8658854166666666, ""scenes"": 64, ""level"": 0.95}","{""mean"": 0.030598958333333332, ""lower"": 0.018880208333333332, ""upper"": 0.04296875, ""scenes"": 64, ""level"": 0.95}",9.484375,9072.80912399292,93.61440407136298,0.14874980685999617,0,0,-0.6792415441439213,3.3333333333333335,"{""both"": 0.947265625, ""direct"": 0.947265625, ""either"": 0.884765625, ""opposes"": 0.892578125, ""same"": 0.6953125}","{""(4, 2, 0)"": {""changed"": 0.9322916666666667, ""harm"": 0.015625, ""all24"": 0.625}, ""(4, 2, 1)"": {""changed"": 0.734375, ""harm"": 0.020833333333333332, ""all24"": 0.125}, ""(4, 3, 0)"": {""changed"": 0.890625, ""harm"": 0.05208333333333333, ""all24"": 0.0625}, ""(4, 3, 1)"": {""changed"": 0.7604166666666666, ""harm"": 0.005208333333333333, ""all24"": 0.125}, ""(6, 2, 0)"": {""changed"": 0.96875, ""harm"": 0.020833333333333332, ""all24"": 0.4375}, ""(6, 2, 1)"": {""changed"": 0.7552083333333334, ""harm"": 0.057291666666666664, ""all24"": 0.0}, ""(6, 3, 0)"": {""changed"": 0.8958333333333333, ""harm"": 0.05208333333333333, ""all24"": 0.3125}, ""(6, 3, 1)"": {""changed"": 0.6979166666666667, ""harm"": 0.020833333333333332, ""all24"": 0.1875}}","{""early"": 0.34375, ""late"": 0.125}",
qwen,FROZEN_V3_INVARIANT_SET_s0,64,3072,0.87109375,0.059895833333333336,0.06534935086149604,0.1953125,0.8893229166666666,0.89296875,0.09062500000000001,0.934650649138504,0.095703125,"{""0"": 0.828125, ""1"": 0.9140625}",0.1953125,0.8893229166666666,"{""mean"": 0.1953125, ""lower"": 0.125, ""upper"": 0.2734375, ""scenes"": 64, ""level"": 0.95}","{""mean"": 0.87109375, ""lower"": 0.84375, ""upper"": 0.8971354166666666, ""scenes"": 64, ""level"": 0.95}","{""mean"": 0.059895833333333336, ""lower"": 0.042317708333333336, ""upper"": 0.07877604166666666, ""scenes"": 64, ""level"": 0.95}",9.484375,3245.4024448394775,56.406249527507235,0.1361526448163204,0,0,-0.7538114450097607,2.7777777777777777,"{""both"": 0.919921875, ""direct"": 0.93359375, ""either"": 0.89453125, ""opposes"": 0.92578125, ""same"": 0.728515625}","{""(4, 2, 0)"": {""changed"": 0.9114583333333334, ""harm"": 0.041666666666666664, ""all24"": 0.3125}, ""(4, 2, 1)"": {""changed"": 0.8229166666666667, ""harm"": 0.052083333333333336, ""all24"": 0.0}, ""(4, 3, 0)"": {""changed"": 0.9270833333333334, ""harm"": 0.03125, ""all24"": 0.3125}, ""(4, 3, 1)"": {""changed"": 0.8385416666666666, ""harm"": 0.10416666666666667, ""all24"": 0.0625}, ""(6, 2, 0)"": {""changed"": 0.9270833333333333, ""harm"": 0.026041666666666664, ""all24"": 0.4375}, ""(6, 2, 1)"": {""changed"": 0.8645833333333333, ""harm"": 0.15104166666666669, ""all24"": 0.0}, ""(6, 3, 0)"": {""changed"": 0.890625, ""harm"": 0.03125, ""all24"": 0.4375}, ""(6, 3, 1)"": {""changed"": 0.7864583333333333, ""harm"": 0.041666666666666664, ""all24"": 0.0}}","{""early"": 0.265625, ""late"": 0.125}",
qwen,FROZEN_V3_INVARIANT_SET_s1,64,3072,0.8678385416666667,0.046875,0.05243121570255416,0.2421875,0.8919270833333333,0.90078125,0.0921875,0.9475687842974458,0.095703125,"{""0"": 0.8125, ""1"": 0.9231770833333333}",0.2421875,0.8919270833333333,"{""mean"": 0.2421875, ""lower"": 0.171875, ""upper"": 0.3203125, ""scenes"": 64, ""level"": 0.95}","{""mean"": 0.8678385416666667, ""lower"": 0.8359375, ""upper"": 0.8984375, ""scenes"": 64, ""level"": 0.95}","{""mean"": 0.046875, ""lower"": 0.032552083333333336, ""upper"": 0.0625, ""scenes"": 64, ""level"": 0.95}",9.484375,3395.7824659347534,57.5818287914424,0.13619693706277758,0,0,-0.8709143177104299,3.4444444444444446,"{""both"": 0.923828125, ""direct"": 0.9267578125, ""either"": 0.919921875, ""opposes"": 0.916015625, ""same"": 0.73828125}","{""(4, 2, 0)"": {""changed"": 0.9270833333333334, ""harm"": 0.026041666666666664, ""all24"": 0.375}, ""(4, 2, 1)"": {""changed"": 0.8541666666666667, ""harm"": 0.052083333333333336, ""all24"": 0.125}, ""(4, 3, 0)"": {""changed"": 0.921875, ""harm"": 0.041666666666666664, ""all24"": 0.25}, ""(4, 3, 1)"": {""changed"": 0.8020833333333334, ""harm"": 0.057291666666666664, ""all24"": 0.125}, ""(6, 2, 0)"": {""changed"": 0.9375, ""harm"": 0.03125, ""all24"": 0.4375}, ""(6, 2, 1)"": {""changed"": 0.8333333333333333, ""harm"": 0.09895833333333334, ""all24"": 0.0625}, ""(6, 3, 0)"": {""changed"": 0.90625, ""harm"": 0.046875, ""all24"": 0.4375}, ""(6, 3, 1)"": {""changed"": 0.7604166666666667, ""harm"": 0.020833333333333332, ""all24"": 0.125}}","{""early"": 0.375, ""late"": 0.109375}",
qwen,FROZEN_V3_FREE_OVERWRITE_s0,64,3072,0.85546875,0.076171875,0.08181612455414868,0.140625,0.8753255208333333,0.8875,0.09921875,0.9181838754458513,0.068359375,"{""0"": 0.8854166666666667, ""1"": 0.8255208333333334}",0.140625,0.8753255208333333,"{""mean"": 0.140625, ""lower"": 0.0859375, ""upper"": 0.203125, ""scenes"": 64, ""level"": 0.95}","{""mean"": 0.85546875, ""lower"": 0.83203125, ""upper"": 0.8776041666666667, ""scenes"": 64, ""level"": 0.95}","{""mean"": 0.076171875, ""lower"": 0.05403645833333333, ""upper"": 0.10026041666666666, ""scenes"": 64, ""level"": 0.95}",9.484375,7301.808153152466,83.61942179036377,0.14147063088603318,0,0,-0.7719047484046516,2.0,"{""both"": 0.90234375, ""direct"": 0.935546875, ""either"": 0.8359375, ""opposes"": 0.91796875, ""same"": 0.724609375}","{""(4, 2, 0)"": {""changed"": 0.828125, ""harm"": 0.026041666666666664, ""all24"": 0.25}, ""(4, 2, 1)"": {""changed"": 0.890625, ""harm"": 0.09895833333333334, ""all24"": 0.125}, ""(4, 3, 0)"": {""changed"": 0.8385416666666667, ""harm"": 0.046875, ""all24"": 0.125}, ""(4, 3, 1)"": {""changed"": 0.8802083333333333, ""harm"": 0.13020833333333334, ""all24"": 0.0625}, ""(6, 2, 0)"": {""changed"": 0.8541666666666667, ""harm"": 0.015625, ""all24"": 0.1875}, ""(6, 2, 1)"": {""changed"": 0.9010416666666666, ""harm"": 0.18229166666666669, ""all24"": 0.0}, ""(6, 3, 0)"": {""changed"": 0.78125, ""harm"": 0.03645833333333333, ""all24"": 0.25}, ""(6, 3, 1)"": {""changed"": 0.8697916666666667, ""harm"": 0.07291666666666667, ""all24"": 0.125}}","{""early"": 0.234375, ""late"": 0.046875}","{""rows"": 96, ""parse_ok"": 1.0, ""agrees_with_score"": 1.0}"
qwen,FROZEN_V3_FREE_OVERWRITE_s1,64,3072,0.8059895833333333,0.08203125,0.08944541094274719,0.1328125,0.8414713541666667,0.8421875,0.1265625,0.9105545890572528,0.119140625,"{""0"": 0.7317708333333334, ""1"": 0.8802083333333334}",0.1328125,0.8414713541666667,"{""mean"": 0.1328125, ""lower"": 0.0703125, ""upper"": 0.203125, ""scenes"": 64, ""level"": 0.95}","{""mean"": 0.8059895833333333, ""lower"": 0.77734375, ""upper"": 0.8352864583333333, ""scenes"": 64, ""level"": 0.95}","{""mean"": 0.08203125, ""lower"": 0.0625, ""upper"": 0.10286458333333333, ""scenes"": 64, ""level"": 0.95}",9.484375,9724.245990753174,95.10552699500009,0.14507491432595998,0,0,-1.1291363738982316,1.8888888888888888,"{""both"": 0.923828125, ""direct"": 0.916015625, ""either"": 0.84375, ""opposes"": 0.857421875, ""same"": 0.591796875}","{""(4, 2, 0)"": {""changed"": 0.8541666666666666, ""harm"": 0.06249999999999999, ""all24"": 0.1875}, ""(4, 2, 1)"": {""changed"": 0.765625, ""harm"": 0.09895833333333334, ""all24"": 0.0}, ""(4, 3, 0)"": {""changed"": 0.8489583333333334, ""harm"": 0.03645833333333333, ""all24"": 0.25}, ""(4, 3, 1)"": {""changed"": 0.7395833333333334, ""harm"": 0.140625, ""all24"": 0.0}, ""(6, 2, 0)"": {""changed"": 0.9166666666666666, ""harm"": 0.046875, ""all24"": 0.375}, ""(6, 2, 1)"": {""changed"": 0.703125, ""harm"": 0.14583333333333334, ""all24"": 0.0}, ""(6, 3, 0)"": {""changed"": 0.9010416666666667, ""harm"": 0.078125, ""all24"": 0.25}, ""(6, 3, 1)"": {""changed"": 0.71875, ""harm"": 0.04687499999999999, ""all24"": 0.0}}","{""early"": 0.15625, ""late"": 0.109375}",
