model,population,family,direction_id,dose,items,boards,mean_semantic_margin,mean_delta_from_zero,delta_ci_low,delta_ci_high,verdict_change_rate_from_zero
gemma,ALL,dim,frozen_dim,-2.0,500,125,-6.648750000119209,-5.400250002741814,-5.779384376209974,-5.030103126904369,0.434
gemma,ALL,dim,frozen_dim,-1.0,500,125,-3.116999997735024,-1.868500000357628,-2.0161374990463257,-1.7257437493681909,0.106
gemma,ALL,dim,frozen_dim,-0.5,500,125,-2.077374997854233,-0.8288750004768372,-0.9095031216531992,-0.758496875575185,0.044
gemma,ALL,dim,frozen_dim,0.0,500,125,-1.2484999973773956,0.0,0.0,0.0,0.0
gemma,ALL,dim,frozen_dim,0.5,500,125,-0.3052499988079071,0.9432499985694884,0.8615000013649463,1.02899999691844,0.066
gemma,ALL,dim,frozen_dim,1.0,500,125,1.1993749971985816,2.447874994575977,2.277618747483194,2.6202499943837525,0.14
gemma,ALL,dim,frozen_dim,2.0,500,125,5.106874997675419,6.355374995052815,5.964968743404746,6.737659373587369,0.54
gemma,ALL,opposite_dim,negative_frozen_dim,-2.0,500,125,5.106874997675419,6.355374995052815,5.972484372520447,6.732881246931851,0.54
gemma,ALL,opposite_dim,negative_frozen_dim,-1.0,500,125,1.1993749971985816,2.447874994575977,2.277249994637072,2.618884372358024,0.14
gemma,ALL,opposite_dim,negative_frozen_dim,-0.5,500,125,-0.3052499988079071,0.9432499985694884,0.8649999978244305,1.032874996459484,0.066
gemma,ALL,opposite_dim,negative_frozen_dim,0.0,500,125,-1.2484999973773956,0.0,0.0,0.0,0.0
gemma,ALL,opposite_dim,negative_frozen_dim,0.5,500,125,-2.077374997854233,-0.8288750004768372,-0.9095031251817942,-0.7559968729257583,0.044
gemma,ALL,opposite_dim,negative_frozen_dim,1.0,500,125,-3.116999997735024,-1.868500000357628,-2.0162562499552963,-1.725743750217557,0.106
gemma,ALL,opposite_dim,negative_frozen_dim,2.0,500,125,-6.648750000119209,-5.400250002741814,-5.787021876221895,-5.015225003749133,0.434
gemma,ALL,random_orthogonal,orthogonal_2026082101,-2.0,500,125,-0.995000000178814,0.2534999971985817,0.2292499970734119,0.2783749956980347,0.01
gemma,ALL,random_orthogonal,orthogonal_2026082101,-1.0,500,125,-1.127250000476837,0.1212499969005584,0.1066218707978725,0.1361249965548515,0.006
gemma,ALL,random_orthogonal,orthogonal_2026082101,-0.5,500,125,-1.1911249994039534,0.057374997973442,0.0471249978333711,0.0675000000059604,0.004
gemma,ALL,random_orthogonal,orthogonal_2026082101,0.0,500,125,-1.2484999973773956,0.0,0.0,0.0,0.0
gemma,ALL,random_orthogonal,orthogonal_2026082101,0.5,500,125,-1.307374999523163,-0.0588750021457672,-0.0686250034689903,-0.0487500009328126,0.008
gemma,ALL,random_orthogonal,orthogonal_2026082101,1.0,500,125,-1.3623750007152555,-0.1138750033378601,-0.1320031331539154,-0.0961218761444092,0.01
gemma,ALL,random_orthogonal,orthogonal_2026082101,2.0,500,125,-1.4570000004172323,-0.2085000030398368,-0.2471250012218952,-0.1701250035762787,0.014
gemma,ALL,random_orthogonal,orthogonal_2026082102,-2.0,500,125,-1.379250002026558,-0.1307500046491622,-0.1621250047922134,-0.0978750054478645,0.01
gemma,ALL,random_orthogonal,orthogonal_2026082102,-1.0,500,125,-1.325375001311302,-0.0768750039339065,-0.0935000031024217,-0.0607500020265579,0.004
gemma,ALL,random_orthogonal,orthogonal_2026082102,-0.5,500,125,-1.292000000178814,-0.0435000028014183,-0.0533749995097517,-0.0335000047251582,0.004
gemma,ALL,random_orthogonal,orthogonal_2026082102,0.0,500,125,-1.2484999973773956,0.0,0.0,0.0,0.0
gemma,ALL,random_orthogonal,orthogonal_2026082102,0.5,500,125,-1.2092499989271164,0.0392499984502792,0.0298750016331672,0.0487499984711408,0.0
gemma,ALL,random_orthogonal,orthogonal_2026082102,1.0,500,125,-1.166125,0.0823749973773956,0.0673749978542327,0.0977499955177307,0.004
gemma,ALL,random_orthogonal,orthogonal_2026082102,2.0,500,125,-1.066749999940395,0.1817499974370002,0.1567499965965748,0.2065031251668929,0.006
gemma,ALL,random_orthogonal,orthogonal_2026082103,-2.0,500,125,-1.2434999994635585,0.0049999979138374,-0.0306250031173229,0.0398781244784593,0.002
gemma,ALL,random_orthogonal,orthogonal_2026082103,-1.0,500,125,-1.238624998688698,0.0098749986886978,-0.0093781306803226,0.027999997857213,0.002
gemma,ALL,random_orthogonal,orthogonal_2026082103,-0.5,500,125,-1.2419999986886978,0.0064999986886978,-0.0051250026375055,0.0181250002533197,0.002
gemma,ALL,random_orthogonal,orthogonal_2026082103,0.0,500,125,-1.2484999973773956,0.0,0.0,0.0,0.0
gemma,ALL,random_orthogonal,orthogonal_2026082103,0.5,500,125,-1.2671249964237212,-0.0186249990463256,-0.0292499971419572,-0.0076249985575675,0.002
gemma,ALL,random_orthogonal,orthogonal_2026082103,1.0,500,125,-1.271749998807907,-0.0232500014305114,-0.0421250017404556,-0.0046250004708766,0.004
gemma,ALL,random_orthogonal,orthogonal_2026082103,2.0,500,125,-1.2762499984502793,-0.0277500010728836,-0.0650031279236078,0.0091249978631734,0.006
gemma,ALL,wrong_layer,frozen_dim,-2.0,500,125,-3.4178749982714653,-2.1693750008940698,-2.351756249806285,-1.990996875219047,0.11
gemma,ALL,wrong_layer,frozen_dim,-1.0,500,125,-2.2577500030994417,-1.009250005722046,-1.0966250032901763,-0.9281218834280968,0.04
gemma,ALL,wrong_layer,frozen_dim,-0.5,500,125,-1.7401249984502791,-0.4916250010728836,-0.5388781272381544,-0.451496874344349,0.018
gemma,ALL,wrong_layer,frozen_dim,0.0,500,125,-1.2484999973773956,0.0,0.0,0.0,0.0
gemma,ALL,wrong_layer,frozen_dim,0.5,500,125,-0.7356249988079071,0.5128749985694885,0.4672500006794929,0.562753123140335,0.036
gemma,ALL,wrong_layer,frozen_dim,1.0,500,125,-0.1873750009536743,1.0611249964237213,0.9774937458336354,1.148503121370077,0.066
gemma,ALL,wrong_layer,frozen_dim,2.0,500,125,1.258250000834465,2.506749998211861,2.319746872866154,2.694906248092651,0.142
gemma,BOTH_CLEAR,dim,frozen_dim,-2.0,297,121,-6.715698653198653,-6.028193874546318,-6.663096160470372,-5.407540247164484,0.4579124579124579
gemma,BOTH_CLEAR,dim,frozen_dim,-1.0,297,121,-2.43560605659228,-1.6570678354951631,-1.857317493112948,-1.4735687766521757,0.0606060606060606
gemma,BOTH_CLEAR,dim,frozen_dim,-0.5,297,121,-1.472011781702138,-0.6874139128309309,-0.7854737010951212,-0.6004616542952779,0.0202020202020202
gemma,BOTH_CLEAR,dim,frozen_dim,0.0,297,121,-0.7870370354315247,0.0,0.0,0.0,0.0
gemma,BOTH_CLEAR,dim,frozen_dim,0.5,297,121,0.0096801354828908,0.7948949697424886,0.6910253097203153,0.9149890227936024,0.0505050505050505
gemma,BOTH_CLEAR,dim,frozen_dim,1.0,297,121,1.3707912435836664,2.148760324503108,1.9169216978432968,2.388740735364559,0.1144781144781144
gemma,BOTH_CLEAR,dim,frozen_dim,2.0,297,121,5.451388885978898,6.273545103624833,5.728439212980431,6.823318050502088,0.5050505050505051
gemma,BOTH_CLEAR,opposite_dim,negative_frozen_dim,-2.0,297,121,5.451388885978898,6.273545103624833,5.721204586684211,6.830716237624896,0.5050505050505051
gemma,BOTH_CLEAR,opposite_dim,negative_frozen_dim,-1.0,297,121,1.3707912435836664,2.148760324503108,1.9102068228385416,2.3898168258707626,0.1144781144781144
gemma,BOTH_CLEAR,opposite_dim,negative_frozen_dim,-0.5,297,121,0.0096801354828908,0.7948949697424886,0.6909273860580992,0.9142131454401108,0.0505050505050505
gemma,BOTH_CLEAR,opposite_dim,negative_frozen_dim,0.0,297,121,-0.7870370354315247,0.0,0.0,0.0,0.0
gemma,BOTH_CLEAR,opposite_dim,negative_frozen_dim,0.5,297,121,-1.472011781702138,-0.6874139128309309,-0.7859461100469278,-0.6025288407221314,0.0202020202020202
gemma,BOTH_CLEAR,opposite_dim,negative_frozen_dim,1.0,297,121,-2.43560605659228,-1.6570678354951631,-1.8600744588644376,-1.473558017701814,0.0606060606060606
gemma,BOTH_CLEAR,opposite_dim,negative_frozen_dim,2.0,297,121,-6.715698653198653,-6.028193874546318,-6.668044077091883,-5.40008824797496,0.4579124579124579
gemma,BOTH_CLEAR,random_orthogonal,orthogonal_2026082101,-2.0,297,121,-0.5286195285191841,0.2528409052527312,0.2199541492320946,0.2856835339408234,0.0067340067340067
gemma,BOTH_CLEAR,random_orthogonal,orthogonal_2026082101,-1.0,297,121,-0.6590909104957323,0.1223743064919122,0.1042516788513946,0.1405819549376642,0.0067340067340067
gemma,BOTH_CLEAR,random_orthogonal,orthogonal_2026082101,-0.5,297,121,-0.7251683497669721,0.0597451756151582,0.0474765375297588,0.0719288049978986,0.0033670033670033
gemma,BOTH_CLEAR,random_orthogonal,orthogonal_2026082101,0.0,297,121,-0.7870370354315247,0.0,0.0,0.0,0.0
gemma,BOTH_CLEAR,random_orthogonal,orthogonal_2026082101,0.5,297,121,-0.8470117849131626,-0.05686123016452,-0.0680096462410015,-0.0458408660632519,0.0
gemma,BOTH_CLEAR,random_orthogonal,orthogonal_2026082101,1.0,297,121,-0.9031986536000312,-0.1095902248190782,-0.1309411678842933,-0.0891432076569431,0.0
gemma,BOTH_CLEAR,random_orthogonal,orthogonal_2026082101,2.0,297,121,-1.0077861960889514,-0.2071711478482921,-0.2498719452662244,-0.1650718913919013,0.0033670033670033
gemma,BOTH_CLEAR,random_orthogonal,orthogonal_2026082102,-2.0,297,121,-0.902777778580534,-0.1127324426141323,-0.1558658363897938,-0.0695570770620314,0.0033670033670033
gemma,BOTH_CLEAR,random_orthogonal,orthogonal_2026082102,-1.0,297,121,-0.860058924967191,-0.0732179807073157,-0.0931043434549461,-0.0538040262197988,0.0
gemma,BOTH_CLEAR,random_orthogonal,orthogonal_2026082102,-0.5,297,121,-0.8305976429972985,-0.0449810644647635,-0.0587551767093747,-0.0317665288435197,0.0
gemma,BOTH_CLEAR,random_orthogonal,orthogonal_2026082102,0.0,297,121,-0.7870370354315247,0.0,0.0,0.0,0.0
gemma,BOTH_CLEAR,random_orthogonal,orthogonal_2026082102,0.5,297,121,-0.7487373719311724,0.0383092257355855,0.0258264440858413,0.0508791765634267,0.0
gemma,BOTH_CLEAR,random_orthogonal,orthogonal_2026082102,1.0,297,121,-0.7028619528619529,0.0830320188821839,0.0632306711404448,0.1034779557676026,0.0033670033670033
gemma,BOTH_CLEAR,random_orthogonal,orthogonal_2026082102,2.0,297,121,-0.6037457887371782,0.1829373265511405,0.1519455953734637,0.213799937392685,0.0033670033670033
gemma,BOTH_CLEAR,random_orthogonal,orthogonal_2026082103,-2.0,297,121,-0.7920875420875421,-0.0045196320399765,-0.0519541974566856,0.0413244649070024,0.0
gemma,BOTH_CLEAR,random_orthogonal,orthogonal_2026082103,-1.0,297,121,-0.7800925901843241,0.0076188003392915,-0.016442836603514,0.0314221693875047,0.0
gemma,BOTH_CLEAR,random_orthogonal,orthogonal_2026082103,-0.5,297,121,-0.784301347804792,0.0043474460436292,-0.0117510373352644,0.0200154896733189,0.0
gemma,BOTH_CLEAR,random_orthogonal,orthogonal_2026082103,0.0,297,121,-0.7870370354315247,0.0,0.0,0.0,0.0
gemma,BOTH_CLEAR,random_orthogonal,orthogonal_2026082103,0.5,297,121,-0.8017676751621644,-0.0154528256618615,-0.0291419220364783,-0.0021080838747261,0.0
gemma,BOTH_CLEAR,random_orthogonal,orthogonal_2026082103,1.0,297,121,-0.8036616141547258,-0.0218663933191746,-0.0459710774589176,0.0031852627383447,0.0
gemma,BOTH_CLEAR,random_orthogonal,orthogonal_2026082103,2.0,297,121,-0.8026094260039153,-0.0199724517906336,-0.0700359494889734,0.0295314690626685,0.0
gemma,BOTH_CLEAR,wrong_layer,frozen_dim,-2.0,297,121,-2.9391835008807456,-2.2200413262548526,-2.4915332415790266,-1.9729855362787725,0.0673400673400673
gemma,BOTH_CLEAR,wrong_layer,frozen_dim,-1.0,297,121,-1.7001262686469338,-0.926179417893906,-1.0394735774553838,-0.82924307502252,0.0101010101010101
gemma,BOTH_CLEAR,wrong_layer,frozen_dim,-0.5,297,121,-1.2178030301023413,-0.433410816366679,-0.4887224589394965,-0.3858019150916703,0.0067340067340067
gemma,BOTH_CLEAR,wrong_layer,frozen_dim,0.0,297,121,-0.7870370354315247,0.0,0.0,0.0,0.0
gemma,BOTH_CLEAR,wrong_layer,frozen_dim,0.5,297,121,-0.3476430962382744,0.4375860881542699,0.3864486410721275,0.4949638326716488,0.0269360269360269
gemma,BOTH_CLEAR,wrong_layer,frozen_dim,1.0,297,121,0.138257577363088,0.9286329174008908,0.8212766755793048,1.044466684450788,0.0538720538720538
gemma,BOTH_CLEAR,wrong_layer,frozen_dim,2.0,297,121,1.5153619546681545,2.2932592954271094,2.0303428413454165,2.5581191860231733,0.1077441077441077
gemma,DISPUTED,dim,frozen_dim,-2.0,203,108,-6.5508004929044565,-4.709394294538616,-5.356403118638712,-4.116622065444604,0.3990147783251231
gemma,DISPUTED,dim,frozen_dim,-1.0,203,108,-4.113916256451255,-2.2380401268601418,-2.513466917516457,-1.962997927553492,0.1724137931034483
gemma,DISPUTED,dim,frozen_dim,-0.5,203,108,-2.9630541860176423,-1.0581597260854865,-1.1971944970780133,-0.924615407385576,0.0788177339901477
gemma,DISPUTED,dim,frozen_dim,0.0,203,108,-1.9236453160863791,0.0,0.0,0.0,0.0
gemma,DISPUTED,dim,frozen_dim,0.5,203,108,-0.7660098504550351,1.186294365996196,1.0220811613731915,1.3599090942722043,0.0886699507389162
gemma,DISPUTED,dim,frozen_dim,1.0,203,108,0.9485837401721278,2.880497678884385,2.530374699948286,3.24590566755376,0.1773399014778325
gemma,DISPUTED,dim,frozen_dim,2.0,203,108,4.602832510847176,6.321277000929839,5.618885025669488,7.021236009286416,0.5911330049261084
gemma,DISPUTED,opposite_dim,negative_frozen_dim,-2.0,203,108,4.602832510847176,6.321277000929839,5.617425005602432,7.02294560044452,0.5911330049261084
gemma,DISPUTED,opposite_dim,negative_frozen_dim,-1.0,203,108,0.9485837401721278,2.880497678884385,2.5387249149830526,3.2223198739662307,0.1773399014778325
gemma,DISPUTED,opposite_dim,negative_frozen_dim,-0.5,203,108,-0.7660098504550351,1.186294365996196,1.023001057576434,1.3626362324818777,0.0886699507389162
gemma,DISPUTED,opposite_dim,negative_frozen_dim,0.0,203,108,-1.9236453160863791,0.0,0.0,0.0,0.0
gemma,DISPUTED,opposite_dim,negative_frozen_dim,0.5,203,108,-2.9630541860176423,-1.0581597260854865,-1.1948326620629723,-0.92423442873046,0.0788177339901477
gemma,DISPUTED,opposite_dim,negative_frozen_dim,1.0,203,108,-4.113916256451255,-2.2380401268601418,-2.5228455390689186,-1.9636357095943373,0.1724137931034483
gemma,DISPUTED,opposite_dim,negative_frozen_dim,2.0,203,108,-6.5508004929044565,-4.709394294538616,-5.33961829846196,-4.09104456666995,0.3990147783251231
gemma,DISPUTED,random_orthogonal,orthogonal_2026082101,-2.0,203,108,-1.6773399020650703,0.2595486066959522,0.2150836665643218,0.3076304456242072,0.0147783251231527
gemma,DISPUTED,random_orthogonal,orthogonal_2026082101,-1.0,203,108,-1.8121921173457445,0.1166087938127694,0.0885416625067591,0.1455463918638817,0.0049261083743842
gemma,DISPUTED,random_orthogonal,orthogonal_2026082101,-0.5,203,108,-1.87284482670535,0.0536265395305774,0.0366512317992286,0.071085307167636,0.0049261083743842
gemma,DISPUTED,random_orthogonal,orthogonal_2026082101,0.0,203,108,-1.9236453160863791,0.0,0.0,0.0,0.0
gemma,DISPUTED,random_orthogonal,orthogonal_2026082101,0.5,203,108,-1.9809113282875477,-0.0610050185595029,-0.0822241454051784,-0.0390588864339171,0.0197044334975369
gemma,DISPUTED,random_orthogonal,orthogonal_2026082101,1.0,203,108,-2.0341748780217666,-0.1143422125850194,-0.1504147424006167,-0.0770158247516295,0.0246305418719211
gemma,DISPUTED,random_orthogonal,orthogonal_2026082101,2.0,203,108,-2.114224137784225,-0.1997974576129589,-0.2818299154647523,-0.1140516553120113,0.0295566502463054
gemma,DISPUTED,random_orthogonal,orthogonal_2026082102,-2.0,203,108,-2.0763546836200018,-0.1543692205975085,-0.2089120480542381,-0.0976080345311834,0.0197044334975369
gemma,DISPUTED,random_orthogonal,orthogonal_2026082102,-1.0,203,108,-2.006157635174361,-0.0801504668262269,-0.1087010545541106,-0.0518904326230655,0.0098522167487684
gemma,DISPUTED,random_orthogonal,orthogonal_2026082102,-0.5,203,108,-1.9670566508335432,-0.0407021634372664,-0.0574845707342948,-0.0242091091855624,0.0098522167487684
gemma,DISPUTED,random_orthogonal,orthogonal_2026082102,0.0,203,108,-1.9236453160863791,0.0,0.0,0.0,0.0
gemma,DISPUTED,random_orthogonal,orthogonal_2026082102,0.5,203,108,-1.8830049261083743,0.0422935918157483,0.024400799408739,0.0597993794460723,0.0
gemma,DISPUTED,random_orthogonal,orthogonal_2026082102,1.0,203,108,-1.8439039408866995,0.0789930513243616,0.0510706014563271,0.1067732449620961,0.0049261083743842
gemma,DISPUTED,random_orthogonal,orthogonal_2026082102,2.0,203,108,-1.744150249828846,0.1792052402908419,0.1261043548262045,0.2317226034715587,0.0098522167487684
gemma,DISPUTED,random_orthogonal,orthogonal_2026082103,-2.0,203,108,-1.9039408853782225,0.0070891170130099,-0.0516999493743994,0.0651053694881682,0.0049261083743842
gemma,DISPUTED,random_orthogonal,orthogonal_2026082103,-1.0,203,108,-1.9094827589143089,0.0095968321885591,-0.0232446008718308,0.0429699455882295,0.0049261083743842
gemma,DISPUTED,random_orthogonal,orthogonal_2026082103,-0.5,203,108,-1.91163792633658,0.0069926695691214,-0.0118151993893178,0.0252700608407641,0.0049261083743842
gemma,DISPUTED,random_orthogonal,orthogonal_2026082103,0.0,203,108,-1.9236453160863791,0.0,0.0,0.0,0.0
gemma,DISPUTED,random_orthogonal,orthogonal_2026082103,0.5,203,108,-1.9479679738359497,-0.0178915895981553,-0.0356385040315397,-0.0001916918627641,0.0049261083743842
gemma,DISPUTED,random_orthogonal,orthogonal_2026082103,1.0,203,108,-1.9565886699507389,-0.0230999267027701,-0.0549286283230708,0.0090193388316734,0.0098522167487684
gemma,DISPUTED,random_orthogonal,orthogonal_2026082103,2.0,203,108,-1.969211821192004,-0.0271508525367136,-0.0907600340398925,0.0351128426024022,0.0147783251231527
gemma,DISPUTED,wrong_layer,frozen_dim,-2.0,203,108,-4.118226597902223,-2.201051310532623,-2.4882028790236803,-1.9285107994958024,0.1724137931034483
gemma,DISPUTED,wrong_layer,frozen_dim,-1.0,203,108,-3.0735837426678887,-1.1542727666688557,-1.2923032449052474,-1.022413920962976,0.083743842364532
gemma,DISPUTED,wrong_layer,frozen_dim,-0.5,203,108,-2.504310341304159,-0.5819830268989374,-0.6557689574857554,-0.5159119362402478,0.0344827586206896
gemma,DISPUTED,wrong_layer,frozen_dim,0.0,203,108,-1.9236453160863791,0.0,0.0,0.0,0.0
gemma,DISPUTED,wrong_layer,frozen_dim,0.5,203,108,-1.3032635459171726,0.6361882691214114,0.546391536700137,0.7356867228416195,0.0492610837438423
gemma,DISPUTED,wrong_layer,frozen_dim,1.0,203,108,-0.6637931081461789,1.2818286974488953,1.118090509172575,1.4601827654527657,0.083743842364532
gemma,DISPUTED,wrong_layer,frozen_dim,2.0,203,108,0.8820812802009395,2.8123070927865714,2.448193956989749,3.172131793187172,0.1921182266009852
llama,ALL,dim,frozen_dim,-2.0,500,125,-3.007749996602535,-1.5742499977350235,-1.6779999901607634,-1.4667500015780328,0.086
llama,ALL,dim,frozen_dim,-1.0,500,125,-2.2279999978542326,-0.7944999989867211,-0.8459999990612269,-0.7422437494412065,0.054
llama,ALL,dim,frozen_dim,-0.5,500,125,-1.8253749986886976,-0.391874999821186,-0.4172499988779425,-0.3668750014469027,0.026
llama,ALL,dim,frozen_dim,0.0,500,125,-1.4334999988675117,0.0,0.0,0.0,0.0
llama,ALL,dim,frozen_dim,0.5,500,125,-1.0552499992847442,0.3782499995827675,0.3539937496110797,0.4040000004306435,0.03
llama,ALL,dim,frozen_dim,1.0,500,125,-0.6892499993443489,0.7442499995231628,0.6987499997884035,0.7890000029399991,0.054
llama,ALL,dim,frozen_dim,2.0,500,125,-0.0082499986290931,1.4252500002384183,1.339743749010563,1.5115062518149611,0.12
llama,ALL,opposite_dim,negative_frozen_dim,-2.0,500,125,-0.0082499986290931,1.4252500002384183,1.3377437479510903,1.5105062489286063,0.12
llama,ALL,opposite_dim,negative_frozen_dim,-1.0,500,125,-0.6892499993443489,0.7442499995231628,0.6982437471881509,0.7902499981552362,0.054
llama,ALL,opposite_dim,negative_frozen_dim,-0.5,500,125,-1.0552499992847442,0.3782499995827675,0.3550000005841255,0.4024999998629093,0.03
llama,ALL,opposite_dim,negative_frozen_dim,0.0,500,125,-1.4334999988675117,0.0,0.0,0.0,0.0
llama,ALL,opposite_dim,negative_frozen_dim,0.5,500,125,-1.8253749986886976,-0.391874999821186,-0.4193781255021691,-0.3663718734875322,0.026
llama,ALL,opposite_dim,negative_frozen_dim,1.0,500,125,-2.2279999978542326,-0.7944999989867211,-0.8447499994814396,-0.742999998921156,0.054
llama,ALL,opposite_dim,negative_frozen_dim,2.0,500,125,-3.007749996602535,-1.5742499977350235,-1.6795062492623924,-1.471974999959767,0.086
llama,ALL,random_orthogonal,orthogonal_2026082101,-2.0,500,125,-1.4653749989271163,-0.0318750000596046,-0.0539999990522861,-0.0095000005155801,0.016
llama,ALL,random_orthogonal,orthogonal_2026082101,-1.0,500,125,-1.447749998986721,-0.0142500001192092,-0.0267499983921647,-0.0017500004127621,0.01
llama,ALL,random_orthogonal,orthogonal_2026082101,-0.5,500,125,-1.4409999992847442,-0.0075000004172325,-0.0160000008434057,0.0010000008523464,0.004
llama,ALL,random_orthogonal,orthogonal_2026082101,0.0,500,125,-1.4334999988675117,0.0,0.0,0.0,0.0
llama,ALL,random_orthogonal,orthogonal_2026082101,0.5,500,125,-1.4307499970197677,0.0027500018477439,-0.0062499971434473,0.0115000030606985,0.014
llama,ALL,random_orthogonal,orthogonal_2026082101,1.0,500,125,-1.4332499993443488,0.0002499995231628,-0.0112500013783574,0.0117499961838126,0.016
llama,ALL,random_orthogonal,orthogonal_2026082101,2.0,500,125,-1.42724999833107,0.0062500005364418,-0.0114999976217746,0.0244999989852309,0.02
llama,ALL,random_orthogonal,orthogonal_2026082102,-2.0,500,125,-1.3424999988675117,0.091,0.0702500010624528,0.1112500001206994,0.016
llama,ALL,random_orthogonal,orthogonal_2026082102,-1.0,500,125,-1.3819999997019767,0.0514999991655349,0.0387500017747283,0.0642500001922249,0.012
llama,ALL,random_orthogonal,orthogonal_2026082102,-0.5,500,125,-1.4082499992847444,0.0252499995827674,0.0164999996989965,0.0342500011101365,0.012
llama,ALL,random_orthogonal,orthogonal_2026082102,0.0,500,125,-1.4334999988675117,0.0,0.0,0.0,0.0
llama,ALL,random_orthogonal,orthogonal_2026082102,0.5,500,125,-1.473999998986721,-0.0405000001192092,-0.0507500017285347,-0.0300000014871358,0.01
llama,ALL,random_orthogonal,orthogonal_2026082102,1.0,500,125,-1.5092499969005584,-0.0757499980330467,-0.0912499990701675,-0.0607499992027878,0.006
llama,ALL,random_orthogonal,orthogonal_2026082102,2.0,500,125,-1.5900000002384185,-0.1565000013709068,-0.1840062525346875,-0.1285000050470233,0.012
llama,ALL,random_orthogonal,orthogonal_2026082103,-2.0,500,125,-1.3454999987483025,0.0880000001192092,0.0580000008285045,0.1182499989300966,0.012
llama,ALL,random_orthogonal,orthogonal_2026082103,-1.0,500,125,-1.3817499985694883,0.0517500002980232,0.0340000015422701,0.0697499996528029,0.004
llama,ALL,random_orthogonal,orthogonal_2026082103,-0.5,500,125,-1.4104999994039535,0.0229999994635581,0.0114999996364116,0.0344999978154897,0.008
llama,ALL,random_orthogonal,orthogonal_2026082103,0.0,500,125,-1.4334999988675117,0.0,0.0,0.0,0.0
llama,ALL,random_orthogonal,orthogonal_2026082103,0.5,500,125,-1.4690000001192094,-0.0355000012516975,-0.0477500020891428,-0.0237500004068017,0.006
llama,ALL,random_orthogonal,orthogonal_2026082103,1.0,500,125,-1.4997499973773956,-0.0662499985098838,-0.0862499981030821,-0.0462500011771917,0.008
llama,ALL,random_orthogonal,orthogonal_2026082103,2.0,500,125,-1.5792499998807907,-0.1457500010132789,-0.1817562508180737,-0.1094937490910292,0.01
llama,ALL,wrong_layer,frozen_dim,-2.0,500,125,-3.054875001192093,-1.6213750023245812,-1.7013875024408105,-1.5372500024557114,0.104
llama,ALL,wrong_layer,frozen_dim,-1.0,500,125,-2.259499998033047,-0.825999999165535,-0.8689999982744456,-0.7822437454968691,0.06
llama,ALL,wrong_layer,frozen_dim,-0.5,500,125,-1.8483749991059304,-0.4148750002384185,-0.4375000020384788,-0.3926187504857779,0.03
llama,ALL,wrong_layer,frozen_dim,0.0,500,125,-1.4334999988675117,0.0,0.0,0.0,0.0
llama,ALL,wrong_layer,frozen_dim,0.5,500,125,-1.0504999988675117,0.383,0.3605000005975365,0.4062500020295381,0.03
llama,ALL,wrong_layer,frozen_dim,1.0,500,125,-0.6707499997615815,0.7627499991059303,0.7175000003919005,0.8062500011950732,0.054
llama,ALL,wrong_layer,frozen_dim,2.0,500,125,0.018,1.4514999988675117,1.3659874978333713,1.5374999980702997,0.122
llama,BOTH_CLEAR,dim,frozen_dim,-2.0,297,121,-2.742424237105983,-1.598398755445625,-1.7462142701802092,-1.4516163027750395,0.0707070707070707
llama,BOTH_CLEAR,dim,frozen_dim,-1.0,297,121,-1.9638047121992013,-0.8051825061481518,-0.8762934738570007,-0.7361268901956312,0.0404040404040404
llama,BOTH_CLEAR,dim,frozen_dim,-0.5,297,121,-1.5595538713514605,-0.3935089519365431,-0.4276881004106408,-0.360190678525398,0.0134680134680134
llama,BOTH_CLEAR,dim,frozen_dim,0.0,297,121,-1.1662457899413126,0.0,0.0,0.0,0.0
llama,BOTH_CLEAR,dim,frozen_dim,0.5,297,121,-0.7845117828059277,0.3879132237151962,0.3555419242312265,0.4217458690647498,0.0202020202020202
llama,BOTH_CLEAR,dim,frozen_dim,1.0,297,121,-0.4124579136620467,0.761105370135675,0.697227958609291,0.8235214366913662,0.0437710437710437
llama,BOTH_CLEAR,dim,frozen_dim,2.0,297,121,0.2769360274377495,1.4574724524269091,1.3421918029730149,1.5728305783399863,0.101010101010101
llama,BOTH_CLEAR,opposite_dim,negative_frozen_dim,-2.0,297,121,0.2769360274377495,1.4574724524269091,1.344003958858488,1.5738679434873224,0.101010101010101
llama,BOTH_CLEAR,opposite_dim,negative_frozen_dim,-1.0,297,121,-0.4124579136620467,0.761105370135675,0.6990336601501818,0.8255918557363108,0.0437710437710437
llama,BOTH_CLEAR,opposite_dim,negative_frozen_dim,-0.5,297,121,-0.7845117828059277,0.3879132237151962,0.3558023433023987,0.4218362599601019,0.0202020202020202
llama,BOTH_CLEAR,opposite_dim,negative_frozen_dim,0.0,297,121,-1.1662457899413126,0.0,0.0,0.0,0.0
llama,BOTH_CLEAR,opposite_dim,negative_frozen_dim,0.5,297,121,-1.5595538713514605,-0.3935089519365431,-0.4272555071911864,-0.3600206593867421,0.0134680134680134
llama,BOTH_CLEAR,opposite_dim,negative_frozen_dim,1.0,297,121,-1.9638047121992013,-0.8051825061481518,-0.8754304377213326,-0.7349281194637795,0.0404040404040404
llama,BOTH_CLEAR,opposite_dim,negative_frozen_dim,2.0,297,121,-2.742424237105983,-1.598398755445625,-1.739155039788524,-1.454269968604377,0.0707070707070707
llama,BOTH_CLEAR,random_orthogonal,orthogonal_2026082101,-2.0,297,121,-1.1933922549891551,-0.0295282359909748,-0.0599238121625518,-8.608936575900938e-05,0.0168350168350168
llama,BOTH_CLEAR,random_orthogonal,orthogonal_2026082101,-1.0,297,121,-1.1788720538720538,-0.0142906340603657,-0.0321969689775679,0.003615700720345,0.0067340067340067
llama,BOTH_CLEAR,random_orthogonal,orthogonal_2026082101,-0.5,297,121,-1.1750841751845196,-0.0086088165763981,-0.0209194194782042,0.0035296126604901,0.0033670033670033
llama,BOTH_CLEAR,random_orthogonal,orthogonal_2026082101,0.0,297,121,-1.1662457899413126,0.0,0.0,0.0,0.0
llama,BOTH_CLEAR,random_orthogonal,orthogonal_2026082101,0.5,297,121,-1.162457909648266,0.0078340249941697,-0.0041322307101869,0.0201446323529829,0.0067340067340067
llama,BOTH_CLEAR,random_orthogonal,orthogonal_2026082101,1.0,297,121,-1.1666666660645997,0.0019800285744601,-0.014551050193382,0.0185950424275861,0.0101010101010101
llama,BOTH_CLEAR,random_orthogonal,orthogonal_2026082101,2.0,297,121,-1.1599326595312818,0.0095557844261164,-0.0149793382241459,0.0345256501126305,0.0101010101010101
llama,BOTH_CLEAR,random_orthogonal,orthogonal_2026082102,-2.0,297,121,-1.0980639716591498,0.0674070265174897,0.039167959078859,0.0958182663197523,0.0067340067340067
llama,BOTH_CLEAR,random_orthogonal,orthogonal_2026082102,-1.0,297,121,-1.128787878988568,0.0400309907503364,0.0216059695549576,0.0581955902832598,0.0033670033670033
llama,BOTH_CLEAR,random_orthogonal,orthogonal_2026082102,-0.5,297,121,-1.1510942760942762,0.0140323691049554,-0.0007791010965657,0.0287534386442958,0.0067340067340067
llama,BOTH_CLEAR,random_orthogonal,orthogonal_2026082102,0.0,297,121,-1.1662457899413126,0.0,0.0,0.0,0.0
llama,BOTH_CLEAR,random_orthogonal,orthogonal_2026082102,0.5,297,121,-1.198232322028189,-0.0314221748307388,-0.0439910455491424,-0.0186811276354901,0.0067340067340067
llama,BOTH_CLEAR,random_orthogonal,orthogonal_2026082102,1.0,297,121,-1.225589223180957,-0.05707644406429,-0.0749827795941639,-0.0380488068850572,0.0033670033670033
llama,BOTH_CLEAR,random_orthogonal,orthogonal_2026082102,2.0,297,121,-1.2845117847124736,-0.1157885679857133,-0.1488485696681931,-0.0808367793286634,0.0067340067340067
llama,BOTH_CLEAR,random_orthogonal,orthogonal_2026082103,-2.0,297,121,-1.104377104878827,0.0520833320607823,0.0072292476861683,0.0952134945709514,0.0067340067340067
llama,BOTH_CLEAR,random_orthogonal,orthogonal_2026082103,-1.0,297,121,-1.1325757561709342,0.0288395325424914,-0.0005186816774944,0.0570785987619361,0.0033670033670033
llama,BOTH_CLEAR,random_orthogonal,orthogonal_2026082103,-0.5,297,121,-1.1544612792605904,0.0106749316631269,-0.0050813540703419,0.0264312169358092,0.0101010101010101
llama,BOTH_CLEAR,random_orthogonal,orthogonal_2026082103,0.0,297,121,-1.1662457899413126,0.0,0.0,0.0,0.0
llama,BOTH_CLEAR,random_orthogonal,orthogonal_2026082103,0.5,297,121,-1.1940235706290814,-0.0259125361183129,-0.0432162544892757,-0.0086066624513999,0.0033670033670033
llama,BOTH_CLEAR,random_orthogonal,orthogonal_2026082103,1.0,297,121,-1.2117003336900012,-0.0356404925632411,-0.0632747900808235,-0.0080061984163793,0.0
llama,BOTH_CLEAR,random_orthogonal,orthogonal_2026082103,2.0,297,121,-1.2727272727272727,-0.0915977961432507,-0.14170540884014,-0.0400288420562573,0.0033670033670033
llama,BOTH_CLEAR,wrong_layer,frozen_dim,-2.0,297,121,-2.780092594398794,-1.6274104711109612,-1.7387289082708437,-1.514802862239935,0.0942760942760942
llama,BOTH_CLEAR,wrong_layer,frozen_dim,-1.0,297,121,-1.9856902338840343,-0.8268767190537833,-0.8873966928253324,-0.7679881151201148,0.0471380471380471
llama,BOTH_CLEAR,wrong_layer,frozen_dim,-0.5,297,121,-1.577651514750137,-0.4165805783892466,-0.448265325009166,-0.3861914590503969,0.0168350168350168
llama,BOTH_CLEAR,wrong_layer,frozen_dim,0.0,297,121,-1.1662457899413126,0.0,0.0,0.0,0.0
llama,BOTH_CLEAR,wrong_layer,frozen_dim,0.5,297,121,-0.782828281122426,0.3869662541003266,0.3569214861244785,0.418130164686847,0.0168350168350168
llama,BOTH_CLEAR,wrong_layer,frozen_dim,1.0,297,121,-0.4002525249514917,0.7733298894171872,0.7135804036062611,0.832130252660224,0.0437710437710437
llama,BOTH_CLEAR,wrong_layer,frozen_dim,2.0,297,121,0.2992424247441468,1.480457988282866,1.3634512759847746,1.5954717590337613,0.101010101010101
llama,DISPUTED,dim,frozen_dim,-2.0,203,108,-3.395935960003895,-1.5417631172839508,-1.6857638874401648,-1.3968942923908247,0.1083743842364532
llama,DISPUTED,dim,frozen_dim,-1.0,203,108,-2.614532016768244,-0.7720871862989885,-0.8447144933435836,-0.6986882656237778,0.0738916256157635
llama,DISPUTED,dim,frozen_dim,-0.5,203,108,-2.2142857120835724,-0.3800154297992035,-0.4200472597837632,-0.3417221220992045,0.0443349753694581
llama,DISPUTED,dim,frozen_dim,0.0,203,108,-1.824507388281705,0.0,0.0,0.0,0.0
llama,DISPUTED,dim,frozen_dim,0.5,203,108,-1.451354680537003,0.3641975293924779,0.3285059730395858,0.39998312174676,0.0443349753694581
llama,DISPUTED,dim,frozen_dim,1.0,203,108,-1.0942118192834809,0.7138310212320016,0.6484375084060485,0.7815393542778898,0.0689655172413793
llama,DISPUTED,dim,frozen_dim,2.0,203,108,-0.4254926081948679,1.371141978022125,1.2477744083541134,1.499614198114953,0.1477832512315271
llama,DISPUTED,opposite_dim,negative_frozen_dim,-2.0,203,108,-0.4254926081948679,1.371141978022125,1.2482590707915795,1.501646895783689,0.1477832512315271
llama,DISPUTED,opposite_dim,negative_frozen_dim,-1.0,203,108,-1.0942118192834809,0.7138310212320016,0.6471812339614571,0.7816358056620776,0.0689655172413793
llama,DISPUTED,opposite_dim,negative_frozen_dim,-0.5,203,108,-1.451354680537003,0.3641975293924779,0.3273509803032617,0.4015263303746411,0.0443349753694581
llama,DISPUTED,opposite_dim,negative_frozen_dim,0.0,203,108,-1.824507388281705,0.0,0.0,0.0,0.0
llama,DISPUTED,opposite_dim,negative_frozen_dim,0.5,203,108,-2.2142857120835724,-0.3800154297992035,-0.4189814752473692,-0.3418209852535783,0.0443349753694581
llama,DISPUTED,opposite_dim,negative_frozen_dim,1.0,203,108,-2.614532016768244,-0.7720871862989885,-0.8422116047737224,-0.70427757444803,0.0738916256157635
llama,DISPUTED,opposite_dim,negative_frozen_dim,2.0,203,108,-3.395935960003895,-1.5417631172839508,-1.692129627941751,-1.3966965601814014,0.1083743842364532
llama,DISPUTED,random_orthogonal,orthogonal_2026082101,-2.0,203,108,-1.863300491289552,-0.0368441345607057,-0.0695408946926487,-0.0034698069716493,0.0147783251231527
llama,DISPUTED,random_orthogonal,orthogonal_2026082101,-1.0,203,108,-1.8411330024303476,-0.0210262318084269,-0.0408950542525192,-0.0015432088440399,0.0147783251231527
llama,DISPUTED,random_orthogonal,orthogonal_2026082101,-0.5,203,108,-1.8300492591752209,-0.0080053983831111,-0.0213155802615262,0.0049189878029771,0.0049261083743842
llama,DISPUTED,random_orthogonal,orthogonal_2026082101,0.0,203,108,-1.824507388281705,0.0,0.0,0.0,0.0
llama,DISPUTED,random_orthogonal,orthogonal_2026082101,0.5,203,108,-1.823275858839157,0.0006751591040764,-0.0125385776070165,0.0136019572615623,0.0246305418719211
llama,DISPUTED,random_orthogonal,orthogonal_2026082101,1.0,203,108,-1.8232758613349185,-0.0020254628709804,-0.0201581759677257,0.0171706229770256,0.0246305418719211
llama,DISPUTED,random_orthogonal,orthogonal_2026082101,2.0,203,108,-1.818349750171154,0.003472225671565,-0.0243103686283216,0.0311559637698034,0.0344827586206896
llama,DISPUTED,random_orthogonal,orthogonal_2026082102,-2.0,203,108,-1.7001231519753122,0.1121720679012345,0.0796657966150913,0.1430386765664558,0.0295566502463054
llama,DISPUTED,random_orthogonal,orthogonal_2026082102,-1.0,203,108,-1.7524630531595258,0.066743829138117,0.0454282431598798,0.0867091040023499,0.0246305418719211
llama,DISPUTED,random_orthogonal,orthogonal_2026082102,-0.5,203,108,-1.784482756858976,0.0365547862501791,0.0226658984581813,0.0504436668445482,0.0197044334975369
llama,DISPUTED,random_orthogonal,orthogonal_2026082102,0.0,203,108,-1.824507388281705,0.0,0.0,0.0,0.0
llama,DISPUTED,random_orthogonal,orthogonal_2026082102,0.5,203,108,-1.877463053453145,-0.0473572512007789,-0.064142074878615,-0.0301890402422918,0.0147783251231527
llama,DISPUTED,random_orthogonal,orthogonal_2026082102,1.0,203,108,-1.9242610796331767,-0.0923996871268307,-0.1152608946310701,-0.0694420245050648,0.0098522167487684
llama,DISPUTED,random_orthogonal,orthogonal_2026082102,2.0,203,108,-2.0369458131015006,-0.1985918208036894,-0.242382809361098,-0.1560546867618406,0.0197044334975369
llama,DISPUTED,random_orthogonal,orthogonal_2026082103,-2.0,203,108,-1.6982758582519193,0.1170910545337347,0.0681905961606973,0.1656105562584635,0.0197044334975369
llama,DISPUTED,random_orthogonal,orthogonal_2026082103,-1.0,203,108,-1.7463054172511172,0.0745563287241959,0.047067903097213,0.1008897590968343,0.0049261083743842
llama,DISPUTED,random_orthogonal,orthogonal_2026082103,-0.5,203,108,-1.785098520993012,0.0368441374581537,0.020059314823169,0.0535300955383314,0.0049261083743842
llama,DISPUTED,random_orthogonal,orthogonal_2026082103,0.0,203,108,-1.824507388281705,0.0,0.0,0.0,0.0
llama,DISPUTED,random_orthogonal,orthogonal_2026082103,0.5,203,108,-1.8713054166638792,-0.0438850268169685,-0.0622130580384422,-0.024399585959812,0.0098522167487684
llama,DISPUTED,random_orthogonal,orthogonal_2026082103,1.0,203,108,-1.92118226395452,-0.0934606435490243,-0.1237461325379065,-0.0608579273807046,0.0197044334975369
llama,DISPUTED,random_orthogonal,orthogonal_2026082103,2.0,203,108,-2.027709359312293,-0.1959876531252154,-0.2560788000094486,-0.1388816486469206,0.0197044334975369
llama,DISPUTED,wrong_layer,frozen_dim,-2.0,203,108,-3.456896552017757,-1.597511573338214,-1.7061149692024895,-1.4880232391074115,0.1182266009852216
llama,DISPUTED,wrong_layer,frozen_dim,-1.0,203,108,-2.660098519965345,-0.8180941323531262,-0.8788628484225935,-0.7557870309408984,0.0788177339901477
llama,DISPUTED,wrong_layer,frozen_dim,-0.5,203,108,-2.2444581264639134,-0.4109760782232991,-0.4459900635260123,-0.3767336949706078,0.0492610837438423
llama,DISPUTED,wrong_layer,frozen_dim,0.0,203,108,-1.824507388281705,0.0,0.0,0.0,0.0
llama,DISPUTED,wrong_layer,frozen_dim,0.5,203,108,-1.4421182263073662,0.3763503104816249,0.3447145019830377,0.4077956336814863,0.0492610837438423
llama,DISPUTED,wrong_layer,frozen_dim,1.0,203,108,-1.0665024629073778,0.7432484567441322,0.6824821553422991,0.8077739142479351,0.0689655172413793
llama,DISPUTED,wrong_layer,frozen_dim,2.0,203,108,-0.3934729071379882,1.4021026235947636,1.2779682680815,1.5305941373374263,0.1527093596059113
