model,endpoint,population,family,estimate,ci_low,ci_high,monotonicity,items,permutation_p_greater,independent_clusters,pairs,baseline_flips,flips_rescued,stable_pairs_disrupted
llama,claim1_local_slope,ALL,dim,0.7701249994039535,0.7221250004589558,0.8182531206429003,0.9926666666666666,500,,,,,,
llama,claim1_local_slope,ALL,opposite_dim,-0.7701249994039535,-0.8182531206429005,-0.7221250004589558,0.06033333333333333,500,,,,,,
llama,claim1_local_slope,ALL,wrong_layer,0.7978750002384186,0.7546187461942434,0.8410000000119209,0.995,500,,,,,,
llama,claim1_local_slope,ALL,random_orthogonal,-0.0379999993840853,-0.04916666529874,-0.0268333333710829,0.6011111111111112,500,,,,,,
llama,claim1_dim_minus_controls_local_slope,ALL,dim_minus_controls,0.3901874989767868,0.3632708351567387,0.4174171868070959,0.9926666666666666,500,0.0001999600079984003,125.0,,,,
llama,claim1_local_slope,BOTH_CLEAR,dim,0.7814221756517394,0.7190082635576568,0.8468513228799686,0.9915824915824916,297,,,,,,
llama,claim1_local_slope,BOTH_CLEAR,opposite_dim,-0.7814221756517394,-0.8468513228799686,-0.7190082635576568,0.0707070707070707,297,,,,,,
llama,claim1_local_slope,BOTH_CLEAR,wrong_layer,0.8035468324895733,0.7456051995787903,0.864066804831555,0.994388327721661,297,,,,,,
llama,claim1_local_slope,BOTH_CLEAR,random_orthogonal,-0.0218663900488554,-0.0367596392994413,-0.0066861796802588,0.6159745604190048,297,,,,,,
llama,claim1_dim_minus_controls_local_slope,BOTH_CLEAR,dim_minus_controls,0.3905819544313805,0.3554422045350622,0.4269692615682004,0.9915824915824916,297,0.0001999600079984003,121.0,,,,
llama,claim1_local_slope,DISPUTED,dim,0.7442129591916813,0.6721643467698202,0.8208912006061937,0.9942528735632185,203,,,,,,
llama,claim1_local_slope,DISPUTED,opposite_dim,-0.7442129591916813,-0.8208912006061937,-0.6721643467698202,0.0451559934318555,203,,,,,,
llama,claim1_local_slope,DISPUTED,wrong_layer,0.7873263887049239,0.7230902879786344,0.8528187693614098,0.9958949096880131,203,,,,,,
llama,claim1_local_slope,DISPUTED,random_orthogonal,-0.0519868814129642,-0.0702827583312405,-0.0331790121030752,0.5793650793650793,203,,,,,,
llama,claim1_dim_minus_controls_local_slope,DISPUTED,dim_minus_controls,0.3765432055457016,0.3346989144722513,0.420991670173198,0.9942528735632185,203,0.0001999600079984003,108.0,,,,
llama,rewrite_signed_movement,representative_primary,dim,0.692545569408685,0.6153849255798075,0.7634122682378316,,80,,,286.0,30.0,5.0,0.0
llama,rewrite_absolute_gap_reduction,representative_primary,dim,-0.0610351554118096,-0.1558601864497177,0.0379589811828918,,80,,,286.0,30.0,5.0,0.0
llama,rewrite_signed_movement,representative_primary,wrong_layer,0.7248372349577645,0.6456282510670524,0.7981770755909383,,80,,,286.0,30.0,5.0,0.0
llama,rewrite_absolute_gap_reduction,representative_primary,wrong_layer,-0.0687174437878032,-0.1668009376254243,0.0346687843937737,,80,,,286.0,30.0,5.0,0.0
llama,rewrite_signed_movement,representative_primary,random_orthogonal,-0.0167100716485745,-0.0326611379003669,-2.116054943246218e-05,,80,,,286.0,30.0,0.3333333333333333,0.0
llama,rewrite_absolute_gap_reduction,representative_primary,random_orthogonal,-0.0054253482880691,-0.0170572925814323,0.0062505407820248,,80,,,286.0,30.0,0.3333333333333333,0.0
llama,rewrite_dim_minus_controls_signed_movement,representative_primary,dim_minus_controls,0.33848198775409,0.2969668237564878,0.3776590945174555,,80,0.0001999600079984003,80.0,286.0,30.0,5.0,0.0
llama,rewrite_signed_movement,enriched_diagnostic,dim,0.5470377611151586,0.3559326225232022,0.7394246458793834,,32,,,112.0,21.0,4.0,3.0
llama,rewrite_absolute_gap_reduction,enriched_diagnostic,dim,0.0408528662131478,-0.1168701155858192,0.2057657975199006,,32,,,112.0,21.0,4.0,3.0
llama,rewrite_signed_movement,enriched_diagnostic,wrong_layer,0.5701497421056653,0.382157399370529,0.7586344416951759,,32,,,112.0,21.0,4.0,3.0
llama,rewrite_absolute_gap_reduction,enriched_diagnostic,wrong_layer,0.0382487020688131,-0.1196289005175155,0.2023234086470133,,32,,,112.0,21.0,4.0,3.0
llama,rewrite_signed_movement,enriched_diagnostic,random_orthogonal,-0.0565863689407706,-0.0801893453233383,-0.0320081883265326,,32,,,112.0,21.0,0.0,1.0
llama,rewrite_absolute_gap_reduction,enriched_diagnostic,random_orthogonal,-0.0217556380408091,-0.0446533158253361,0.002225752289976,,32,,,112.0,21.0,0.0,1.0
llama,rewrite_dim_minus_controls_signed_movement,enriched_diagnostic,dim_minus_controls,0.2902560745327113,0.1845960784232981,0.3959160646333152,,32,0.0001999600079984003,32.0,112.0,21.0,4.0,3.0
llama,rewrite_signed_movement,stronger_first_stage_sensitivity,dim,0.6589245499522836,0.5105539119609438,0.7912514054426202,,37,,,131.0,16.0,2.0,0.0
llama,rewrite_absolute_gap_reduction,stronger_first_stage_sensitivity,dim,-0.0885416665324219,-0.2371938337731334,0.0636296440754924,,37,,,131.0,16.0,2.0,0.0
llama,rewrite_signed_movement,stronger_first_stage_sensitivity,wrong_layer,0.6848254500477164,0.5388443130714534,0.8154631205926741,,37,,,131.0,16.0,2.0,0.0
llama,rewrite_absolute_gap_reduction,stronger_first_stage_sensitivity,wrong_layer,-0.1026182410953281,-0.2518369887091286,0.050679195999495,,37,,,131.0,16.0,2.0,0.0
llama,rewrite_signed_movement,stronger_first_stage_sensitivity,random_orthogonal,-0.0236955706936282,-0.0508633618461186,0.0040352849479954,,37,,,131.0,16.0,0.0,0.3333333333333333
llama,rewrite_absolute_gap_reduction,stronger_first_stage_sensitivity,random_orthogonal,0.0029560822557221,-0.0179241741271885,0.0238375106837611,,37,,,131.0,16.0,0.0,0.3333333333333333
llama,rewrite_dim_minus_controls_signed_movement,stronger_first_stage_sensitivity,dim_minus_controls,0.3283596102752395,0.2488668366617805,0.4024985943913918,,37,0.0001999600079984003,37.0,131.0,16.0,2.0,0.0
gemma,claim1_local_slope,ALL,dim,1.7721249990463257,1.626118752002716,1.922499995431304,0.9963333333333334,500,,,,,,
gemma,claim1_local_slope,ALL,opposite_dim,-1.7721249990463257,-1.922499995431304,-1.626118752002716,0.025333333333333333,500,,,,,,
gemma,claim1_local_slope,ALL,wrong_layer,1.004499999642372,0.9168749986857176,1.0956249992221594,0.9626666666666668,500,,,,,,
gemma,claim1_local_slope,ALL,random_orthogonal,-0.0195416655341784,-0.0257499987175067,-0.0132916659648219,0.612111111111111,500,,,,,,
gemma,claim1_dim_minus_controls_local_slope,ALL,dim_minus_controls,1.279645831992229,1.170561978859206,1.3884046841149529,0.9963333333333334,500,0.0001999600079984003,125.0,,,,
gemma,claim1_local_slope,BOTH_CLEAR,dim,1.4823088825734196,1.3067697533932272,1.6787071672086047,0.9943883277216612,297,,,,,,
gemma,claim1_local_slope,BOTH_CLEAR,opposite_dim,-1.4823088825734196,-1.6787071672086051,-1.3067697533932272,0.029180695847362513,297,,,,,,
gemma,claim1_local_slope,BOTH_CLEAR,wrong_layer,0.870996904520949,0.778451064877602,0.9743048401616164,0.9523007856341191,297,,,,,,
gemma,claim1_local_slope,BOTH_CLEAR,random_orthogonal,-0.0177054624282733,-0.0260273175072899,-0.0089818619677405,0.6036288814066593,297,,,,,,
gemma,claim1_dim_minus_controls_local_slope,BOTH_CLEAR,dim_minus_controls,1.0556631615270815,0.9195179785455554,1.2095304852081297,0.9943883277216612,297,0.0001999600079984003,121.0,,,,
gemma,claim1_local_slope,DISPUTED,dim,2.244454092081682,1.981762395106992,2.519344384575055,0.9991789819376027,203,,,,,,
gemma,claim1_local_slope,DISPUTED,opposite_dim,-2.244454092081682,-2.519344384575055,-1.981762395106992,0.019704433497536946,203,,,,,,
gemma,claim1_local_slope,DISPUTED,wrong_layer,1.2181712960203488,1.069902583013898,1.3764226519031284,0.9778325123152709,203,,,,,,
gemma,claim1_local_slope,DISPUTED,random_orthogonal,-0.0188400206681141,-0.0318126284291224,-0.0059297049556065,0.6245210727969348,203,,,,,,
gemma,claim1_dim_minus_controls_local_slope,DISPUTED,dim_minus_controls,1.644788454405565,1.4464031998941929,1.8457153842608165,0.9991789819376027,203,0.0001999600079984003,108.0,,,,
gemma,rewrite_signed_movement,representative_primary,dim,0.9822916666977108,0.7344352234574033,1.2511783839048196,,80,,,286.0,30.0,18.0,4.0
gemma,rewrite_absolute_gap_reduction,representative_primary,dim,0.2895182316191494,0.0375000019224049,0.5579272459540514,,80,,,286.0,30.0,18.0,4.0
gemma,rewrite_signed_movement,representative_primary,wrong_layer,0.605794268893078,0.4819189365021884,0.7325903294988286,,80,,,286.0,30.0,9.0,2.0
gemma,rewrite_absolute_gap_reduction,representative_primary,wrong_layer,0.1597005226183682,0.0159814488848981,0.3107421893719583,,80,,,286.0,30.0,9.0,2.0
gemma,rewrite_signed_movement,representative_primary,random_orthogonal,-0.0098741335432148,-0.0194989713814316,0.0001521804470879,,80,,,286.0,30.0,1.0,0.6666666666666666
gemma,rewrite_absolute_gap_reduction,representative_primary,random_orthogonal,-0.0102647541556507,-0.0194664164532959,-0.0014531743025872,,80,,,286.0,30.0,1.0,0.6666666666666666
gemma,rewrite_dim_minus_controls_signed_movement,representative_primary,dim_minus_controls,0.6843315990227792,0.493858778977883,0.8902682854537202,,80,0.0001999600079984003,80.0,286.0,30.0,18.0,4.0
gemma,rewrite_signed_movement,enriched_diagnostic,dim,0.9131673149143656,0.2453430221416056,1.5630086225069435,,32,,,112.0,11.0,8.0,3.0
gemma,rewrite_absolute_gap_reduction,enriched_diagnostic,dim,0.4536946623896559,-0.0426778137761478,1.021492518329372,,32,,,112.0,11.0,8.0,3.0
gemma,rewrite_signed_movement,enriched_diagnostic,wrong_layer,0.5134277337541183,0.1174906449392438,0.8660766576106345,,32,,,112.0,11.0,3.0,0.0
gemma,rewrite_absolute_gap_reduction,enriched_diagnostic,wrong_layer,0.257405599579215,-0.0149759977124631,0.5586344423859064,,32,,,112.0,11.0,3.0,0.0
gemma,rewrite_signed_movement,enriched_diagnostic,random_orthogonal,-0.0222439223693476,-0.0366488954201082,-0.0071072055402004,,32,,,112.0,11.0,0.0,0.0
gemma,rewrite_absolute_gap_reduction,enriched_diagnostic,random_orthogonal,-0.00352647771231,-0.0211337620948648,0.0139160132986338,,32,,,112.0,11.0,0.0,0.0
gemma,rewrite_dim_minus_controls_signed_movement,enriched_diagnostic,dim_minus_controls,0.6675754092219803,0.1894229395085454,1.1439130899082448,,32,0.004799040191961607,32.0,112.0,11.0,8.0,3.0
gemma,rewrite_signed_movement,stronger_first_stage_sensitivity,dim,1.0007742098994084,0.6262668916502514,1.3999225783908555,,37,,,131.0,4.0,3.0,1.0
gemma,rewrite_absolute_gap_reduction,stronger_first_stage_sensitivity,dim,0.0598958347429026,-0.2962503457173436,0.4927646408075684,,37,,,131.0,4.0,3.0,1.0
gemma,rewrite_signed_movement,stronger_first_stage_sensitivity,wrong_layer,0.6173282618055472,0.4065315271954278,0.8222849774484832,,37,,,131.0,4.0,1.0,0.0
gemma,rewrite_absolute_gap_reduction,stronger_first_stage_sensitivity,wrong_layer,0.1397100217841766,-0.0722884948910759,0.382184332394385,,37,,,131.0,4.0,1.0,0.0
gemma,rewrite_signed_movement,stronger_first_stage_sensitivity,random_orthogonal,-0.0119885558614859,-0.0247049819437546,0.0006574892956349,,37,,,131.0,4.0,0.0,0.0
gemma,rewrite_absolute_gap_reduction,stronger_first_stage_sensitivity,random_orthogonal,-0.0164930548172097,-0.0305696320219396,-0.0033074080323179,,37,,,131.0,4.0,0.0,0.0
gemma,rewrite_dim_minus_controls_signed_movement,stronger_first_stage_sensitivity,dim_minus_controls,0.6981043569273776,0.4253486907232676,0.9931986690361848,,37,0.0001999600079984003,37.0,131.0,4.0,3.0,1.0
