actor,arm,lr,seed,epoch,strength,cal_changed,cal_harm,cal_all24,cal_dir0,cal_dir1,cal_feasible,frontier,fit_changed,fit_harm,fit_loss,train_loss,reg_train,realized_norm,frobenius,visits,steps,train_seconds,eval_seconds,not_extended
gemma,INVARIANT_SET,0.0003,0,1,1.0,0.9409722222222222,0.009259259259259259,0.7708333333333334,0.9097222222222222,0.9722222222222222,True,"[1, 0.9409722222222222]",0.970486111111111,0.0023148148148148147,0.051896944834663825,0.033600146954919786,0.008669593211056457,79.7151952555378,240.61334754908842,1440,360,87.17694014500012,53.255051705999904,False
gemma,INVARIANT_SET,0.0003,0,2,1.0,0.9756944444444445,0.004629629629629629,0.8958333333333334,0.9930555555555557,0.9583333333333334,True,"[1, 0.9756944444444445]",1.0,0.0,0.00150503999739663,0.006603314986033284,0.005433660020611973,63.98525967404275,200.36168019084755,2880,720,86.59759070899963,53.166029785999854,False
gemma,INVARIANT_SET,0.0003,0,3,1.0,0.923611111111111,0.0011574074074074073,0.7916666666666666,0.9166666666666666,0.9305555555555555,True,"[1, 0.923611111111111]",1.0,0.0,0.0012304683750800096,0.009404173056365532,0.0038080215606088232,53.061419664084106,169.71920354314912,1440,360,84.4975103480001,53.187292277999404,False
gemma,INVARIANT_SET,0.0003,0,4,1.0,0.9027777777777777,0.0023148148148148147,0.7291666666666666,0.8333333333333334,0.9722222222222222,True,"[1, 0.9027777777777777]",0.9652777777777778,0.0,0.08994295792349602,0.006199837851489873,0.003077846864147836,55.07558596664517,179.23702212317818,1440,360,84.23439438100013,53.24164258000019,False
gemma,INVARIANT_SET,0.0003,1,1,1.0,0.9652777777777777,0.006944444444444445,0.875,0.9722222222222222,0.9583333333333334,True,"[1, 0.9652777777777777]",0.9947916666666666,0.004050925925925926,0.013725061449750026,0.041179989355946925,0.009404144736860569,79.398478886145,237.9995304650628,1440,360,86.78658564700072,53.192156058000364,False
gemma,INVARIANT_SET,0.0003,1,2,1.0,0.9548611111111112,0.016203703703703703,0.8125,0.9513888888888888,0.9583333333333334,True,"[1, 0.9548611111111112]",0.9930555555555557,0.0005787037037037037,0.014386910457207906,0.012216670578982302,0.00561442636535503,72.14287891424831,219.25505382223525,2880,720,86.74305686800017,53.11424961300054,False
gemma,INVARIANT_SET,0.0003,1,3,1.0,0.9305555555555555,0.015046296296296294,0.7083333333333334,0.9166666666666666,0.9444444444444443,True,"[1, 0.9305555555555555]",1.0,0.0,0.001902117667992166,0.006931737209518158,0.004466860571927908,59.30577380329774,188.24952378487794,4320,1080,86.84218588900058,53.137622467000256,False
gemma,INVARIANT_SET,0.0003,1,4,1.0,0.9756944444444443,0.0023148148148148147,0.9166666666666666,0.9791666666666666,0.9722222222222222,True,"[1, 0.9756944444444443]",0.998263888888889,0.0,0.0022136310863642293,0.017346982194097412,0.00365423536051013,60.75261494915075,191.42849921275123,5760,1440,87.10643366500062,53.317107837999174,False
gemma,INVARIANT_SET,0.001,0,1,1.0,0.8472222222222223,0.011574074074074075,0.5,0.8541666666666666,0.8402777777777777,True,"[1, 0.8472222222222223]",0.9288194444444443,0.002893518518518519,0.1173473082034775,0.08524782935694727,0.010477630307044213,94.49065494352891,294.3875210568163,1440,360,86.56995521699992,53.11652672499986,True
gemma,INVARIANT_SET,0.001,0,2,1.0,0.951388888888889,0.011574074074074072,0.7708333333333334,0.9305555555555557,0.9722222222222222,True,"[1, 0.951388888888889]",0.9722222222222222,0.0,0.0550321250619441,0.019744965438566294,0.0075111553661473505,68.95748634817983,223.53881494751275,2880,720,86.2188978109998,53.18005027700019,True
gemma,FREE_OVERWRITE,0.0003,0,1,1.0,0.9513888888888888,0.0023148148148148147,0.8125,0.9375,0.9652777777777777,True,"[1, 0.9513888888888888]",0.9618055555555555,0.0,0.06190026680754828,0.03072267581158788,0.00932728258259077,84.57297857125907,251.8920064669358,1440,360,86.73419821900006,53.17833513400001,True
gemma,FREE_OVERWRITE,0.0003,0,2,1.0,0.9618055555555555,0.004629629629629629,0.8333333333333334,0.9652777777777777,0.9583333333333334,True,"[1, 0.9618055555555555]",1.0,0.0,0.0009558538311668801,0.011052547187824125,0.005792637943523004,73.01001957537358,221.86397618307515,2880,720,86.38925976100018,53.20828129799975,True
gemma,FREE_OVERWRITE,0.001,0,1,1.0,0.8993055555555557,0.026620370370370367,0.625,0.875,0.923611111111111,True,"[1, 0.8993055555555557]",0.954861111111111,0.01273148148148148,0.11755112430057958,0.08128878387579384,0.012471580440049163,108.34277822616252,326.7925064311352,1440,360,86.56194562899964,53.343130999000095,False
gemma,FREE_OVERWRITE,0.001,0,2,1.0,0.9791666666666666,0.024305555555555552,0.8125,0.9791666666666666,0.9791666666666666,True,"[1, 0.9791666666666666]",0.9965277777777778,0.0,0.004147861427552218,0.027174463539353787,0.009375202569774248,93.00729977738696,290.65436550770113,2880,720,86.66572550799992,53.13665401399976,False
gemma,FREE_OVERWRITE,0.001,0,3,1.0,0.9583333333333334,0.0011574074074074073,0.8333333333333334,0.9583333333333334,0.9583333333333334,True,"[1, 0.9583333333333334]",1.0,0.0,0.002424845872403441,0.026916693917185815,0.007910283613536092,77.99521726427503,243.1293410704147,1440,360,85.65466488899983,53.11507257699941,False
gemma,FREE_OVERWRITE,0.001,0,4,1.0,0.9375,0.011574074074074075,0.7708333333333334,0.9444444444444443,0.9305555555555555,True,"[1, 0.9375]",0.998263888888889,0.0,0.004056343333790361,0.016528662063673337,0.00926837666063673,85.26636017406472,272.79515622170686,1440,360,85.79842808000012,53.224061632000485,False
gemma,FREE_OVERWRITE,0.001,1,1,1.0,0.9722222222222223,0.016203703703703703,0.8333333333333334,0.9722222222222223,0.9722222222222222,True,"[1, 0.9722222222222223]",0.982638888888889,0.005787037037037038,0.04174664824188312,0.06619457213681824,0.01241002263656507,101.3430254067397,304.05077222724447,1440,360,83.82902511700013,53.07468935599991,False
gemma,FREE_OVERWRITE,0.001,1,2,1.0,0.9270833333333334,0.010416666666666666,0.7291666666666666,0.8958333333333334,0.9583333333333334,True,"[1, 0.9270833333333334]",0.9513888888888888,0.008680555555555556,0.12433615513248242,0.02496263523469477,0.009522302997195059,89.88849683425873,276.29398318939246,2880,720,86.55072156700044,53.087456425999335,False
gemma,FREE_OVERWRITE,0.001,1,3,1.0,0.9479166666666666,0.013888888888888888,0.75,0.9583333333333334,0.9375,True,"[1, 0.9479166666666666]",0.9947916666666666,0.0005787037037037037,0.01106073054402259,0.01946606187645254,0.008800735120571012,73.66668836567803,235.0284366403233,4320,1080,86.77057922399945,53.09462836700004,False
gemma,FREE_OVERWRITE,0.001,1,4,1.0,0.9375,0.021990740740740738,0.6875,0.9444444444444443,0.9305555555555555,True,"[1, 0.9375]",0.9913194444444445,0.010416666666666666,0.033179678977838495,0.019331587364422375,0.0072586052365497585,76.18934279023102,250.5810320924505,5760,1440,84.81896998000047,53.230292489999556,False
gemma,CONTINUED_AFFINE,0.0003,0,1,0.5,0.23611111111111108,0.0,0.0625,0.07638888888888888,0.3958333333333333,False,"[0, 0.23611111111111108]",1.0,0.0005787037037037037,0.0028631740460241415,0.02227255590678902,,50.1352875228085,147.66964481748397,1440,360,85.22991594500036,53.256131137999546,False
gemma,CONTINUED_AFFINE,0.0003,0,1,0.75,0.8020833333333334,0.0,0.5833333333333334,0.6597222222222222,0.9444444444444443,False,"[0, 0.8020833333333334]",1.0,0.0005787037037037037,0.0028631740460241415,0.02227255590678902,,75.20167350769043,221.5010545111267,1440,360,85.22991594500036,70.9902220999993,False
gemma,CONTINUED_AFFINE,0.0003,0,1,1.0,0.9652777777777778,0.0011574074074074073,0.8541666666666666,0.9583333333333334,0.9722222222222222,True,"[1, 0.9652777777777778]",1.0,0.0005787037037037037,0.0028631740460241415,0.02227255590678902,,100.26873963759992,295.33424524085876,1440,360,85.22991594500036,88.71032284099965,False
gemma,CONTINUED_AFFINE,0.0003,0,1,1.25,0.96875,0.011574074074074072,0.8125,0.9583333333333334,0.9791666666666666,True,"[1, 0.96875]",1.0,0.0005787037037037037,0.0028631740460241415,0.02227255590678902,,125.33591642693348,369.1675722756296,1440,360,85.22991594500036,106.4221735559995,False
gemma,CONTINUED_AFFINE,0.0003,0,2,0.5,0.2881944444444444,0.0,0.08333333333333333,0.11111111111111109,0.46527777777777785,False,"[0, 0.2881944444444444]",1.0,0.0,0.0009600153824862901,0.001996565330010627,,50.836932641625175,149.3985205131809,2880,720,86.38688402599928,53.32149300200035,False
gemma,CONTINUED_AFFINE,0.0003,0,2,0.75,0.8993055555555555,0.0,0.6875,0.8541666666666666,0.9444444444444443,True,"[1, 0.8993055555555555]",1.0,0.0,0.0009600153824862901,0.001996565330010627,,76.254137987325,224.09433220491846,2880,720,86.38688402599928,71.13562702000036,False
gemma,CONTINUED_AFFINE,0.0003,0,2,1.0,0.9756944444444443,0.009259259259259259,0.875,0.9930555555555557,0.9583333333333334,True,"[1, 0.9756944444444443]",1.0,0.0,0.0009600153824862901,0.001996565330010627,,101.6717231647189,298.7907531985421,2880,720,86.38688402599928,88.85163665300024,False
gemma,CONTINUED_AFFINE,0.0003,0,2,1.25,0.9722222222222222,0.024305555555555552,0.7916666666666666,0.9930555555555557,0.9513888888888888,True,"[1, 0.9722222222222222]",1.0,0.0,0.0009600153824862901,0.001996565330010627,,127.09062215484087,373.4915202621098,2880,720,86.38688402599928,106.572790231,False
gemma,CONTINUED_AFFINE,0.0003,0,3,0.5,0.3159722222222222,0.0,0.10416666666666667,0.10416666666666667,0.5277777777777778,False,"[0, 0.3159722222222222]",1.0,0.0,0.000744670118774593,0.00029348348710603507,,50.63136031041984,148.83014824472664,1440,360,86.07344948299942,53.1045491040004,False
gemma,CONTINUED_AFFINE,0.0003,0,3,0.75,0.8993055555555555,0.0,0.6875,0.8541666666666666,0.9444444444444443,True,"[1, 0.8993055555555555]",1.0,0.0,0.000744670118774593,0.00029348348710603507,,75.94671804254705,223.24428766291805,1440,360,86.07344948299942,70.99212748100035,False
gemma,CONTINUED_AFFINE,0.0003,0,3,1.0,0.9722222222222222,0.009259259259259259,0.8541666666666666,0.9861111111111112,0.9583333333333334,True,"[1, 0.9722222222222222]",1.0,0.0,0.000744670118774593,0.00029348348710603507,,101.2623494515336,297.6592063856255,1440,360,86.07344948299942,88.72199677299977,False
gemma,CONTINUED_AFFINE,0.0003,0,3,1.25,0.96875,0.03125,0.7708333333333334,0.9791666666666666,0.9583333333333334,True,"[1, 0.96875]",1.0,0.0,0.000744670118774593,0.00029348348710603507,,126.57719160186944,372.0716943450094,1440,360,86.07344948299942,106.45999130000018,False
gemma,CONTINUED_AFFINE,0.0003,0,4,0.5,0.3333333333333333,0.0,0.125,0.10416666666666667,0.5625,False,"[0, 0.3333333333333333]",1.0,0.0,0.0006404307698201389,0.00023262244520891627,,50.60446106488285,148.72698085417238,1440,360,86.56477253699995,53.36071419000109,False
gemma,CONTINUED_AFFINE,0.0003,0,4,0.75,0.892361111111111,0.0,0.6875,0.8402777777777777,0.9444444444444443,True,"[1, 0.892361111111111]",1.0,0.0,0.0006404307698201389,0.00023262244520891627,,75.90641856977511,223.08948036967288,1440,360,86.56477253699995,71.11376700100118,False
gemma,CONTINUED_AFFINE,0.0003,0,4,1.0,0.9722222222222223,0.004629629629629629,0.875,0.9861111111111112,0.9583333333333334,True,"[1, 0.9722222222222223]",1.0,0.0,0.0006404307698201389,0.00023262244520891627,,101.20819868017672,297.4515113330591,1440,360,86.56477253699995,88.86442332800107,False
gemma,CONTINUED_AFFINE,0.0003,0,4,1.25,0.9756944444444445,0.03009259259259259,0.7916666666666666,0.9930555555555557,0.9583333333333334,True,"[1, 0.9756944444444445]",1.0,0.0,0.0006404307698201389,0.00023262244520891627,,126.50991248715546,371.8133945416763,1440,360,86.56477253699995,106.59763052800008,False
gemma,CONTINUED_AFFINE,0.0003,1,1,0.5,0.2604166666666667,0.0023148148148148147,0.0625,0.09027777777777778,0.4305555555555555,False,"[0, 0.25578703703703703]",0.9965277777777778,0.0,0.00791604413317499,0.02629557339033555,,51.52776510065252,151.15373209238695,1440,360,86.30683325500104,53.17823955800122,False
gemma,CONTINUED_AFFINE,0.0003,1,1,0.75,0.7638888888888888,0.0011574074074074073,0.4791666666666667,0.5833333333333334,0.9444444444444443,False,"[0, 0.7615740740740741]",0.9965277777777778,0.0,0.00791604413317499,0.02629557339033555,,77.29018089250162,226.72639423789175,1440,360,86.30683325500104,70.90832736300035,False
gemma,CONTINUED_AFFINE,0.0003,1,1,1.0,0.9618055555555555,0.008101851851851851,0.8333333333333334,0.9583333333333334,0.9652777777777777,True,"[1, 0.9618055555555555]",0.9965277777777778,0.0,0.00791604413317499,0.02629557339033555,,103.05460539177723,302.3049757054971,1440,360,86.30683325500104,88.64058797899997,False
gemma,CONTINUED_AFFINE,0.0003,1,1,1.25,0.9722222222222222,0.026620370370370367,0.8125,0.9722222222222222,0.9722222222222222,True,"[1, 0.9722222222222222]",0.9965277777777778,0.0,0.00791604413317499,0.02629557339033555,,128.81869647027906,377.88248871016856,1440,360,86.30683325500104,106.55336655100109,False
gemma,CONTINUED_AFFINE,0.0003,1,2,0.5,0.2534722222222222,0.0023148148148148147,0.041666666666666664,0.09027777777777778,0.4166666666666667,False,"[0, 0.2488425925925926]",1.0,0.001736111111111111,0.0035179735003478324,0.004419086430789321,,51.58268156365223,151.30084981735027,2880,720,84.415500815001,53.18034787899887,False
gemma,CONTINUED_AFFINE,0.0003,1,2,0.75,0.8472222222222223,0.0011574074074074073,0.5625,0.75,0.9444444444444443,False,"[0, 0.8449074074074076]",1.0,0.001736111111111111,0.0035179735003478324,0.004419086430789321,,77.37369496033777,226.95043687844688,2880,720,84.415500815001,70.93340363199968,False
gemma,CONTINUED_AFFINE,0.0003,1,2,1.0,0.9618055555555555,0.021990740740740738,0.8125,0.9722222222222223,0.9513888888888888,True,"[1, 0.9618055555555555]",1.0,0.001736111111111111,0.0035179735003478324,0.004419086430789321,,103.16455901568355,302.5994211390021,2880,720,84.415500815001,88.65160238499993,False
gemma,CONTINUED_AFFINE,0.0003,1,2,1.25,0.9618055555555557,0.04050925925925926,0.75,0.9513888888888888,0.9722222222222222,True,"[1, 0.9618055555555557]",1.0,0.001736111111111111,0.0035179735003478324,0.004419086430789321,,128.95456750157723,378.2459263377225,2880,720,84.415500815001,106.38524498699917,False
gemma,CONTINUED_AFFINE,0.0003,1,3,0.5,0.24305555555555558,0.0023148148148148147,0.041666666666666664,0.08333333333333333,0.40277777777777773,False,"[0, 0.23842592592592596]",1.0,0.0,0.0013212753256450721,0.0012302833797346263,,51.593595065738526,151.33150665480488,4320,1080,86.75473060299919,53.18261851399984,False
gemma,CONTINUED_AFFINE,0.0003,1,3,0.75,0.7743055555555555,0.0011574074074074073,0.5208333333333334,0.6041666666666666,0.9444444444444443,False,"[0, 0.7719907407407407]",1.0,0.0,0.0013212753256450721,0.0012302833797346263,,77.39036539398725,226.99731027672507,4320,1080,86.75473060299919,70.91690046499934,False
gemma,CONTINUED_AFFINE,0.0003,1,3,1.0,0.954861111111111,0.01388888888888889,0.8333333333333334,0.9513888888888888,0.9583333333333334,True,"[1, 0.954861111111111]",1.0,0.0,0.0013212753256450721,0.0012302833797346263,,103.18689324915755,302.66228125904115,4320,1080,86.75473060299919,88.64140410499931,False
gemma,CONTINUED_AFFINE,0.0003,1,3,1.25,0.9722222222222223,0.028935185185185185,0.8125,0.9722222222222222,0.9722222222222222,True,"[1, 0.9722222222222223]",1.0,0.0,0.0013212753256450721,0.0012302833797346263,,128.98217085758998,378.32355937175987,4320,1080,86.75473060299919,106.50769609499912,False
gemma,CONTINUED_AFFINE,0.0003,1,4,0.5,0.2430555555555555,0.0023148148148148147,0.041666666666666664,0.0763888888888889,0.40972222222222215,False,"[0, 0.23842592592592587]",1.0,0.0,0.0007305759657229929,0.0004235494516150437,,51.590861617481224,151.32351267790403,5760,1440,86.60284669499924,53.11881099099992,False
gemma,CONTINUED_AFFINE,0.0003,1,4,0.75,0.7777777777777777,0.0,0.5416666666666666,0.611111111111111,0.9444444444444443,False,"[0, 0.7777777777777777]",1.0,0.0,0.0007305759657229929,0.0004235494516150437,,77.38763345094898,226.989490727814,5760,1440,86.60284669499924,70.85846268599926,False
gemma,CONTINUED_AFFINE,0.0003,1,4,1.0,0.9583333333333334,0.01388888888888889,0.8333333333333334,0.9583333333333334,0.9583333333333334,True,"[1, 0.9583333333333334]",1.0,0.0,0.0007305759657229929,0.0004235494516150437,,103.18321828639253,302.65177158334853,5760,1440,86.60284669499924,88.57716790700033,False
gemma,CONTINUED_AFFINE,0.0003,1,4,1.25,0.982638888888889,0.041666666666666664,0.7916666666666666,0.9930555555555557,0.9722222222222222,True,"[1, 0.982638888888889]",1.0,0.0,0.0007305759657229929,0.0004235494516150437,,128.97761727486173,378.310481079786,5760,1440,86.60284669499924,106.33119719599927,False
gemma,CONTINUED_AFFINE,0.001,0,1,0.5,0.21527777777777776,0.0,0.041666666666666664,0.09722222222222221,0.3333333333333333,False,"[0, 0.21527777777777776]",0.9756944444444443,0.004629629629629629,0.041742587115598126,0.04602608212426781,,51.55010511151135,151.2052755885259,1440,360,84.78821907700058,53.25193807999949,True
gemma,CONTINUED_AFFINE,0.001,0,1,0.75,0.7256944444444443,0.0,0.4583333333333333,0.5069444444444444,0.9444444444444443,False,"[0, 0.7256944444444443]",0.9756944444444443,0.004629629629629629,0.041742587115598126,0.04602608212426781,,77.32359741919277,226.80330442047472,1440,360,84.78821907700058,70.96671744899959,True
gemma,CONTINUED_AFFINE,0.001,0,1,1.0,0.9340277777777777,0.005787037037037038,0.7291666666666666,0.9097222222222223,0.9583333333333334,True,"[1, 0.9340277777777777]",0.9756944444444443,0.004629629629629629,0.041742587115598126,0.04602608212426781,,103.09734453684587,302.40211977775743,1440,360,84.78821907700058,88.67945454799974,True
gemma,CONTINUED_AFFINE,0.001,0,1,1.25,0.9583333333333334,0.03819444444444444,0.6666666666666666,0.9444444444444443,0.9722222222222223,True,"[1, 0.9583333333333334]",0.9756944444444443,0.004629629629629629,0.041742587115598126,0.04602608212426781,,128.87183006773603,378.0031547630769,1440,360,84.78821907700058,106.38840807499946,True
gemma,CONTINUED_AFFINE,0.001,0,2,0.5,0.3298611111111111,0.0,0.08333333333333333,0.18055555555555555,0.4791666666666667,False,"[0, 0.3298611111111111]",0.9947916666666666,0.0,0.0031454328718053958,0.007663110206986959,,51.594138139912886,151.33314565908356,2880,720,86.5930406360003,53.25266347100023,True
gemma,CONTINUED_AFFINE,0.001,0,2,0.75,0.9097222222222223,0.0,0.7291666666666666,0.888888888888889,0.9305555555555555,True,"[1, 0.9097222222222223]",0.9947916666666666,0.0,0.0031454328718053958,0.007663110206986959,,77.39018670087626,226.9967235627269,2880,720,86.5930406360003,71.02662197799964,True
gemma,CONTINUED_AFFINE,0.001,0,2,1.0,0.9652777777777777,0.0011574074074074073,0.875,1.0,0.9305555555555555,True,"[1, 0.9652777777777777]",0.9947916666666666,0.0,0.0031454328718053958,0.007663110206986959,,103.18690732738266,302.6622101159121,2880,720,86.5930406360003,88.79344467400006,True
gemma,CONTINUED_AFFINE,0.001,0,2,1.25,0.9375,0.0023148148148148147,0.7708333333333334,0.9375,0.9375,True,"[1, 0.9375]",0.9947916666666666,0.0,0.0031454328718053958,0.007663110206986959,,128.98299790166564,378.32594703281615,2880,720,86.5930406360003,106.73112200499963,True
qwen,INVARIANT_SET,0.0003,0,1,1.0,0.8541666666666666,0.03125,0.3541666666666667,0.798611111111111,0.9097222222222223,False,"[0, 0.7916666666666666]",0.9149305555555555,0.020254629629629626,0.3668110019978471,0.5468642434875802,0.004328956150695578,19.492990033058085,62.75447495187392,1440,360,79.74635229199703,43.68136871099705,False
qwen,INVARIANT_SET,0.0003,0,2,1.0,0.9340277777777778,0.019675925925925927,0.5416666666666666,0.9305555555555557,0.9375,True,"[1, 0.9340277777777778]",0.9843749999999999,0.002893518518518519,0.08524049125224932,0.11799949468762676,0.004979088554520988,17.68924745206731,57.24327741714562,2880,720,79.5010464750012,43.51830657000028,False
qwen,INVARIANT_SET,0.0003,0,3,1.0,0.9340277777777778,0.019675925925925923,0.6041666666666666,0.9166666666666666,0.951388888888889,True,"[1, 0.9340277777777778]",0.982638888888889,0.0005787037037037037,0.050061240621066046,0.03954766157155831,0.004047688405262306,17.147821358514427,55.850634243179215,1440,360,79.84139219699864,43.5190145489978,False
qwen,INVARIANT_SET,0.0003,1,1,1.0,0.861111111111111,0.04976851851851852,0.3958333333333333,0.7916666666666666,0.9305555555555557,False,"[0, 0.761574074074074]",0.9340277777777778,0.020833333333333332,0.314983686231805,0.45678504467619835,0.0043082745457973535,19.03751208519172,60.97315653655565,1440,360,80.01591515399923,43.604493212002126,False
qwen,INVARIANT_SET,0.0003,1,2,1.0,0.8993055555555555,0.013888888888888888,0.4791666666666667,0.888888888888889,0.9097222222222223,True,"[1, 0.8993055555555555]",0.982638888888889,0.001736111111111111,0.04286147473005731,0.0891533832229052,0.0046710548903016996,16.711365359533723,54.29546661071906,2880,720,78.7413248619996,43.61198142899957,False
qwen,INVARIANT_SET,0.0003,1,3,1.0,0.9097222222222223,0.016203703703703703,0.5416666666666666,0.875,0.9444444444444445,True,"[1, 0.9097222222222223]",0.9895833333333334,0.0,0.026949392523623574,0.031576612571198835,0.003905954355205823,16.58682497794942,55.0378030271186,4320,1080,78.53548565299934,43.67669967600159,False
qwen,INVARIANT_SET,0.001,0,1,1.0,0.8506944444444445,0.021990740740740738,0.375,0.798611111111111,0.9027777777777778,False,"[0, 0.806712962962963]",0.8854166666666666,0.03472222222222222,0.41842483460184554,0.4660513165607131,0.00983221969250331,29.44822257099627,95.94493364054124,1440,360,79.87034051900264,43.57815425899753,True
qwen,INVARIANT_SET,0.001,0,2,1.0,0.90625,0.011574074074074075,0.5833333333333334,0.8819444444444443,0.9305555555555557,True,"[1, 0.90625]",0.9826388888888888,0.004050925925925926,0.0658028616300235,0.11937121744939883,0.012412397150829849,26.251374478017734,87.34909381933613,2880,720,79.52787344399985,43.53349070799959,True
qwen,FREE_OVERWRITE,0.0003,0,1,1.0,0.8506944444444443,0.06481481481481481,0.3125,0.7847222222222222,0.9166666666666666,False,"[0, 0.7210648148148147]",0.9166666666666666,0.03993055555555555,0.41585477168782403,0.7747454845570303,0.003914653469540023,19.416833161883506,64.22318335716315,1440,360,78.98851317699882,43.547291099002905,True
qwen,FREE_OVERWRITE,0.0003,0,2,1.0,0.8784722222222223,0.07407407407407407,0.3125,0.8472222222222222,0.9097222222222223,False,"[0, 0.7303240740740742]",0.967013888888889,0.02777777777777778,0.19262732594314233,0.13317501171083912,0.005781764996289793,18.703868218588234,61.76001712819332,2880,720,79.87146454700269,43.696280162999756,True
qwen,FREE_OVERWRITE,0.001,0,1,1.0,0.8125,0.03819444444444444,0.3333333333333333,0.7013888888888888,0.9236111111111112,False,"[0, 0.7361111111111112]",0.8368055555555557,0.06770833333333333,0.33786123757176345,0.49435763040240155,0.010921797795809754,31.265416938639195,101.95467595590463,1440,360,79.18534772800194,43.57048280900199,False
qwen,FREE_OVERWRITE,0.001,0,2,1.0,0.923611111111111,0.032407407407407406,0.6041666666666666,0.9097222222222223,0.9375,True,"[1, 0.923611111111111]",0.96875,0.01273148148148148,0.13550304117656617,0.08645178949418819,0.013533347176336166,24.87656124461164,80.95454645020186,2880,720,78.12815061799847,43.586065482002596,False
qwen,FREE_OVERWRITE,0.001,0,3,1.0,0.9097222222222223,0.05787037037037037,0.4791666666666667,0.888888888888889,0.9305555555555557,False,"[0, 0.7939814814814816]",0.9670138888888888,0.004629629629629629,0.07810036556863202,0.09754768598645387,0.01309594777218687,29.998316741922995,99.78895622053787,1440,360,77.82467688399993,43.53295171699938,False
qwen,FREE_OVERWRITE,0.001,1,1,1.0,0.8020833333333334,0.11574074074074074,0.20833333333333334,0.7222222222222222,0.8819444444444445,False,"[0, 0.5706018518518519]",0.8680555555555555,0.053240740740740734,0.6877314701176256,0.49514107539679975,0.010111891591739348,30.577601073051262,98.97500893774664,1440,360,78.2641670890007,43.52869116399961,False
qwen,FREE_OVERWRITE,0.001,1,2,1.0,0.8402777777777777,0.03819444444444444,0.3541666666666667,0.7847222222222223,0.8958333333333334,False,"[0, 0.7638888888888888]",0.9496527777777778,0.01793981481481481,0.22864829998518854,0.12743068148901138,0.013906554236180252,29.089979404232256,94.1997039315368,2880,720,78.69397488500181,43.64190599999711,False
qwen,FREE_OVERWRITE,0.001,1,3,1.0,0.8680555555555555,0.08449074074074074,0.375,0.8055555555555557,0.9305555555555555,False,"[0, 0.699074074074074]",0.9739583333333334,0.021412037037037035,0.159059515928712,0.07077488753813282,0.011827300562678526,26.4104663511188,85.81094674123582,4320,1080,80.17527748000066,43.53550041199924,False
qwen,AFFINE_CLAUSE,0.0003,0,1,0.5,0.6041666666666666,0.018518518518518517,0.14583333333333334,0.38194444444444436,0.8263888888888888,False,"[0, 0.5671296296296295]",0.9097222222222223,0.03298611111111111,0.4119155793053431,0.7263990133648114,,11.016146541490249,35.00355504295674,1440,360,79.94127259499874,43.78529302199968,False
qwen,AFFINE_CLAUSE,0.0003,0,1,0.75,0.7604166666666666,0.041666666666666664,0.25,0.6388888888888888,0.8819444444444443,False,"[0, 0.6770833333333333]",0.9097222222222223,0.03298611111111111,0.4119155793053431,0.7263990133648114,,16.52395098743914,52.504532578153615,1440,360,79.94127259499874,58.32270895900001,False
qwen,AFFINE_CLAUSE,0.0003,0,1,1.0,0.84375,0.04976851851851852,0.2916666666666667,0.7847222222222223,0.9027777777777778,False,"[0, 0.744212962962963]",0.9097222222222223,0.03298611111111111,0.4119155793053431,0.7263990133648114,,22.031836117289668,70.00590190648724,1440,360,79.94127259499874,72.87367464599811,False
qwen,AFFINE_CLAUSE,0.0003,0,1,1.25,0.875,0.10416666666666667,0.22916666666666666,0.8125,0.9375,False,"[0, 0.6666666666666666]",0.9097222222222223,0.03298611111111111,0.4119155793053431,0.7263990133648114,,27.539831760727214,87.5074610473758,1440,360,79.94127259499874,87.39017796600092,False
qwen,AFFINE_CLAUSE,0.0003,0,2,0.5,0.6145833333333334,0.01273148148148148,0.14583333333333334,0.3958333333333333,0.8333333333333334,False,"[0, 0.5891203703703705]",0.9444444444444445,0.016203703703703703,0.16310504127775396,0.1424380811238112,,12.408313521445859,38.93948072738933,2880,720,78.77809776600043,43.584880644000805,False
qwen,AFFINE_CLAUSE,0.0003,0,2,0.75,0.8194444444444445,0.03587962962962962,0.3125,0.736111111111111,0.9027777777777777,False,"[0, 0.7476851851851853]",0.9444444444444445,0.016203703703703703,0.16310504127775396,0.1424380811238112,,18.61139506844015,58.405782909754784,2880,720,78.77809776600043,58.13472005299991,False
qwen,AFFINE_CLAUSE,0.0003,0,2,1.0,0.875,0.0462962962962963,0.4166666666666667,0.8333333333333334,0.9166666666666666,True,"[1, 0.875]",0.9444444444444445,0.016203703703703703,0.16310504127775396,0.1424380811238112,,24.81557976658658,77.8757303363881,2880,720,78.77809776600043,72.68702845100051,False
qwen,AFFINE_CLAUSE,0.0003,0,2,1.25,0.8680555555555555,0.10995370370370368,0.3541666666666667,0.8194444444444443,0.9166666666666666,False,"[0, 0.6481481481481481]",0.9444444444444445,0.016203703703703703,0.16310504127775396,0.1424380811238112,,31.01954591624253,97.34494924902728,2880,720,78.77809776600043,87.2363949669998,False
qwen,AFFINE_CLAUSE,0.0003,0,3,0.5,0.6111111111111112,0.016203703703703703,0.14583333333333334,0.38888888888888884,0.8333333333333334,False,"[0, 0.5787037037037037]",0.982638888888889,0.003472222222222222,0.04585207103829373,0.061501628952832524,,12.417895393121285,39.01671716213035,1440,360,79.73810948499886,43.59789593499954,False
qwen,AFFINE_CLAUSE,0.0003,0,3,0.75,0.8090277777777777,0.023148148148148143,0.3958333333333333,0.7083333333333334,0.9097222222222222,False,"[0, 0.7627314814814814]",0.982638888888889,0.003472222222222222,0.04585207103829373,0.061501628952832524,,18.626916908814813,58.5253851152714,1440,360,79.73810948499886,58.29632918399875,False
qwen,AFFINE_CLAUSE,0.0003,0,3,1.0,0.8819444444444443,0.041666666666666664,0.4791666666666667,0.8402777777777777,0.923611111111111,True,"[1, 0.8819444444444443]",0.982638888888889,0.003472222222222222,0.04585207103829373,0.061501628952832524,,24.83543599415504,78.03242512622955,1440,360,79.73810948499886,72.8446955340005,False
qwen,AFFINE_CLAUSE,0.0003,0,3,1.25,0.875,0.0775462962962963,0.3958333333333333,0.8194444444444443,0.9305555555555557,False,"[0, 0.7199074074074074]",0.982638888888889,0.003472222222222222,0.04585207103829373,0.061501628952832524,,31.04431747775061,97.54062326039409,1440,360,79.73810948499886,87.39751598099974,False
qwen,AFFINE_CLAUSE,0.0003,1,1,0.5,0.6041666666666666,0.026620370370370367,0.125,0.4166666666666667,0.7916666666666666,False,"[0, 0.5509259259259259]",0.8871527777777778,0.06886574074074074,0.6217080010401698,0.7518195219741666,,12.044498686900766,37.824891308658685,1440,360,79.94704307600114,43.60519983700215,False
qwen,AFFINE_CLAUSE,0.0003,1,1,0.75,0.7673611111111112,0.05671296296296296,0.1875,0.6805555555555557,0.8541666666666666,False,"[0, 0.6539351851851852]",0.8871527777777778,0.06886574074074074,0.6217080010401698,0.7518195219741666,,18.06657818097661,56.73642072783618,1440,360,79.94704307600114,58.15503669900136,False
qwen,AFFINE_CLAUSE,0.0003,1,1,1.0,0.84375,0.0775462962962963,0.2708333333333333,0.798611111111111,0.8888888888888888,False,"[0, 0.6886574074074074]",0.8871527777777778,0.06886574074074074,0.6217080010401698,0.7518195219741666,,24.0880791424008,75.64627518458084,1440,360,79.94704307600114,72.710290979001,False
qwen,AFFINE_CLAUSE,0.0003,1,1,1.25,0.8090277777777777,0.10763888888888888,0.1875,0.75,0.8680555555555555,False,"[0, 0.5937499999999999]",0.8871527777777778,0.06886574074074074,0.6217080010401698,0.7518195219741666,,30.110275377158167,94.55869702218841,1440,360,79.94704307600114,87.25142406700252,False
qwen,AFFINE_CLAUSE,0.0003,1,2,0.5,0.5972222222222222,0.015046296296296295,0.16666666666666666,0.3958333333333333,0.7986111111111112,False,"[0, 0.5671296296296297]",0.9548611111111112,0.004050925925925926,0.1212949269710065,0.12816179452735904,,12.64370445514701,39.49221424789722,2880,720,78.93569682100133,43.61335290400166,False
qwen,AFFINE_CLAUSE,0.0003,1,2,0.75,0.8125,0.03356481481481481,0.2708333333333333,0.7291666666666666,0.8958333333333334,False,"[0, 0.7453703703703703]",0.9548611111111112,0.004050925925925926,0.1212949269710065,0.12816179452735904,,18.964975767129257,59.236510021254496,2880,720,78.93569682100133,58.161336970002594,False
qwen,AFFINE_CLAUSE,0.0003,1,2,1.0,0.8819444444444445,0.04629629629629629,0.4166666666666667,0.8402777777777777,0.9236111111111112,True,"[1, 0.8819444444444445]",0.9548611111111112,0.004050925925925926,0.1212949269710065,0.12816179452735904,,25.287440919048844,78.98475775547188,2880,720,78.93569682100133,72.70878538800025,False
qwen,AFFINE_CLAUSE,0.0003,1,2,1.25,0.8923611111111112,0.048611111111111105,0.3958333333333333,0.8611111111111112,0.923611111111111,True,"[1, 0.8923611111111112]",0.9548611111111112,0.004050925925925926,0.1212949269710065,0.12816179452735904,,31.608275514374423,98.72776106170218,2880,720,78.93569682100133,87.24870611000006,False
qwen,AFFINE_CLAUSE,0.0003,1,3,0.5,0.6041666666666666,0.018518518518518517,0.14583333333333334,0.3819444444444444,0.826388888888889,False,"[0, 0.5671296296296295]",0.9722222222222223,0.003472222222222222,0.08123384145647897,0.05266941556225387,,12.800144020878971,39.95171731506499,4320,1080,79.8989289830024,43.72384217099898,False
qwen,AFFINE_CLAUSE,0.0003,1,3,0.75,0.826388888888889,0.021990740740740738,0.375,0.7430555555555557,0.9097222222222222,False,"[0, 0.7824074074074074]",0.9722222222222223,0.003472222222222222,0.08123384145647897,0.05266941556225387,,19.200682603803816,59.92931932790177,4320,1080,79.8989289830024,58.252708256000915,False
qwen,AFFINE_CLAUSE,0.0003,1,3,1.0,0.875,0.030092592592592587,0.4583333333333333,0.8333333333333334,0.9166666666666666,True,"[1, 0.875]",0.9722222222222223,0.003472222222222222,0.08123384145647897,0.05266941556225387,,25.6015086708544,79.907735173509,4320,1080,79.8989289830024,72.78263937600059,False
qwen,AFFINE_CLAUSE,0.0003,1,3,1.25,0.8819444444444443,0.0625,0.4166666666666667,0.8194444444444443,0.9444444444444443,False,"[0, 0.7569444444444443]",0.9722222222222223,0.003472222222222222,0.08123384145647897,0.05266941556225387,,32.00123047065056,99.88257039800507,4320,1080,79.8989289830024,87.31360713400136,False
qwen,AFFINE_CLAUSE,0.001,0,1,0.5,0.5798611111111112,0.011574074074074075,0.1875,0.3194444444444444,0.8402777777777778,False,"[0, 0.556712962962963]",0.8506944444444443,0.009259259259259259,0.3914113568519566,0.3936618582901588,,13.412879482282863,41.410788752666534,1440,360,78.9497173589989,43.63692666799761,True
qwen,AFFINE_CLAUSE,0.001,0,1,0.75,0.7465277777777777,0.020833333333333332,0.22916666666666666,0.5833333333333334,0.9097222222222222,False,"[0, 0.704861111111111]",0.8506944444444443,0.009259259259259259,0.3914113568519566,0.3936618582901588,,20.119214491912054,62.115877967691276,1440,360,78.9497173589989,58.20389811299901,True
qwen,AFFINE_CLAUSE,0.001,0,1,1.0,0.8090277777777777,0.03587962962962963,0.25,0.7013888888888888,0.9166666666666666,False,"[0, 0.7372685185185184]",0.8506944444444443,0.009259259259259259,0.3914113568519566,0.3936618582901588,,26.825527069831658,82.82092421019404,1440,360,78.9497173589989,72.76571864399739,True
qwen,AFFINE_CLAUSE,0.001,0,1,1.25,0.7847222222222223,0.05092592592592592,0.25,0.673611111111111,0.8958333333333334,False,"[0, 0.6828703703703705]",0.8506944444444443,0.009259259259259259,0.3914113568519566,0.3936618582901588,,33.53201379131168,103.52639422599421,1440,360,78.9497173589989,87.30752239499998,True
qwen,AFFINE_CLAUSE,0.001,0,2,0.5,0.5902777777777778,0.009259259259259259,0.16666666666666666,0.34722222222222227,0.8333333333333334,False,"[0, 0.5717592592592593]",0.9774305555555555,0.0318287037037037,0.1257814951363243,0.0878737651315859,,14.037378435881537,42.973316340610715,2880,720,78.18305721100114,43.614234936001594,True
qwen,AFFINE_CLAUSE,0.001,0,2,0.75,0.8368055555555557,0.04976851851851851,0.375,0.7708333333333334,0.9027777777777777,False,"[0, 0.7372685185185187]",0.9774305555555555,0.0318287037037037,0.1257814951363243,0.0878737651315859,,21.05591996793645,64.4595173288007,2880,720,78.18305721100114,58.15902027800257,True
qwen,AFFINE_CLAUSE,0.001,0,2,1.0,0.892361111111111,0.11111111111111112,0.375,0.8472222222222222,0.9375,False,"[0, 0.6701388888888888]",0.9774305555555555,0.0318287037037037,0.1257814951363243,0.0878737651315859,,28.074163161987087,85.94482041075906,2880,720,78.18305721100114,72.72347517600065,True
qwen,AFFINE_CLAUSE,0.001,0,2,1.25,0.8958333333333334,0.12962962962962962,0.3333333333333333,0.8333333333333334,0.9583333333333334,False,"[0, 0.6365740740740742]",0.9774305555555555,0.0318287037037037,0.1257814951363243,0.0878737651315859,,35.09265639349235,107.43088124284913,2880,720,78.18305721100114,87.26351959900057,True
