actor,condition,program,changed,harm,conditional_harm,all24,all_program_questions,accuracy,accuracy_all_program_questions,touched_accuracy,other_address_error,preservation,nonaddressed_change,additional_accuracy,n_scenes,disagreement_vs_single,mean_abs_dlogp_vs_single,energy,cast_error,commands,shared_from
gemma,SOURCE,single,0.23046875,0.0,0.0,0.015625,0.015625,0.6139322916666666,0.6139322916666666,0.3812500000000001,0.003125,1.0,0.0,,64,0.0,0.0,,,,[]
gemma,SOURCE,noop,,0.0,0.0,0.234375,0.234375,0.8834635416666666,0.8834635416666666,0.8187500000000001,0.0703125,1.0,0.0,,64,0.0,3.1388669161180665,,,,[]
gemma,SOURCE,repeat2,0.23046875,0.0,0.0,0.015625,0.015625,0.6139322916666666,0.6139322916666666,0.3812500000000001,0.003125,1.0,0.0,,64,0.0,0.0,,,,[]
gemma,SOURCE,repeat4,0.23046875,0.0,0.0,0.015625,0.015625,0.6139322916666666,0.6139322916666666,0.3812500000000001,0.003125,1.0,0.0,,64,0.0,0.0,,,,[]
gemma,SOURCE,repeat8,0.23046875,0.0,0.0,0.015625,0.015625,0.6139322916666666,0.6139322916666666,0.3812500000000001,0.003125,1.0,0.0,,64,0.0,0.0,,,,[]
gemma,SOURCE,restore,,0.0,0.0,0.234375,0.234375,0.8834635416666666,0.8834635416666666,0.8187500000000001,0.0703125,1.0,0.0,,64,0.0,3.1388669161180665,,,,[]
gemma,SOURCE,restore_after4,,0.0,0.0,0.234375,0.234375,0.8834635416666666,0.8834635416666666,0.8187500000000001,0.0703125,1.0,0.0,,64,0.0,3.1388669161180665,,,,[]
gemma,SOURCE,overwrite,0.23046875,0.0,0.0,0.015625,0.015625,0.6139322916666666,0.6139322916666666,0.3812500000000001,0.003125,1.0,0.0,,64,0.0,0.0,,,,[]
gemma,SOURCE,AB,0.134765625,0.0,0.0,0.0,0.0,0.44856770833333337,0.44856770833333337,0.378125,0.0,1.0,0.0,,64,0.0,2.704151493604487,,,,[]
gemma,SOURCE,BA,0.134765625,0.0,0.0,0.0,0.0,0.44856770833333337,0.44856770833333337,0.378125,0.0,1.0,0.0,,64,0.0,2.704151493604487,,,,[]
gemma,SOURCE,ABC,0.09928385416666666,0.0,0.0,0.0,0.0,0.47460937499999994,0.43870192307692313,0.378125,0.08854166666666667,1.0,0.0,0.0078125,64,0.0,3.792037461853475,,,,[]
gemma,SOURCE,CBA,0.09928385416666666,0.0,0.0,0.0,0.0,0.47460937499999994,0.43870192307692313,0.378125,0.08854166666666667,1.0,0.0,0.0078125,64,0.0,3.792037461853475,,,,[]
gemma,SOURCE,AB_cross,0.23046875,0.0,0.0,0.015625,0.0,0.6139322916666666,0.5667067307692308,0.3812500000000001,0.003125,1.0,0.0,0.0,64,0.0,5.767626779136966e-07,,,,[]
gemma,NATURAL_FINAL_WORLD,single,0.84765625,0.0,0.0,0.375,0.375,0.9225260416666666,0.9225260416666666,0.89375,0.003125,1.0,0.0,,64,0.0,0.0,,,,[]
gemma,NATURAL_FINAL_WORLD,noop,,0.0,0.0,0.234375,0.234375,0.8834635416666666,0.8834635416666666,0.8187500000000001,0.0703125,1.0,0.0,,64,0.30859375,0.9454426893531954,,,,[]
gemma,NATURAL_FINAL_WORLD,repeat2,0.84765625,0.0,0.0,0.375,0.375,0.9225260416666666,0.9225260416666666,0.89375,0.003125,1.0,0.0,,64,0.0,0.0,,,,[]
gemma,NATURAL_FINAL_WORLD,repeat4,0.84765625,0.0,0.0,0.375,0.375,0.9225260416666666,0.9225260416666666,0.89375,0.003125,1.0,0.0,,64,0.0,0.0,,,,[]
gemma,NATURAL_FINAL_WORLD,repeat8,0.84765625,0.0,0.0,0.375,0.375,0.9225260416666666,0.9225260416666666,0.89375,0.003125,1.0,0.0,,64,0.0,0.0,,,,[]
gemma,NATURAL_FINAL_WORLD,restore,,0.0,0.0,0.234375,0.234375,0.8834635416666666,0.8834635416666666,0.8187500000000001,0.0703125,1.0,0.0,,64,0.30859375,0.9454426893531954,,,,[]
gemma,NATURAL_FINAL_WORLD,restore_after4,,0.0,0.0,0.234375,0.234375,0.8834635416666666,0.8834635416666666,0.8187500000000001,0.0703125,1.0,0.0,,64,0.30859375,0.9454426893531954,,,,[]
gemma,NATURAL_FINAL_WORLD,overwrite,0.84765625,0.0,0.0,0.375,0.375,0.9225260416666666,0.9225260416666666,0.89375,0.003125,1.0,0.0,,64,0.0,0.0,,,,[]
gemma,NATURAL_FINAL_WORLD,AB,0.8772786458333334,0.08072916666666666,0.08428819444444445,0.265625,0.265625,0.8958333333333334,0.8958333333333334,0.8515625,0.0,0.9157118055555555,0.0,,64,0.337890625,0.4865105316092884,,,,[]
gemma,NATURAL_FINAL_WORLD,BA,0.8772786458333334,0.08072916666666666,0.08428819444444445,0.265625,0.265625,0.8958333333333334,0.8958333333333334,0.8515625,0.0,0.9157118055555555,0.0,,64,0.337890625,0.4865105316092884,,,,[]
gemma,NATURAL_FINAL_WORLD,ABC,0.91015625,0.1171875,0.12914862914862915,0.328125,0.328125,0.8971354166666667,0.905048076923077,0.859375,0.0921875,0.8708513708513709,0.0,1.0,64,0.4524739583333333,0.6729983692228435,,,,[]
gemma,NATURAL_FINAL_WORLD,CBA,0.91015625,0.1171875,0.12914862914862915,0.328125,0.328125,0.8971354166666667,0.905048076923077,0.859375,0.0921875,0.8708513708513709,0.0,1.0,64,0.4524739583333333,0.6729983692228435,,,,[]
gemma,NATURAL_FINAL_WORLD,AB_cross,0.8151041666666666,0.014322916666666666,0.014322916666666666,0.328125,0.328125,0.900390625,0.9080528846153846,0.8765625,0.0171875,0.9856770833333334,0.0078125,1.0,64,0.052083333333333336,0.30792579322603925,,,,[]
gemma,TEXT_CORRECTION_SEQ,single,0.90234375,0.03125,0.03125,0.3125,0.3125,0.9342447916666667,0.9342447916666667,0.93125,0.034375,0.96875,0.03125,,64,0.0,0.0,,,,[]
gemma,TEXT_CORRECTION_SEQ,noop,,0.029947916666666664,0.033374579451345754,0.40625,0.40625,0.9427083333333334,0.9427083333333334,0.9453125,0.059151785714285705,0.9666254205486543,0.00390625,,64,0.4420572916666667,0.3201443842074146,,,,[]
gemma,TEXT_CORRECTION_SEQ,repeat2,0.8880208333333334,0.03125,0.03177083333333333,0.3125,0.3125,0.9270833333333334,0.9270833333333334,0.9249999999999999,0.034375,0.9682291666666667,0.03125,,64,0.021484375,0.08875888994534382,,,,[]
gemma,TEXT_CORRECTION_SEQ,repeat4,0.8854166666666667,0.03515625,0.03515625,0.28125,0.28125,0.9244791666666667,0.9244791666666667,0.928125,0.0328125,0.96484375,0.0234375,,64,0.031901041666666664,0.1244323408886127,,,,[]
gemma,TEXT_CORRECTION_SEQ,repeat8,0.8893229166666667,0.048177083333333336,0.048177083333333336,0.28125,0.28125,0.9205729166666667,0.9205729166666667,0.921875,0.04062500000000001,0.9518229166666667,0.02734375,,64,0.039713541666666664,0.1543285348496705,,,,[]
gemma,TEXT_CORRECTION_SEQ,restore,,0.05273437499999999,0.058094605801806885,0.421875,0.421875,0.9075520833333333,0.9075520833333333,0.8937499999999999,0.08258928571428571,0.9419053941981932,0.0078125,,64,0.431640625,0.367308636351396,,,,[]
gemma,TEXT_CORRECTION_SEQ,restore_after4,,0.05859375,0.06509405732401656,0.390625,0.390625,0.8984375,0.8984375,0.88125,0.08928571428571429,0.9349059426759835,0.01953125,,64,0.4212239583333333,0.44118754685530587,,,,[]
gemma,TEXT_CORRECTION_SEQ,overwrite,0.7682291666666666,0.023437499999999997,0.023437499999999997,0.125,0.125,0.87109375,0.87109375,0.821875,0.025,0.9765625,0.03125,,64,0.10611979166666667,0.39793110893124134,,,,[]
gemma,TEXT_CORRECTION_SEQ,AB,0.9401041666666666,0.13541666666666666,0.14326862373737376,0.28125,0.28125,0.912109375,0.912109375,0.8999999999999999,0.0546875,0.8567313762626263,0.02734375,,64,0.3138020833333333,0.333401231732104,,,,[]
gemma,TEXT_CORRECTION_SEQ,BA,0.9573567708333333,0.10807291666666666,0.11117424242424243,0.34375,0.34375,0.9309895833333333,0.9309895833333333,0.9171875,0.041666666666666664,0.8888257575757575,0.015625,,64,0.291015625,0.3384889746594008,,,,[]
gemma,TEXT_CORRECTION_SEQ,ABC,0.9934895833333333,0.1669921875,0.18263804338023087,0.34375,0.34375,0.9134114583333333,0.9200721153846154,0.8984375,0.13854166666666667,0.8173619566197692,0.0546875,1.0,64,0.40234375,0.49692083862339115,,,,[]
gemma,TEXT_CORRECTION_SEQ,CBA,0.9947916666666667,0.15201822916666666,0.1608800054112554,0.234375,0.234375,0.916015625,0.9224759615384616,0.9156249999999999,0.1453125,0.8391199945887446,0.0234375,1.0,64,0.3763020833333333,0.5571771236268148,,,,[]
gemma,TEXT_CORRECTION_SEQ,AB_cross,0.87109375,0.11458333333333333,0.11484375000000001,0.15625,0.15625,0.8782552083333334,0.8876201923076923,0.859375,0.0953125,0.8851562499999999,0.08203125,1.0,64,0.09505208333333333,0.3529112119547359,,,,[]
gemma,INVARIANT_SET_s0,single,0.921875,0.029947916666666664,0.029947916666666664,0.515625,0.515625,0.9446614583333333,0.9446614583333333,0.959375,0.0359375,0.9700520833333333,0.015625,,64,0.0,0.0,43374.25003051758,0.5398296001367271,1.0,[]
gemma,INVARIANT_SET_s0,noop,,0.007161458333333334,0.007770224567099568,0.609375,0.609375,0.970703125,0.970703125,0.9671875000000001,0.026785714285714284,0.9922297754329005,0.0,,64,0.4479166666666667,0.3512804408220684,34325.75244140625,0.5294187795370817,1.0,[]
gemma,INVARIANT_SET_s0,repeat2,0.9231770833333334,0.03255208333333333,0.03255208333333333,0.515625,0.515625,0.9440104166666666,0.9440104166666666,0.959375,0.037500000000000006,0.9674479166666667,0.015625,,64,0.001953125,0.005045834461386771,43374.250579833984,0.5398297174833715,2.0,"[""single""]"
gemma,INVARIANT_SET_s0,repeat4,0.921875,0.029947916666666664,0.029947916666666664,0.515625,0.515625,0.9446614583333334,0.9446614583333334,0.959375,0.0359375,0.9700520833333333,0.015625,,64,0.0013020833333333333,0.004786026073106815,43374.24768066406,0.5398297975771129,4.0,"[""repeat2"", ""single""]"
gemma,INVARIANT_SET_s0,repeat8,0.9231770833333334,0.03125,0.03125,0.515625,0.515625,0.9446614583333333,0.9446614583333333,0.959375,0.0359375,0.96875,0.015625,,64,0.0013020833333333333,0.004491997915382721,43374.250427246094,0.5398297598585486,8.0,"[""repeat2"", ""repeat4"", ""single""]"
gemma,INVARIANT_SET_s0,restore,,0.007161458333333334,0.007770224567099568,0.609375,0.609375,0.970703125,0.970703125,0.9671875000000001,0.026785714285714284,0.9922297754329005,0.0,,64,0.4479166666666667,0.35101247565552285,34325.75845336914,0.5294189797714353,2.0,"[""noop""]"
gemma,INVARIANT_SET_s0,restore_after4,,0.0078125,0.008449572393186524,0.59375,0.59375,0.9700520833333333,0.9700520833333333,0.9671875000000001,0.027901785714285712,0.9915504276068134,0.0,,64,0.447265625,0.35183824683473475,34325.748474121094,0.5294186561368406,5.0,"[""noop"", ""restore""]"
gemma,INVARIANT_SET_s0,overwrite,0.9244791666666667,0.03125,0.03125,0.515625,0.515625,0.9453125,0.9453125,0.9609375,0.037500000000000006,0.96875,0.015625,,64,0.001953125,0.004916897271758813,43374.25067138672,0.5398296965286136,3.0,"[""repeat2"", ""repeat8"", ""single""]"
gemma,INVARIANT_SET_s0,AB,0.9166666666666666,0.08854166666666666,0.09607007575757576,0.34375,0.34375,0.9127604166666666,0.9127604166666666,0.9109375,0.05208333333333333,0.9039299242424242,0.0234375,,64,0.3561197916666667,0.3672454882004554,86743.3408203125,0.5480968724004924,2.0,[]
gemma,INVARIANT_SET_s0,BA,0.9166666666666666,0.08854166666666666,0.09607007575757576,0.34375,0.34375,0.9127604166666666,0.9127604166666666,0.9109375,0.05208333333333333,0.9039299242424242,0.0234375,,64,0.3561197916666667,0.3672454882004554,86743.3408203125,0.5480968724004924,2.0,"[""AB""]"
gemma,INVARIANT_SET_s0,ABC,0.9488932291666667,0.09993489583333333,0.11842053345959597,0.3125,0.3125,0.9134114583333333,0.9188701923076923,0.8875,0.08489583333333334,0.881579466540404,0.015625,0.984375,64,0.4544270833333333,0.5443672561024245,130418.05151367188,0.5593922371044755,3.0,[]
gemma,INVARIANT_SET_s0,CBA,0.9488932291666667,0.09993489583333333,0.11842053345959597,0.3125,0.3125,0.9134114583333333,0.9188701923076923,0.8875,0.08489583333333334,0.881579466540404,0.015625,0.984375,64,0.4544270833333333,0.5443672561024245,130418.05151367188,0.5593922371044755,3.0,"[""ABC""]"
gemma,INVARIANT_SET_s0,AB_cross,0.859375,0.06380208333333333,0.06380208333333333,0.296875,0.296875,0.8977864583333334,0.9056490384615385,0.875,0.0578125,0.9361979166666667,0.03125,1.0,64,0.07682291666666667,0.3497431301023421,86882.31079101562,0.5541213424876332,2.0,[]
gemma,INVARIANT_SET_s1,single,0.9296875,0.01171875,0.01171875,0.546875,0.546875,0.9576822916666667,0.9576822916666667,0.9484375,0.010937500000000001,0.98828125,0.00390625,,64,0.0,0.0,56886.044860839844,0.5582392727956176,1.0,[]
gemma,INVARIANT_SET_s1,noop,,0.009114583333333332,0.010729156605694077,0.515625,0.515625,0.9583333333333333,0.9583333333333333,0.953125,0.03794642857142857,0.9892708433943058,0.015625,,64,0.4407552083333333,0.3116326059345506,62367.185791015625,0.5581986485049129,1.0,[]
gemma,INVARIANT_SET_s1,repeat2,0.9283854166666666,0.01171875,0.01171875,0.546875,0.546875,0.95703125,0.95703125,0.9484375,0.010937500000000001,0.98828125,0.00390625,,64,0.001953125,0.004325562758853134,56886.03631591797,0.5582399219274521,2.0,"[""single""]"
gemma,INVARIANT_SET_s1,repeat4,0.9283854166666666,0.01171875,0.01171875,0.546875,0.546875,0.95703125,0.95703125,0.946875,0.010937500000000001,0.98828125,0.00390625,,64,0.0006510416666666666,0.004911470101597833,56886.04022216797,0.5582399223931134,4.0,"[""repeat2"", ""single""]"
gemma,INVARIANT_SET_s1,repeat8,0.9283854166666666,0.01171875,0.01171875,0.546875,0.546875,0.95703125,0.95703125,0.946875,0.010937500000000001,0.98828125,0.00390625,,64,0.001953125,0.003924823535977377,56886.044860839844,0.5582400648854673,8.0,"[""repeat2"", ""repeat4"", ""single""]"
gemma,INVARIANT_SET_s1,restore,,0.009765625,0.011439383878421349,0.515625,0.515625,0.9576822916666667,0.9576822916666667,0.953125,0.0390625,0.9885606161215788,0.015625,,64,0.4401041666666667,0.31188853881534345,62367.196716308594,0.5581984431482852,2.0,"[""noop""]"
gemma,INVARIANT_SET_s1,restore_after4,,0.009765625,0.011439383878421349,0.515625,0.515625,0.9576822916666667,0.9576822916666667,0.953125,0.0390625,0.9885606161215788,0.015625,,64,0.4401041666666667,0.3119613212421939,62367.19189453125,0.5581983518786728,5.0,"[""noop"", ""restore""]"
gemma,INVARIANT_SET_s1,overwrite,0.9296875,0.01171875,0.01171875,0.546875,0.546875,0.9576822916666667,0.9576822916666667,0.9484375,0.010937500000000001,0.98828125,0.00390625,,64,0.0,0.0037850854463385986,56886.04553222656,0.5582401626743376,3.0,"[""repeat2"", ""repeat4"", ""repeat8"", ""single""]"
gemma,INVARIANT_SET_s1,AB,0.9401041666666666,0.04622395833333333,0.05070120851370851,0.4375,0.4375,0.939453125,0.939453125,0.9015625,0.0078125,0.9492987914862915,0.0078125,,64,0.32421875,0.2719784540551278,110131.00183105469,0.5653360765427351,2.0,[]
gemma,INVARIANT_SET_s1,BA,0.9401041666666666,0.04622395833333333,0.05070120851370851,0.4375,0.4375,0.939453125,0.939453125,0.9015625,0.0078125,0.9492987914862915,0.0078125,,64,0.32421875,0.2719784540551278,110131.00183105469,0.5653360765427351,2.0,"[""AB""]"
gemma,INVARIANT_SET_s1,ABC,0.9524739583333333,0.04947916666666666,0.057956800144300144,0.4375,0.4375,0.9401041666666667,0.9435096153846154,0.903125,0.02604166666666667,0.9420431998556998,0.0078125,0.984375,64,0.4342447916666667,0.3380667129615631,165761.42993164062,0.5678345998749137,3.0,[]
gemma,INVARIANT_SET_s1,CBA,0.9524739583333333,0.04947916666666666,0.057956800144300144,0.4375,0.4375,0.9401041666666667,0.9435096153846154,0.903125,0.02604166666666667,0.9420431998556998,0.0078125,0.984375,64,0.4342447916666667,0.3380667129615631,165761.42993164062,0.5678345998749137,3.0,"[""ABC""]"
gemma,INVARIANT_SET_s1,AB_cross,0.87109375,0.03515625,0.03515625,0.34375,0.34375,0.91796875,0.921875,0.8828125,0.040625,0.96484375,0.0078125,0.96875,64,0.080078125,0.33223774533790856,110025.04016113281,0.5656902636401355,2.0,[]
gemma,FREE_OVERWRITE_s0,single,0.9153645833333333,0.018229166666666664,0.018229166666666664,0.546875,0.546875,0.947265625,0.947265625,0.934375,0.021875,0.9817708333333333,0.0078125,,64,0.0,0.0,146128.8233642578,0.5636860933154821,1.0,[]
gemma,FREE_OVERWRITE_s0,noop,,0.0026041666666666665,0.0027791501976284585,0.59375,0.59375,0.9544270833333334,0.9544270833333334,0.9390624999999999,0.03459821428571429,0.9972208498023716,0.0,,64,0.4251302083333333,0.33714802483531514,98053.29290771484,0.5594762139953673,1.0,[]
gemma,FREE_OVERWRITE_s0,repeat2,0.8854166666666667,0.01171875,0.01171875,0.53125,0.53125,0.935546875,0.935546875,0.9109375,0.0140625,0.98828125,0.0078125,,64,0.022135416666666668,0.11623943780385086,137566.52783203125,0.5648962650448084,2.0,[]
gemma,FREE_OVERWRITE_s0,repeat4,0.88671875,0.013020833333333332,0.013020833333333332,0.53125,0.53125,0.935546875,0.935546875,0.9125000000000001,0.015625,0.9869791666666667,0.0078125,,64,0.01953125,0.10335156381405852,132337.53161621094,0.5699036973528564,4.0,[]
gemma,FREE_OVERWRITE_s0,repeat8,0.8841145833333334,0.013020833333333332,0.013020833333333332,0.515625,0.515625,0.9342447916666667,0.9342447916666667,0.9109375,0.015625,0.9869791666666667,0.0078125,,64,0.020833333333333332,0.10373566629326565,132585.08642578125,0.5679282424971461,8.0,[]
gemma,FREE_OVERWRITE_s0,restore,,0.003255208333333333,0.003489377470355731,0.59375,0.59375,0.9563802083333334,0.9563802083333334,0.9421875,0.033482142857142856,0.9965106225296443,0.00390625,,64,0.4283854166666667,0.33436487279282306,87200.96875,0.5541142276488245,2.0,[]
gemma,FREE_OVERWRITE_s0,restore_after4,,0.0026041666666666665,0.0027791501976284585,0.609375,0.609375,0.9576822916666667,0.9576822916666667,0.94375,0.032366071428571425,0.9972208498023716,0.0,,64,0.4283854166666667,0.335120115440849,86851.55346679688,0.5409070854075253,5.0,[]
gemma,FREE_OVERWRITE_s0,overwrite,0.90625,0.015624999999999998,0.015624999999999998,0.546875,0.546875,0.9440104166666667,0.9440104166666667,0.9265625,0.01875,0.984375,0.01171875,,64,0.011067708333333334,0.047203804696219244,142831.70556640625,0.5815061433240771,3.0,[]
gemma,FREE_OVERWRITE_s0,AB,0.935546875,0.06575520833333333,0.06801215277777778,0.515625,0.515625,0.935546875,0.935546875,0.9140625,0.028645833333333332,0.9319878472222222,0.0078125,,64,0.33984375,0.2774624554632818,210687.9716796875,0.5726667465642095,2.0,[]
gemma,FREE_OVERWRITE_s0,BA,0.935546875,0.06575520833333333,0.06801215277777778,0.515625,0.515625,0.935546875,0.935546875,0.9140625,0.028645833333333332,0.9319878472222222,0.0078125,,64,0.33984375,0.2774624554632818,210687.9716796875,0.5726667465642095,2.0,"[""AB""]"
gemma,FREE_OVERWRITE_s0,ABC,0.9580078125,0.0634765625,0.07457019976551225,0.5,0.5,0.9361979166666667,0.9411057692307693,0.915625,0.05677083333333333,0.9254298002344877,0.015625,1.0,64,0.455078125,0.3603903029418068,277403.4833984375,0.5788335879333317,3.0,[]
gemma,FREE_OVERWRITE_s0,CBA,0.9580078125,0.0634765625,0.07457019976551225,0.5,0.5,0.9361979166666667,0.9411057692307693,0.915625,0.05677083333333333,0.9254298002344877,0.015625,1.0,64,0.455078125,0.3603903029418068,277403.4833984375,0.5788335879333317,3.0,"[""ABC""]"
gemma,FREE_OVERWRITE_s0,AB_cross,0.8177083333333333,0.05208333333333333,0.05208333333333333,0.1875,0.1875,0.8828125,0.891826923076923,0.8343749999999999,0.05468750000000001,0.9479166666666666,0.015625,1.0,64,0.09700520833333333,0.4328721487931233,212444.86669921875,0.5713528054766357,2.0,[]
gemma,FREE_OVERWRITE_s1,single,0.8294270833333333,0.01171875,0.01171875,0.375,0.375,0.9075520833333333,0.9075520833333333,0.8859375,0.014062500000000002,0.98828125,0.0234375,,64,0.0,0.0,50289.694915771484,0.5446506962180138,1.0,[]
gemma,FREE_OVERWRITE_s1,noop,,0.008463541666666666,0.009247732566346697,0.4375,0.4375,0.9361979166666667,0.9361979166666667,0.9156249999999999,0.04910714285714285,0.9907522674336533,0.01953125,,64,0.3671875,0.6747564859905543,43655.979064941406,0.5180128044448793,1.0,[]
gemma,FREE_OVERWRITE_s1,repeat2,0.7942708333333334,0.005208333333333333,0.005208333333333333,0.34375,0.34375,0.8932291666666667,0.8932291666666667,0.8671875,0.009375000000000001,0.9947916666666667,0.015625,,64,0.0234375,0.12166360978025399,37474.70523071289,0.5470621264539659,2.0,[]
gemma,FREE_OVERWRITE_s1,repeat4,0.80078125,0.005208333333333333,0.005208333333333333,0.34375,0.34375,0.896484375,0.896484375,0.871875,0.009375000000000001,0.9947916666666667,0.015625,,64,0.021484375,0.11195640116051446,38227.961822509766,0.5372989638708532,4.0,[]
gemma,FREE_OVERWRITE_s1,repeat8,0.80078125,0.005208333333333333,0.005208333333333333,0.34375,0.34375,0.896484375,0.896484375,0.871875,0.009375000000000001,0.9947916666666667,0.015625,,64,0.021484375,0.11148308406421255,38578.98439025879,0.5368473730050027,8.0,[]
gemma,FREE_OVERWRITE_s1,restore,,0.010416666666666666,0.011105278326745719,0.390625,0.390625,0.9166666666666666,0.9166666666666666,0.88125,0.05803571428571428,0.9888947216732543,0.0078125,,64,0.34375,0.7513239809896332,38422.28076171875,0.5299083357676864,2.0,[]
gemma,FREE_OVERWRITE_s1,restore_after4,,0.008463541666666666,0.009152153326745719,0.421875,0.421875,0.9244791666666667,0.9244791666666667,0.8953125,0.0546875,0.9908478466732543,0.0078125,,64,0.3515625,0.7186740561231595,38279.41320800781,0.5297594405710697,5.0,[]
gemma,FREE_OVERWRITE_s1,overwrite,0.8385416666666667,0.010416666666666666,0.010416666666666666,0.359375,0.359375,0.9127604166666667,0.9127604166666667,0.8953125,0.015625,0.9895833333333334,0.0234375,,64,0.01953125,0.08185789212979462,40806.69192504883,0.5514615550637245,3.0,[]
gemma,FREE_OVERWRITE_s1,AB,0.8675130208333333,0.072265625,0.07412574404761904,0.3125,0.3125,0.8841145833333333,0.8841145833333333,0.8265625000000001,0.010416666666666666,0.9258742559523809,0.015625,,64,0.3255208333333333,0.6078125511865858,113139.85766601562,0.5559111433103681,2.0,[]
gemma,FREE_OVERWRITE_s1,BA,0.8675130208333333,0.072265625,0.07412574404761904,0.3125,0.3125,0.8841145833333333,0.8841145833333333,0.8265625000000001,0.010416666666666666,0.9258742559523809,0.015625,,64,0.3255208333333333,0.6078125511865858,113139.85766601562,0.5559111433103681,2.0,"[""AB""]"
gemma,FREE_OVERWRITE_s1,ABC,0.8727213541666666,0.12858072916666666,0.1433430284992785,0.1875,0.1875,0.8470052083333333,0.8575721153846154,0.778125,0.13177083333333334,0.8566569715007215,0.0390625,0.984375,64,0.3873697916666667,0.9440053967117237,183609.6824951172,0.5645021316595376,3.0,[]
gemma,FREE_OVERWRITE_s1,CBA,0.8727213541666666,0.12858072916666666,0.1433430284992785,0.1875,0.1875,0.8470052083333333,0.8575721153846154,0.778125,0.13177083333333334,0.8566569715007215,0.0390625,0.984375,64,0.3873697916666667,0.9440053967117237,183609.6824951172,0.5645021316595376,3.0,"[""ABC""]"
gemma,FREE_OVERWRITE_s1,AB_cross,0.7786458333333333,0.040364583333333336,0.040364583333333336,0.203125,0.171875,0.869140625,0.8743990384615385,0.840625,0.043750000000000004,0.9596354166666667,0.03125,0.9375,64,0.07356770833333333,0.3639788865259419,120276.5517578125,0.5556771173141897,2.0,[]
gemma,CONTINUED_AFFINE_s0,single,0.9479166666666667,0.03385416666666666,0.03385416666666666,0.578125,0.578125,0.9557291666666667,0.9557291666666667,0.9578125,0.0328125,0.9661458333333333,0.0234375,,64,0.0,0.0,134233.07299804688,0.0,1.0,[]
gemma,CONTINUED_AFFINE_s0,noop,,0.017578125,0.018934340235470096,0.65625,0.65625,0.966796875,0.966796875,0.9734375,0.03794642857142857,0.98106565976453,0.0078125,,64,0.4680989583333333,0.31756601131187406,126160.52099609375,0.0,1.0,[]
gemma,CONTINUED_AFFINE_s0,repeat2,0.8736979166666667,0.13411458333333334,0.13411458333333334,0.265625,0.265625,0.8697916666666667,0.8697916666666667,0.91875,0.14375,0.8658854166666666,0.11328125,,64,0.11588541666666667,0.7236352989098833,530153.6499023438,0.0,2.0,[]
gemma,CONTINUED_AFFINE_s0,repeat4,0.7903645833333333,0.2799479166666667,0.2802083333333334,0.109375,0.109375,0.7552083333333334,0.7552083333333334,0.85625,0.3015625,0.7197916666666667,0.27734375,,64,0.25,1.1882936421923016,2054931.693359375,0.0,4.0,[]
gemma,CONTINUED_AFFINE_s0,repeat8,0.7734375,0.34765625,0.34791666666666665,0.109375,0.109375,0.7122395833333333,0.7122395833333333,0.7984375,0.371875,0.6520833333333333,0.35546875,,64,0.2955729166666667,1.4311258981426438,7620470.140625,0.0,8.0,[]
gemma,CONTINUED_AFFINE_s0,restore,,0.18619791666666669,0.20818647955333577,0.171875,0.171875,0.7330729166666667,0.7330729166666667,0.5890625,0.16406249999999997,0.7918135204466641,0.015625,,64,0.24609375,1.7384194093929655,283766.8349609375,0.0,2.0,[]
gemma,CONTINUED_AFFINE_s0,restore_after4,,0.390625,0.4375196453767867,0.0,0.0,0.5240885416666667,0.5240885416666667,0.321875,0.33147321428571425,0.5624803546232132,0.13671875,,64,0.22721354166666666,2.579646190592873,2235347.62109375,0.0,5.0,[]
gemma,CONTINUED_AFFINE_s0,overwrite,0.81640625,0.0703125,0.07083333333333333,0.171875,0.171875,0.873046875,0.873046875,0.8828125,0.08125000000000002,0.9291666666666667,0.02734375,,64,0.15299479166666666,0.6775050236611264,708634.2900390625,0.0,3.0,[]
gemma,CONTINUED_AFFINE_s0,AB,0.923828125,0.06705729166666666,0.07302320075757576,0.4375,0.4375,0.927734375,0.927734375,0.9265625,0.033854166666666664,0.9269767992424243,0.0078125,,64,0.3548177083333333,0.39389694402638636,275905.1806640625,0.0,2.0,[]
gemma,CONTINUED_AFFINE_s0,BA,0.923828125,0.06705729166666666,0.07302320075757576,0.4375,0.4375,0.927734375,0.927734375,0.9265625,0.033854166666666664,0.9269767992424243,0.0078125,,64,0.3548177083333333,0.39389694402638636,275905.1806640625,0.0,2.0,"[""AB""]"
gemma,CONTINUED_AFFINE_s0,ABC,0.9391276041666666,0.09993489583333333,0.11404671717171716,0.359375,0.359375,0.9095052083333334,0.9104567307692308,0.89375,0.09010416666666667,0.8859532828282828,0.0234375,0.921875,64,0.4563802083333333,0.5884421696274748,420642.47314453125,0.0,3.0,[]
gemma,CONTINUED_AFFINE_s0,CBA,0.9391276041666666,0.09993489583333333,0.11404671717171716,0.359375,0.359375,0.9095052083333334,0.9104567307692308,0.89375,0.09010416666666667,0.8859532828282828,0.0234375,0.921875,64,0.4563802083333333,0.5884421696274748,420642.47314453125,0.0,3.0,"[""ABC""]"
gemma,CONTINUED_AFFINE_s0,AB_cross,0.8606770833333333,0.07421875,0.07421875,0.28125,0.28125,0.8932291666666667,0.9002403846153846,0.8703124999999999,0.07187500000000001,0.92578125,0.03515625,0.984375,64,0.0859375,0.401644969244181,275005.2119140625,0.0,2.0,[]
gemma,CONTINUED_AFFINE_s1,single,0.9270833333333333,0.024739583333333332,0.024739583333333332,0.515625,0.515625,0.951171875,0.951171875,0.9421875,0.0140625,0.9752604166666666,0.01171875,,64,0.0,0.0,146504.46997070312,0.0,1.0,[]
gemma,CONTINUED_AFFINE_s1,noop,,0.021484375,0.024238713291380623,0.578125,0.578125,0.9596354166666666,0.9596354166666666,0.9578125,0.0390625,0.9757612867086193,0.015625,,64,0.4524739583333333,0.3842615929606801,138591.56005859375,0.0,1.0,[]
gemma,CONTINUED_AFFINE_s1,repeat2,0.7096354166666667,0.028645833333333332,0.028645833333333332,0.3125,0.3125,0.8404947916666666,0.8404947916666666,0.75,0.034375,0.9713541666666667,0.00390625,,64,0.15364583333333334,0.6636159321799285,585290.0532226562,0.0,2.0,[]
gemma,CONTINUED_AFFINE_s1,repeat4,0.5286458333333333,0.078125,0.07838541666666667,0.015625,0.015625,0.724609375,0.724609375,0.5921875000000001,0.0875,0.9216145833333333,0.07421875,,64,0.2721354166666667,0.8720669663231545,2322669.171875,0.0,4.0,[]
gemma,CONTINUED_AFFINE_s1,repeat8,0.5364583333333334,0.29427083333333337,0.29453125,0.0,0.0,0.6204427083333334,0.6204427083333334,0.55,0.2875,0.70546875,0.30078125,,64,0.3919270833333333,1.0900415908395082,8787299.6015625,0.0,8.0,[]
gemma,CONTINUED_AFFINE_s1,restore,,0.228515625,0.2530656528948432,0.03125,0.03125,0.666015625,0.666015625,0.4671875,0.1919642857142857,0.7469343471051568,0.0,,64,0.17317708333333334,1.922307318620368,317198.80615234375,0.0,2.0,[]
gemma,CONTINUED_AFFINE_s1,restore_after4,,0.24739583333333331,0.2814272340855505,0.015625,0.015625,0.6731770833333334,0.6731770833333334,0.5796874999999999,0.26004464285714285,0.7185727659144494,0.140625,,64,0.3404947916666667,1.3321255153154812,2583262.19921875,0.0,5.0,[]
gemma,CONTINUED_AFFINE_s1,overwrite,0.5677083333333333,0.04687499999999999,0.04739583333333333,0.09375,0.09375,0.7604166666666667,0.7604166666666667,0.6296875,0.053125,0.9526041666666667,0.02734375,,64,0.23372395833333334,1.0230298588599602,777126.12109375,0.0,3.0,[]
gemma,CONTINUED_AFFINE_s1,AB,0.9378255208333333,0.052734375,0.056380208333333334,0.484375,0.484375,0.939453125,0.939453125,0.925,0.018229166666666664,0.9436197916666667,0.015625,,64,0.3528645833333333,0.355136652729513,291813.5498046875,0.0,2.0,[]
gemma,CONTINUED_AFFINE_s1,BA,0.9378255208333333,0.052734375,0.056380208333333334,0.484375,0.484375,0.939453125,0.939453125,0.925,0.018229166666666664,0.9436197916666667,0.015625,,64,0.3528645833333333,0.355136652729513,291813.5498046875,0.0,2.0,"[""AB""]"
gemma,CONTINUED_AFFINE_s1,ABC,0.9332682291666667,0.1083984375,0.1229076479076479,0.234375,0.234375,0.8971354166666667,0.9008413461538461,0.890625,0.11458333333333333,0.8770923520923521,0.03125,0.9453125,64,0.427734375,0.5481522913385023,440213.45556640625,0.0,3.0,[]
gemma,CONTINUED_AFFINE_s1,CBA,0.9332682291666667,0.1083984375,0.1229076479076479,0.234375,0.234375,0.8971354166666667,0.9008413461538461,0.890625,0.11458333333333333,0.8770923520923521,0.03125,0.9453125,64,0.427734375,0.5481522913385023,440213.45556640625,0.0,3.0,"[""ABC""]"
gemma,CONTINUED_AFFINE_s1,AB_cross,0.8268229166666666,0.044270833333333336,0.044270833333333336,0.25,0.25,0.8912760416666667,0.8984375,0.8546875,0.04375,0.9557291666666666,0.00390625,0.984375,64,0.10546875,0.4631783804013298,292332.99609375,0.0,2.0,[]
gemma,FROZEN_V2_CLAUSE_s0,single,0.8684895833333334,0.018229166666666664,0.018229166666666664,0.453125,0.453125,0.923828125,0.923828125,0.8921875,0.018750000000000003,0.9817708333333333,0.0078125,,64,0.0,0.0,137862.0831298828,0.0,1.0,[]
gemma,FROZEN_V2_CLAUSE_s0,noop,,0.001953125,0.002099802371541502,0.546875,0.546875,0.95703125,0.95703125,0.9359375,0.027901785714285712,0.9979001976284585,0.0,,64,0.4029947916666667,0.473121312737554,104016.94104003906,0.0,1.0,[]
gemma,FROZEN_V2_CLAUSE_s0,repeat2,0.8255208333333334,0.1015625,0.1015625,0.265625,0.265625,0.8606770833333333,0.8606770833333333,0.8703125,0.10468749999999999,0.8984375,0.04296875,,64,0.10611979166666667,0.5452496881201156,558703.75390625,0.0,2.0,[]
gemma,FROZEN_V2_CLAUSE_s0,repeat4,0.7057291666666666,0.23307291666666669,0.23307291666666669,0.109375,0.109375,0.7350260416666667,0.7350260416666667,0.7421875,0.2375,0.7669270833333334,0.23046875,,64,0.22135416666666666,1.165896410029499,2234184.330078125,0.0,4.0,[]
gemma,FROZEN_V2_CLAUSE_s0,repeat8,0.7057291666666667,0.23828125,0.23828125,0.109375,0.109375,0.7337239583333333,0.7337239583333333,0.7453125,0.23750000000000002,0.76171875,0.21484375,,64,0.23828125,1.2062189125966303,8596028.40625,0.0,8.0,[]
gemma,FROZEN_V2_CLAUSE_s0,restore,,0.14127604166666666,0.1578166406289303,0.09375,0.09375,0.7714843750000001,0.7714843750000001,0.653125,0.14397321428571427,0.8421833593710697,0.0,,64,0.22916666666666666,1.3596313863164866,271980.87744140625,0.0,2.0,[]
gemma,FROZEN_V2_CLAUSE_s0,restore_after4,,0.2890625,0.320311178605821,0.0,0.0,0.6145833333333333,0.6145833333333333,0.4203125,0.24665178571428567,0.679688821394179,0.11328125,,64,0.19596354166666666,2.272306347950078,2362231.0703125,0.0,5.0,[]
gemma,FROZEN_V2_CLAUSE_s0,overwrite,0.7473958333333334,0.007812499999999999,0.007812499999999999,0.265625,0.265625,0.8697916666666667,0.8697916666666667,0.8109375000000001,0.004687500000000001,0.9921875,0.0078125,,64,0.111328125,0.5079622874669146,690623.1875,0.0,3.0,[]
gemma,FROZEN_V2_CLAUSE_s0,AB,0.89453125,0.07356770833333333,0.07681107954545453,0.375,0.375,0.908203125,0.908203125,0.8703125,0.023437499999999997,0.9231889204545455,0.0078125,,64,0.3346354166666667,0.42400053087685546,278272.19384765625,0.0,2.0,[]
gemma,FROZEN_V2_CLAUSE_s0,BA,0.89453125,0.07356770833333333,0.07681107954545453,0.375,0.375,0.908203125,0.908203125,0.8703125,0.023437499999999997,0.9231889204545455,0.0078125,,64,0.3346354166666667,0.42400053087685546,278272.19384765625,0.0,2.0,"[""AB""]"
gemma,FROZEN_V2_CLAUSE_s0,ABC,0.8997395833333334,0.08203125,0.0930107435966811,0.421875,0.40625,0.8951822916666667,0.8984375,0.846875,0.078125,0.9069892564033188,0.01171875,0.9375,64,0.42578125,0.6723678457656845,421202.26708984375,0.0,3.0,[]
gemma,FROZEN_V2_CLAUSE_s0,CBA,0.8997395833333334,0.08203125,0.0930107435966811,0.421875,0.40625,0.8951822916666667,0.8984375,0.846875,0.078125,0.9069892564033188,0.01171875,0.9375,64,0.42578125,0.6723678457656845,421202.26708984375,0.0,3.0,"[""ABC""]"
gemma,FROZEN_V2_CLAUSE_s0,AB_cross,0.78515625,0.0390625,0.0390625,0.125,0.125,0.873046875,0.8816105769230769,0.803125,0.0390625,0.9609375,0.03515625,0.984375,64,0.10286458333333333,0.4624690070546104,278889.4833984375,0.0,2.0,[]
gemma,FROZEN_V2_CLAUSE_s1,single,0.87890625,0.0625,0.0625,0.34375,0.34375,0.9069010416666667,0.9069010416666667,0.9078124999999999,0.0578125,0.9375,0.0625,,64,0.0,0.0,144898.98974609375,0.0,1.0,[]
gemma,FROZEN_V2_CLAUSE_s1,noop,,0.026692708333333332,0.029713693355176478,0.390625,0.390625,0.9329427083333333,0.9329427083333333,0.921875,0.05915178571428571,0.9702863066448235,0.0234375,,64,0.4231770833333333,0.6116819048699943,123520.18493652344,0.0,1.0,[]
gemma,FROZEN_V2_CLAUSE_s1,repeat2,0.7109375,0.041666666666666664,0.041666666666666664,0.203125,0.203125,0.833984375,0.833984375,0.771875,0.0515625,0.9583333333333334,0.0234375,,64,0.1328125,0.5457454042436515,581572.4365234375,0.0,2.0,[]
gemma,FROZEN_V2_CLAUSE_s1,repeat4,0.48828125,0.10937499999999999,0.10937499999999999,0.015625,0.015625,0.6881510416666667,0.6881510416666667,0.5875,0.11875,0.890625,0.0625,,64,0.2890625,1.050486431426748,2323043.3828125,0.0,4.0,[]
gemma,FROZEN_V2_CLAUSE_s1,repeat8,0.52734375,0.20703125,0.20703125,0.0,0.0,0.6595052083333334,0.6595052083333334,0.5890625,0.2171875,0.79296875,0.19140625,,64,0.3359375,1.0253609242382875,8775988.84375,0.0,8.0,[]
gemma,FROZEN_V2_CLAUSE_s1,restore,,0.193359375,0.2151165277778992,0.03125,0.03125,0.7024739583333333,0.7024739583333333,0.5390625,0.1808035714285714,0.7848834722221009,0.0,,64,0.22265625,1.4382389682964292,286888.208984375,0.0,2.0,[]
gemma,FROZEN_V2_CLAUSE_s1,restore_after4,,0.205078125,0.23539701374035676,0.03125,0.03125,0.7350260416666666,0.7350260416666666,0.65,0.2042410714285714,0.7646029862596432,0.06640625,,64,0.3606770833333333,1.2834365563046386,2507950.6640625,0.0,5.0,[]
gemma,FROZEN_V2_CLAUSE_s1,overwrite,0.4453125,0.03515625,0.03567708333333333,0.015625,0.015625,0.7037760416666666,0.7037760416666666,0.546875,0.045312500000000006,0.9643229166666667,0.01953125,,64,0.2760416666666667,1.0975304400192603,739182.837890625,0.0,3.0,[]
gemma,FROZEN_V2_CLAUSE_s1,AB,0.8876953125,0.10481770833333334,0.10903172348484849,0.15625,0.15625,0.87109375,0.87109375,0.8546875,0.08333333333333333,0.8909682765151515,0.06640625,,64,0.2845052083333333,0.5523406589431991,290209.947265625,0.0,2.0,[]
gemma,FROZEN_V2_CLAUSE_s1,BA,0.8876953125,0.10481770833333334,0.10903172348484849,0.15625,0.15625,0.87109375,0.87109375,0.8546875,0.08333333333333333,0.8909682765151515,0.06640625,,64,0.2845052083333333,0.5523406589431991,290209.947265625,0.0,2.0,"[""AB""]"
gemma,FROZEN_V2_CLAUSE_s1,ABC,0.8772786458333333,0.13736979166666669,0.1500208558802309,0.125,0.125,0.8307291666666666,0.8317307692307692,0.8062499999999999,0.125,0.849979144119769,0.0703125,0.84375,64,0.314453125,0.9025639454620347,438511.814453125,0.0,3.0,[]
gemma,FROZEN_V2_CLAUSE_s1,CBA,0.8772786458333333,0.13736979166666669,0.1500208558802309,0.125,0.125,0.8307291666666666,0.8317307692307692,0.8062499999999999,0.125,0.849979144119769,0.0703125,0.84375,64,0.314453125,0.9025639454620347,438511.814453125,0.0,3.0,"[""ABC""]"
gemma,FROZEN_V2_CLAUSE_s1,AB_cross,0.7825520833333334,0.08723958333333333,0.08723958333333333,0.171875,0.140625,0.84765625,0.8521634615384615,0.809375,0.0859375,0.9127604166666667,0.05859375,0.90625,64,0.11002604166666667,0.4794038231899644,290731.47216796875,0.0,2.0,[]
gemma,FROZEN_V2_CLAUSE_FP32_s0,single,0.8684895833333334,0.018229166666666664,0.018229166666666664,0.453125,0.453125,0.923828125,0.923828125,0.8921875,0.018750000000000003,0.9817708333333333,0.0078125,,64,0.0,0.0,137862.0831298828,0.5609123897738755,1.0,[]
gemma,FROZEN_V2_CLAUSE_FP32_s0,noop,,0.001953125,0.002099802371541502,0.546875,0.546875,0.95703125,0.95703125,0.9359375,0.027901785714285712,0.9979001976284585,0.0,,64,0.4029947916666667,0.473121312737554,104016.94104003906,0.565487630199641,1.0,[]
gemma,FROZEN_V2_CLAUSE_FP32_s0,repeat2,0.8229166666666667,0.10546875,0.10546875,0.265625,0.265625,0.857421875,0.857421875,0.8671875,0.1078125,0.89453125,0.04296875,,64,0.10677083333333333,0.545564495841378,558708.9990234375,0.6732630524784327,2.0,[]
gemma,FROZEN_V2_CLAUSE_FP32_s0,repeat4,0.7044270833333333,0.23307291666666669,0.23307291666666669,0.109375,0.109375,0.734375,0.734375,0.7421875,0.2375,0.7669270833333334,0.23046875,,64,0.22200520833333334,1.1657727073768882,2234208.9609375,0.9877496967092156,4.0,[]
gemma,FROZEN_V2_CLAUSE_FP32_s0,repeat8,0.7057291666666667,0.23828125,0.23828125,0.109375,0.109375,0.7337239583333334,0.7337239583333334,0.7437499999999999,0.23593750000000002,0.76171875,0.21484375,,64,0.23828125,1.2052924644097658,8596329.65625,1.7686618100851774,8.0,[]
gemma,FROZEN_V2_CLAUSE_FP32_s0,restore,,0.142578125,0.15934193824797793,0.09375,0.09375,0.7701822916666667,0.7701822916666667,0.6515625,0.1450892857142857,0.8406580617520221,0.0,,64,0.22786458333333334,1.3609440113455922,271985.0224609375,0.589794413652271,2.0,[]
gemma,FROZEN_V2_CLAUSE_FP32_s0,restore_after4,,0.2897135416666667,0.32089119754521495,0.0,0.0,0.6139322916666667,0.6139322916666667,0.4171875,0.24553571428571425,0.6791088024547851,0.109375,,64,0.19401041666666666,2.274050239853736,2362272.525390625,1.0029282318428159,5.0,[]
gemma,FROZEN_V2_CLAUSE_FP32_s0,overwrite,0.74609375,0.007812499999999999,0.007812499999999999,0.25,0.25,0.869140625,0.869140625,0.809375,0.004687500000000001,0.9921875,0.0078125,,64,0.11067708333333333,0.507979608358184,690631.970703125,0.7002508621662855,3.0,[]
gemma,FROZEN_V2_CLAUSE_FP32_s0,AB,0.89453125,0.07356770833333333,0.07681107954545453,0.375,0.375,0.908203125,0.908203125,0.8703125,0.023437499999999997,0.9231889204545455,0.0078125,,64,0.3346354166666667,0.42400053087685546,278272.19384765625,0.5735828327015042,2.0,[]
gemma,FROZEN_V2_CLAUSE_FP32_s0,BA,0.89453125,0.07356770833333333,0.07681107954545453,0.375,0.375,0.908203125,0.908203125,0.8703125,0.023437499999999997,0.9231889204545455,0.0078125,,64,0.3346354166666667,0.42400053087685546,278272.19384765625,0.5735828327015042,2.0,"[""AB""]"
gemma,FROZEN_V2_CLAUSE_FP32_s0,ABC,0.8997395833333334,0.08203125,0.0930107435966811,0.421875,0.40625,0.8951822916666667,0.8984375,0.846875,0.078125,0.9069892564033188,0.01171875,0.9375,64,0.42578125,0.6723678457656845,421202.26708984375,0.579044955316931,3.0,[]
gemma,FROZEN_V2_CLAUSE_FP32_s0,CBA,0.8997395833333334,0.08203125,0.0930107435966811,0.421875,0.40625,0.8951822916666667,0.8984375,0.846875,0.078125,0.9069892564033188,0.01171875,0.9375,64,0.42578125,0.6723678457656845,421202.26708984375,0.579044955316931,3.0,"[""ABC""]"
gemma,FROZEN_V2_CLAUSE_FP32_s0,AB_cross,0.78515625,0.0390625,0.0390625,0.125,0.125,0.873046875,0.8816105769230769,0.803125,0.0390625,0.9609375,0.03515625,0.984375,64,0.10286458333333333,0.4624690070546104,278889.4833984375,0.569089234340936,2.0,[]
gemma,FROZEN_V2_CLAUSE_FP32_s1,single,0.87890625,0.0625,0.0625,0.34375,0.34375,0.9069010416666667,0.9069010416666667,0.9078124999999999,0.0578125,0.9375,0.0625,,64,0.0,0.0,144898.98974609375,0.5334396352991462,1.0,[]
gemma,FROZEN_V2_CLAUSE_FP32_s1,noop,,0.026692708333333332,0.029713693355176478,0.390625,0.390625,0.9329427083333333,0.9329427083333333,0.921875,0.05915178571428571,0.9702863066448235,0.0234375,,64,0.4231770833333333,0.6116819048699943,123520.18493652344,0.5203970274887979,1.0,[]
gemma,FROZEN_V2_CLAUSE_FP32_s1,repeat2,0.7096354166666667,0.0390625,0.0390625,0.203125,0.203125,0.8346354166666666,0.8346354166666666,0.7703125,0.0484375,0.9609375,0.01953125,,64,0.13346354166666666,0.5466952761776795,581575.162109375,0.6643260447308421,2.0,[]
gemma,FROZEN_V2_CLAUSE_FP32_s1,repeat4,0.4921875,0.10677083333333333,0.10677083333333333,0.0,0.0,0.69140625,0.69140625,0.5921875,0.115625,0.8932291666666666,0.05859375,,64,0.2858072916666667,1.0500362460502142,2323029.34765625,0.9873067801818252,4.0,[]
gemma,FROZEN_V2_CLAUSE_FP32_s1,repeat8,0.5299479166666666,0.20572916666666669,0.20572916666666669,0.0,0.0,0.6614583333333333,0.6614583333333333,0.5921875,0.215625,0.7942708333333334,0.1875,,64,0.3352864583333333,1.0235089340012162,8775610.46875,1.7855348214507103,8.0,[]
gemma,FROZEN_V2_CLAUSE_FP32_s1,restore,,0.19270833333333331,0.2144063005051719,0.03125,0.03125,0.703125,0.703125,0.540625,0.1808035714285714,0.785593699494828,0.0,,64,0.22200520833333334,1.4371649682458216,286882.67529296875,0.6005499046295881,2.0,[]
gemma,FROZEN_V2_CLAUSE_FP32_s1,restore_after4,,0.20377604166666666,0.23367640362130915,0.03125,0.03125,0.736328125,0.736328125,0.65,0.20200892857142855,0.7663235963786909,0.06640625,,64,0.3606770833333333,1.2848759816466284,2507930.09765625,1.0138563448563218,5.0,[]
gemma,FROZEN_V2_CLAUSE_FP32_s1,overwrite,0.44661458333333337,0.037760416666666664,0.038281249999999996,0.015625,0.015625,0.703125,0.703125,0.546875,0.0484375,0.96171875,0.01953125,,64,0.2766927083333333,1.09777393652071,739181.73046875,0.6941191991791129,3.0,[]
gemma,FROZEN_V2_CLAUSE_FP32_s1,AB,0.8876953125,0.10481770833333334,0.10903172348484849,0.15625,0.15625,0.87109375,0.87109375,0.8546875,0.08333333333333333,0.8909682765151515,0.06640625,,64,0.2845052083333333,0.5523406589431991,290209.947265625,0.546814888715744,2.0,[]
gemma,FROZEN_V2_CLAUSE_FP32_s1,BA,0.8876953125,0.10481770833333334,0.10903172348484849,0.15625,0.15625,0.87109375,0.87109375,0.8546875,0.08333333333333333,0.8909682765151515,0.06640625,,64,0.2845052083333333,0.5523406589431991,290209.947265625,0.546814888715744,2.0,"[""AB""]"
gemma,FROZEN_V2_CLAUSE_FP32_s1,ABC,0.8772786458333333,0.13736979166666669,0.1500208558802309,0.125,0.125,0.8307291666666666,0.8317307692307692,0.8062499999999999,0.125,0.849979144119769,0.0703125,0.84375,64,0.314453125,0.9025639454620347,438511.814453125,0.5660634296946228,3.0,[]
gemma,FROZEN_V2_CLAUSE_FP32_s1,CBA,0.8772786458333333,0.13736979166666669,0.1500208558802309,0.125,0.125,0.8307291666666666,0.8317307692307692,0.8062499999999999,0.125,0.849979144119769,0.0703125,0.84375,64,0.314453125,0.9025639454620347,438511.814453125,0.5660634296946228,3.0,"[""ABC""]"
gemma,FROZEN_V2_CLAUSE_FP32_s1,AB_cross,0.7825520833333334,0.08723958333333333,0.08723958333333333,0.171875,0.140625,0.84765625,0.8521634615384615,0.809375,0.0859375,0.9127604166666667,0.05859375,0.90625,64,0.11002604166666667,0.4794038231899644,290731.47216796875,0.5471790409646928,2.0,[]
gemma,FROZEN_V2_TAIL_s0,single,0.8828125,0.07942708333333333,0.07994791666666666,0.34375,0.34375,0.9016927083333334,0.9016927083333334,0.9062499999999999,0.06718750000000001,0.9200520833333333,0.0546875,,64,0.0,0.0,1354224.01171875,0.0,1.0,[]
gemma,FROZEN_V2_TAIL_s0,noop,,0.04296875,0.04678251063986547,0.453125,0.453125,0.9407552083333333,0.9407552083333333,0.965625,0.07700892857142856,0.9532174893601346,0.09375,,64,0.5208333333333334,0.5289839349383693,1334526.0439453125,0.0,1.0,[]
gemma,FROZEN_V2_TAIL_s0,repeat2,0.83984375,0.37760416666666663,0.37864583333333335,0.046875,0.046875,0.7311197916666666,0.7311197916666666,0.8125,0.371875,0.6213541666666667,0.37890625,,64,0.20052083333333334,0.9045338027799493,5417223.70703125,0.0,2.0,[]
gemma,FROZEN_V2_TAIL_s0,repeat4,0.7057291666666667,0.42057291666666663,0.42161458333333335,0.0,0.0,0.642578125,0.642578125,0.7453125,0.453125,0.5783854166666667,0.52734375,,64,0.3268229166666667,1.1905988698602172,21649268.03125,0.0,4.0,[]
gemma,FROZEN_V2_TAIL_s0,repeat8,0.7174479166666667,0.48046875,0.48151041666666666,0.015625,0.015625,0.6178385416666666,0.6178385416666666,0.7265625,0.5,0.5184895833333334,0.53125,,64,0.3450520833333333,1.224057566440121,86123840.4375,0.0,8.0,[]
gemma,FROZEN_V2_TAIL_s0,restore,,0.1171875,0.13049111202907243,0.21875,0.21875,0.814453125,0.814453125,0.7359374999999999,0.1294642857142857,0.8695088879709276,0.00390625,,64,0.3307291666666667,0.9057539255655082,2894440.62890625,0.0,2.0,[]
gemma,FROZEN_V2_TAIL_s0,restore_after4,,0.4016927083333333,0.45470929664945514,0.015625,0.015625,0.5286458333333333,0.5286458333333333,0.475,0.4330357142857143,0.5452907033505449,0.4375,,64,0.337890625,1.6704125161571923,23763004.859375,0.0,5.0,[]
gemma,FROZEN_V2_TAIL_s0,overwrite,0.70703125,0.3098958333333333,0.3109375,0.046875,0.046875,0.6985677083333334,0.6985677083333334,0.7296875,0.32656250000000003,0.6890624999999999,0.34765625,,64,0.234375,0.9227076995110437,7135373.3671875,0.0,3.0,[]
gemma,FROZEN_V2_TAIL_s0,AB,0.8447265625,0.18424479166666666,0.2005580357142857,0.125,0.125,0.8463541666666667,0.8463541666666667,0.875,0.1640625,0.7994419642857142,0.140625,,64,0.3118489583333333,0.6332758486511025,2651642.9765625,0.0,2.0,[]
gemma,FROZEN_V2_TAIL_s0,BA,0.8395182291666666,0.17903645833333334,0.1953497023809524,0.140625,0.140625,0.845703125,0.845703125,0.8796875,0.1640625,0.8046502976190476,0.140625,,64,0.3111979166666667,0.6352425483436098,2654584.302734375,0.0,2.0,[]
gemma,FROZEN_V2_TAIL_s0,ABC,0.8310546875,0.3134765625,0.35523257124819624,0.046875,0.03125,0.759765625,0.7596153846153846,0.815625,0.34010416666666665,0.6447674287518037,0.24609375,0.7578125,64,0.3255208333333333,1.2025712999844724,4693338.08203125,0.0,3.0,[]
gemma,FROZEN_V2_TAIL_s0,CBA,0.8317057291666666,0.3108723958333333,0.3531492379148629,0.046875,0.03125,0.7604166666666667,0.7590144230769231,0.8171875,0.3390625,0.646850762085137,0.2421875,0.7421875,64,0.322265625,1.2031508162532347,4706106.21875,0.0,3.0,[]
gemma,FROZEN_V2_TAIL_s0,AB_cross,0.83984375,0.15494791666666666,0.15598958333333332,0.140625,0.140625,0.8424479166666667,0.84375,0.8640625,0.1484375,0.8440104166666667,0.16796875,0.859375,64,0.12044270833333333,0.5522364393635518,2755210.232421875,0.0,2.0,[]
gemma,FROZEN_V2_TAIL_s1,single,0.91796875,0.03255208333333333,0.03255208333333333,0.484375,0.484375,0.9420572916666667,0.9420572916666667,0.953125,0.034375,0.9674479166666667,0.01953125,,64,0.0,0.0,1349465.2099609375,0.0,1.0,[]
gemma,FROZEN_V2_TAIL_s1,noop,,0.072265625,0.08133118833094224,0.40625,0.40625,0.91015625,0.91015625,0.94375,0.1138392857142857,0.9186688116690578,0.0234375,,64,0.4576822916666667,0.6950179941598501,1325379.6123046875,0.0,1.0,[]
gemma,FROZEN_V2_TAIL_s1,repeat2,0.6940104166666666,0.34375,0.34479166666666666,0.0,0.0,0.6751302083333334,0.6751302083333334,0.7359375,0.3375,0.6552083333333334,0.27734375,,64,0.30859375,1.3635615050485133,5374131.24609375,0.0,2.0,[]
gemma,FROZEN_V2_TAIL_s1,repeat4,0.46354166666666674,0.33072916666666663,0.33177083333333335,0.0,0.0,0.56640625,0.56640625,0.5562500000000001,0.3890625,0.6682291666666667,0.484375,,64,0.423828125,1.7405688905252437,21152405.59375,0.0,4.0,[]
gemma,FROZEN_V2_TAIL_s1,repeat8,0.40104166666666663,0.43359375,0.4348958333333333,0.0,0.0,0.48307291666666674,0.48307291666666674,0.4671875,0.46406249999999993,0.5651041666666667,0.50390625,,64,0.5071614583333334,1.6475213239025475,78446254.3125,0.0,8.0,[]
gemma,FROZEN_V2_TAIL_s1,restore,,0.248046875,0.28250868423547393,0.03125,0.03125,0.689453125,0.689453125,0.5640625,0.22098214285714285,0.7174913157645261,0.1015625,,64,0.3020833333333333,1.6243375063797316,2720974.8203125,0.0,2.0,[]
gemma,FROZEN_V2_TAIL_s1,restore_after4,,0.2819010416666667,0.3303560383125842,0.0,0.0,0.673828125,0.673828125,0.7625,0.3895089285714285,0.6696439616874158,0.49609375,,64,0.52734375,1.3698493012552813,22544971.9375,0.0,5.0,[]
gemma,FROZEN_V2_TAIL_s1,overwrite,0.5520833333333333,0.38411458333333326,0.3846354166666666,0.0,0.0,0.583984375,0.583984375,0.634375,0.41093750000000007,0.6153645833333333,0.47265625,,64,0.4205729166666667,1.7980179923618873,6788332.30859375,0.0,3.0,[]
gemma,FROZEN_V2_TAIL_s1,AB,0.8219401041666667,0.12499999999999999,0.13757271374458874,0.1875,0.1875,0.8326822916666666,0.8326822916666666,0.84375,0.125,0.8624272862554112,0.12890625,,64,0.3346354166666667,0.6351603583459328,2535538.17578125,0.0,2.0,[]
gemma,FROZEN_V2_TAIL_s1,BA,0.8199869791666666,0.12434895833333333,0.13733709866522367,0.171875,0.171875,0.8313802083333333,0.8313802083333333,0.840625,0.12760416666666666,0.8626629013347763,0.13671875,,64,0.3372395833333333,0.6389669389392859,2526882.28125,0.0,2.0,[]
gemma,FROZEN_V2_TAIL_s1,ABC,0.7734375,0.21940104166666663,0.24772050865800865,0.03125,0.03125,0.7408854166666666,0.7325721153846154,0.8015625,0.30833333333333335,0.7522794913419912,0.2734375,0.6328125,64,0.3548177083333333,1.1640236048312573,4413502.30078125,0.0,3.0,[]
gemma,FROZEN_V2_TAIL_s1,CBA,0.775390625,0.21484374999999997,0.24328158820346318,0.046875,0.046875,0.7447916666666667,0.7373798076923077,0.803125,0.3026041666666667,0.7567184117965368,0.26953125,0.6484375,64,0.357421875,1.163294762693539,4374927.07421875,0.0,3.0,[]
gemma,FROZEN_V2_TAIL_s1,AB_cross,0.7799479166666666,0.13671875,0.13776041666666666,0.140625,0.109375,0.8209635416666667,0.8203125,0.840625,0.15,0.8622395833333333,0.14453125,0.8125,64,0.1640625,0.6973061420328222,2628375.048828125,0.0,2.0,[]
gemma,CANONICAL_V2_s0,single,0.8684895833333334,0.018229166666666664,0.018229166666666664,0.453125,0.453125,0.923828125,0.923828125,0.8921875,0.018750000000000003,0.9817708333333333,0.0078125,,64,0.0,0.0,137862.0831298828,0.0,1.0,[]
gemma,CANONICAL_V2_s0,noop,,0.001953125,0.002099802371541502,0.546875,0.546875,0.95703125,0.95703125,0.9359375,0.027901785714285712,0.9979001976284585,0.0,,64,0.4029947916666667,0.473121312737554,104016.94104003906,0.0,1.0,[]
gemma,CANONICAL_V2_s0,repeat2,0.8684895833333334,0.018229166666666664,0.018229166666666664,0.453125,0.453125,0.923828125,0.923828125,0.8921875,0.018750000000000003,0.9817708333333333,0.0078125,,64,0.0,0.0,137862.0831298828,0.0,1.0,"[""single""]"
gemma,CANONICAL_V2_s0,repeat4,0.8684895833333334,0.018229166666666664,0.018229166666666664,0.453125,0.453125,0.923828125,0.923828125,0.8921875,0.018750000000000003,0.9817708333333333,0.0078125,,64,0.0,0.0,137862.0831298828,0.0,1.0,"[""single""]"
gemma,CANONICAL_V2_s0,repeat8,0.8684895833333334,0.018229166666666664,0.018229166666666664,0.453125,0.453125,0.923828125,0.923828125,0.8921875,0.018750000000000003,0.9817708333333333,0.0078125,,64,0.0,0.0,137862.0831298828,0.0,1.0,"[""single""]"
gemma,CANONICAL_V2_s0,restore,,0.001953125,0.002099802371541502,0.546875,0.546875,0.95703125,0.95703125,0.9359375,0.027901785714285712,0.9979001976284585,0.0,,64,0.4029947916666667,0.473121312737554,104016.94104003906,0.0,1.0,"[""noop""]"
gemma,CANONICAL_V2_s0,restore_after4,,0.001953125,0.002099802371541502,0.546875,0.546875,0.95703125,0.95703125,0.9359375,0.027901785714285712,0.9979001976284585,0.0,,64,0.4029947916666667,0.473121312737554,104016.94104003906,0.0,1.0,"[""noop""]"
gemma,CANONICAL_V2_s0,overwrite,0.8684895833333334,0.018229166666666664,0.018229166666666664,0.453125,0.453125,0.923828125,0.923828125,0.8921875,0.018750000000000003,0.9817708333333333,0.0078125,,64,0.0,0.0,137862.0831298828,0.0,1.0,"[""single""]"
gemma,CANONICAL_V2_s0,AB,0.89453125,0.07356770833333333,0.07681107954545453,0.375,0.375,0.908203125,0.908203125,0.8703125,0.023437499999999997,0.9231889204545455,0.0078125,,64,0.3346354166666667,0.42400053087685546,278272.19384765625,0.0,2.0,[]
gemma,CANONICAL_V2_s0,BA,0.89453125,0.07356770833333333,0.07681107954545453,0.375,0.375,0.908203125,0.908203125,0.8703125,0.023437499999999997,0.9231889204545455,0.0078125,,64,0.3346354166666667,0.42400053087685546,278272.19384765625,0.0,2.0,"[""AB""]"
gemma,CANONICAL_V2_s0,ABC,0.8997395833333334,0.08203125,0.0930107435966811,0.421875,0.40625,0.8951822916666667,0.8984375,0.846875,0.078125,0.9069892564033188,0.01171875,0.9375,64,0.42578125,0.6723678457656845,421202.26708984375,0.0,3.0,[]
gemma,CANONICAL_V2_s0,CBA,0.8997395833333334,0.08203125,0.0930107435966811,0.421875,0.40625,0.8951822916666667,0.8984375,0.846875,0.078125,0.9069892564033188,0.01171875,0.9375,64,0.42578125,0.6723678457656845,421202.26708984375,0.0,3.0,"[""ABC""]"
gemma,CANONICAL_V2_s0,AB_cross,0.78515625,0.0390625,0.0390625,0.125,0.125,0.873046875,0.8816105769230769,0.803125,0.0390625,0.9609375,0.03515625,0.984375,64,0.10286458333333333,0.4624690070546104,278889.4833984375,0.0,2.0,[]
gemma,CANONICAL_V2_s1,single,0.87890625,0.0625,0.0625,0.34375,0.34375,0.9069010416666667,0.9069010416666667,0.9078124999999999,0.0578125,0.9375,0.0625,,64,0.0,0.0,144898.98974609375,0.0,1.0,[]
gemma,CANONICAL_V2_s1,noop,,0.026692708333333332,0.029713693355176478,0.390625,0.390625,0.9329427083333333,0.9329427083333333,0.921875,0.05915178571428571,0.9702863066448235,0.0234375,,64,0.4231770833333333,0.6116819048699943,123520.18493652344,0.0,1.0,[]
gemma,CANONICAL_V2_s1,repeat2,0.87890625,0.0625,0.0625,0.34375,0.34375,0.9069010416666667,0.9069010416666667,0.9078124999999999,0.0578125,0.9375,0.0625,,64,0.0,0.0,144898.98974609375,0.0,1.0,"[""single""]"
gemma,CANONICAL_V2_s1,repeat4,0.87890625,0.0625,0.0625,0.34375,0.34375,0.9069010416666667,0.9069010416666667,0.9078124999999999,0.0578125,0.9375,0.0625,,64,0.0,0.0,144898.98974609375,0.0,1.0,"[""single""]"
gemma,CANONICAL_V2_s1,repeat8,0.87890625,0.0625,0.0625,0.34375,0.34375,0.9069010416666667,0.9069010416666667,0.9078124999999999,0.0578125,0.9375,0.0625,,64,0.0,0.0,144898.98974609375,0.0,1.0,"[""single""]"
gemma,CANONICAL_V2_s1,restore,,0.026692708333333332,0.029713693355176478,0.390625,0.390625,0.9329427083333333,0.9329427083333333,0.921875,0.05915178571428571,0.9702863066448235,0.0234375,,64,0.4231770833333333,0.6116819048699943,123520.18493652344,0.0,1.0,"[""noop""]"
gemma,CANONICAL_V2_s1,restore_after4,,0.026692708333333332,0.029713693355176478,0.390625,0.390625,0.9329427083333333,0.9329427083333333,0.921875,0.05915178571428571,0.9702863066448235,0.0234375,,64,0.4231770833333333,0.6116819048699943,123520.18493652344,0.0,1.0,"[""noop""]"
gemma,CANONICAL_V2_s1,overwrite,0.87890625,0.0625,0.0625,0.34375,0.34375,0.9069010416666667,0.9069010416666667,0.9078124999999999,0.0578125,0.9375,0.0625,,64,0.0,0.0,144898.98974609375,0.0,1.0,"[""single""]"
gemma,CANONICAL_V2_s1,AB,0.8876953125,0.10481770833333334,0.10903172348484849,0.15625,0.15625,0.87109375,0.87109375,0.8546875,0.08333333333333333,0.8909682765151515,0.06640625,,64,0.2845052083333333,0.5523406589431991,290209.947265625,0.0,2.0,[]
gemma,CANONICAL_V2_s1,BA,0.8876953125,0.10481770833333334,0.10903172348484849,0.15625,0.15625,0.87109375,0.87109375,0.8546875,0.08333333333333333,0.8909682765151515,0.06640625,,64,0.2845052083333333,0.5523406589431991,290209.947265625,0.0,2.0,"[""AB""]"
gemma,CANONICAL_V2_s1,ABC,0.8772786458333333,0.13736979166666669,0.1500208558802309,0.125,0.125,0.8307291666666666,0.8317307692307692,0.8062499999999999,0.125,0.849979144119769,0.0703125,0.84375,64,0.314453125,0.9025639454620347,438511.814453125,0.0,3.0,[]
gemma,CANONICAL_V2_s1,CBA,0.8772786458333333,0.13736979166666669,0.1500208558802309,0.125,0.125,0.8307291666666666,0.8317307692307692,0.8062499999999999,0.125,0.849979144119769,0.0703125,0.84375,64,0.314453125,0.9025639454620347,438511.814453125,0.0,3.0,"[""ABC""]"
gemma,CANONICAL_V2_s1,AB_cross,0.7825520833333334,0.08723958333333333,0.08723958333333333,0.171875,0.140625,0.84765625,0.8521634615384615,0.809375,0.0859375,0.9127604166666667,0.05859375,0.90625,64,0.11002604166666667,0.4794038231899644,290731.47216796875,0.0,2.0,[]
qwen,SOURCE,single,0.25260416666666663,0.0,0.0,0.0,0.0,0.6041666666666666,0.6041666666666666,0.38749999999999996,0.04375,1.0,0.0,,32,0.0,0.0,,,,[]
qwen,SOURCE,noop,,0.0,0.0,0.15625,0.15625,0.8515625,0.8515625,0.79375,0.10714285714285714,1.0,0.0,,32,0.0,8.26087469628112,,,,[]
qwen,SOURCE,repeat2,0.25260416666666663,0.0,0.0,0.0,0.0,0.6041666666666666,0.6041666666666666,0.38749999999999996,0.04375,1.0,0.0,,32,0.0,0.0,,,,[]
qwen,SOURCE,repeat4,0.25260416666666663,0.0,0.0,0.0,0.0,0.6041666666666666,0.6041666666666666,0.38749999999999996,0.04375,1.0,0.0,,32,0.0,0.0,,,,[]
qwen,SOURCE,repeat8,0.25260416666666663,0.0,0.0,0.0,0.0,0.6041666666666666,0.6041666666666666,0.38749999999999996,0.04375,1.0,0.0,,32,0.0,0.0,,,,[]
qwen,SOURCE,restore,,0.0,0.0,0.15625,0.15625,0.8515625,0.8515625,0.79375,0.10714285714285714,1.0,0.0,,32,0.0,8.26087469628112,,,,[]
qwen,SOURCE,restore_after4,,0.0,0.0,0.15625,0.15625,0.8515625,0.8515625,0.79375,0.10714285714285714,1.0,0.0,,32,0.0,8.26087469628112,,,,[]
qwen,SOURCE,overwrite,0.25260416666666663,0.0,0.0,0.0,0.0,0.6041666666666666,0.6041666666666666,0.38749999999999996,0.04375,1.0,0.0,,32,0.0,0.0,,,,[]
qwen,SOURCE,AB,0.1640625,0.0,0.0,0.0,0.0,0.453125,0.453125,0.40625,0.057291666666666664,1.0,0.0,,32,0.0,6.492586664440367,,,,[]
qwen,SOURCE,BA,0.1640625,0.0,0.0,0.0,0.0,0.453125,0.453125,0.40625,0.057291666666666664,1.0,0.0,,32,0.0,6.492586664440367,,,,[]
qwen,SOURCE,ABC,0.13671875,0.0,0.0,0.0,0.0,0.4934895833333333,0.4555288461538462,0.40625,0.13854166666666667,1.0,0.0,0.0,32,0.0013020833333333333,9.373425558694207,,,,[]
qwen,SOURCE,CBA,0.13671875,0.0,0.0,0.0,0.0,0.4934895833333333,0.4555288461538462,0.40625,0.13854166666666667,1.0,0.0,0.0,32,0.0013020833333333333,9.373425558694207,,,,[]
qwen,SOURCE,AB_cross,0.25260416666666663,0.0,0.0,0.0,0.0,0.60546875,0.5612980769230769,0.38749999999999996,0.040624999999999994,1.0,0.0,0.03125,32,0.0013020833333333333,0.002718073757124776,,,,[]
qwen,NATURAL_FINAL_WORLD,single,0.7109375,0.013020833333333332,0.013778409090909091,0.09375,0.09375,0.8385416666666667,0.8385416666666667,0.784375,0.03125,0.9862215909090908,0.0625,,32,0.0,0.0,,,,[]
qwen,NATURAL_FINAL_WORLD,noop,,0.0,0.0,0.15625,0.15625,0.8515625,0.8515625,0.79375,0.10714285714285714,1.0,0.0,,32,0.2552083333333333,3.634031023209099,,,,[]
qwen,NATURAL_FINAL_WORLD,repeat2,0.7109375,0.013020833333333332,0.013778409090909091,0.09375,0.09375,0.8385416666666667,0.8385416666666667,0.784375,0.03125,0.9862215909090908,0.0625,,32,0.0,0.0,,,,[]
qwen,NATURAL_FINAL_WORLD,repeat4,0.7109375,0.013020833333333332,0.013778409090909091,0.09375,0.09375,0.8385416666666667,0.8385416666666667,0.784375,0.03125,0.9862215909090908,0.0625,,32,0.0,0.0,,,,[]
qwen,NATURAL_FINAL_WORLD,repeat8,0.7109375,0.013020833333333332,0.013778409090909091,0.09375,0.09375,0.8385416666666667,0.8385416666666667,0.784375,0.03125,0.9862215909090908,0.0625,,32,0.0,0.0,,,,[]
qwen,NATURAL_FINAL_WORLD,restore,,0.0,0.0,0.15625,0.15625,0.8515625,0.8515625,0.79375,0.10714285714285714,1.0,0.0,,32,0.2552083333333333,3.634031023209099,,,,[]
qwen,NATURAL_FINAL_WORLD,restore_after4,,0.0,0.0,0.15625,0.15625,0.8515625,0.8515625,0.79375,0.10714285714285714,1.0,0.0,,32,0.2552083333333333,3.634031023209099,,,,[]
qwen,NATURAL_FINAL_WORLD,overwrite,0.7109375,0.013020833333333332,0.013778409090909091,0.09375,0.09375,0.8385416666666667,0.8385416666666667,0.784375,0.03125,0.9862215909090908,0.0625,,32,0.0,0.0,,,,[]
qwen,NATURAL_FINAL_WORLD,AB,0.798828125,0.0703125,0.07823660714285713,0.1875,0.1875,0.8346354166666666,0.8346354166666666,0.8125,0.041666666666666664,0.9217633928571429,0.0390625,,32,0.31640625,2.526736292817666,,,,[]
qwen,NATURAL_FINAL_WORLD,BA,0.798828125,0.0703125,0.07823660714285713,0.1875,0.1875,0.8346354166666666,0.8346354166666666,0.8125,0.041666666666666664,0.9217633928571429,0.0390625,,32,0.31640625,2.526736292817666,,,,[]
qwen,NATURAL_FINAL_WORLD,ABC,0.8639322916666667,0.11263020833333333,0.13137903762903763,0.125,0.125,0.8411458333333334,0.8521634615384617,0.828125,0.16874999999999998,0.8686209623709624,0.0546875,0.984375,32,0.3828125,3.4444917187079,,,,[]
qwen,NATURAL_FINAL_WORLD,CBA,0.8639322916666667,0.11263020833333333,0.13137903762903763,0.125,0.125,0.8411458333333334,0.8521634615384617,0.828125,0.16874999999999998,0.8686209623709624,0.0546875,0.984375,32,0.3828125,3.4444917187079,,,,[]
qwen,NATURAL_FINAL_WORLD,AB_cross,0.6927083333333333,0.03125,0.03328598484848484,0.15625,0.15625,0.82421875,0.8353365384615384,0.775,0.04062500000000001,0.9667140151515151,0.0546875,0.96875,32,0.06901041666666667,0.9460313826904976,,,,[]
qwen,TEXT_CORRECTION_SEQ,single,0.7630208333333333,0.06249999999999999,0.0652935606060606,0.03125,0.03125,0.84375,0.84375,0.8375,0.08125,0.9347064393939394,0.1171875,,32,0.0,0.0,,,,[]
qwen,TEXT_CORRECTION_SEQ,noop,,0.04036458333333333,0.045716951098100984,0.09375,0.09375,0.8776041666666666,0.8776041666666666,0.86875,0.11607142857142858,0.954283048901899,0.0859375,,32,0.40625,1.9413842667862606,,,,[]
qwen,TEXT_CORRECTION_SEQ,repeat2,0.78125,0.09375,0.09848484848484848,0.03125,0.03125,0.8346354166666667,0.8346354166666667,0.8374999999999999,0.115625,0.9015151515151516,0.109375,,32,0.04296875,0.6098332843892041,,,,[]
qwen,TEXT_CORRECTION_SEQ,repeat4,0.8098958333333334,0.11197916666666667,0.1178030303030303,0.09375,0.09375,0.84375,0.84375,0.85,0.13124999999999998,0.8821969696969697,0.15625,,32,0.07552083333333333,0.796186986625184,,,,[]
qwen,TEXT_CORRECTION_SEQ,repeat8,0.8203125,0.12760416666666669,0.1334280303030303,0.09375,0.09375,0.83984375,0.83984375,0.853125,0.140625,0.8665719696969697,0.1640625,,32,0.10026041666666667,0.9610850165355909,,,,[]
qwen,TEXT_CORRECTION_SEQ,restore,,0.0859375,0.09836184808721699,0.03125,0.03125,0.83984375,0.83984375,0.83125,0.15401785714285715,0.901638151912783,0.15625,,32,0.4361979166666667,1.953615338633777,,,,[]
qwen,TEXT_CORRECTION_SEQ,restore_after4,,0.17057291666666669,0.20258867337587555,0.0,0.0,0.7239583333333333,0.7239583333333333,0.621875,0.203125,0.7974113266241244,0.1875,,32,0.2838541666666667,3.454809570239654,,,,[]
qwen,TEXT_CORRECTION_SEQ,overwrite,0.5130208333333334,0.0859375,0.08931502525252524,0.0,0.0,0.7083333333333334,0.7083333333333334,0.6375,0.10625000000000001,0.9106849747474748,0.1875,,32,0.19010416666666666,1.859794158969982,,,,[]
qwen,TEXT_CORRECTION_SEQ,AB,0.84765625,0.11718749999999999,0.13560267857142858,0.0625,0.0625,0.8502604166666666,0.8502604166666666,0.871875,0.10937499999999999,0.8643973214285714,0.1484375,,32,0.25390625,1.7844219302622168,,,,[]
qwen,TEXT_CORRECTION_SEQ,BA,0.833984375,0.11197916666666666,0.13117559523809524,0.0625,0.0625,0.8463541666666666,0.8463541666666666,0.8687499999999999,0.09895833333333333,0.8688244047619047,0.1328125,,32,0.2526041666666667,1.940661484423951,,,,[]
qwen,TEXT_CORRECTION_SEQ,ABC,0.8763020833333333,0.18880208333333331,0.22650752025752025,0.0,0.0,0.8125,0.8233173076923077,0.8625,0.27604166666666663,0.7734924797424798,0.21875,0.953125,32,0.2994791666666667,2.9019983237389297,,,,[]
qwen,TEXT_CORRECTION_SEQ,CBA,0.8619791666666666,0.171875,0.20809659090909088,0.0,0.0,0.8138020833333334,0.8149038461538461,0.85625,0.2635416666666667,0.7919034090909091,0.1796875,0.828125,32,0.2825520833333333,3.0007382524913937,,,,[]
qwen,TEXT_CORRECTION_SEQ,AB_cross,0.7447916666666665,0.16145833333333331,0.16624053030303032,0.0,0.0,0.7864583333333334,0.8028846153846154,0.80625,0.18125000000000002,0.8337594696969697,0.1171875,1.0,32,0.10416666666666667,1.2545979708416624,,,,[]
qwen,INVARIANT_SET_s0,single,0.8697916666666667,0.078125,0.07964015151515151,0.25,0.25,0.8854166666666667,0.8854166666666667,0.89375,0.0875,0.9203598484848484,0.0859375,,32,0.0,0.0,3721.3887634277344,0.13360234815627337,1.0,[]
qwen,INVARIANT_SET_s0,noop,,0.04036458333333333,0.04918463298397509,0.28125,0.28125,0.9153645833333333,0.9153645833333333,0.9375,0.10044642857142855,0.9508153670160249,0.078125,,32,0.4596354166666667,1.1640980415136701,3031.2306518554688,0.13918511429801583,1.0,[]
qwen,INVARIANT_SET_s0,repeat2,0.875,0.078125,0.07964015151515151,0.25,0.25,0.8880208333333334,0.8880208333333334,0.89375,0.0875,0.9203598484848484,0.0859375,,32,0.0026041666666666665,0.03545617107907036,3721.388324737549,0.13360223756171763,2.0,"[""single""]"
qwen,INVARIANT_SET_s0,repeat4,0.8776041666666667,0.07552083333333333,0.07703598484848485,0.25,0.25,0.890625,0.890625,0.896875,0.084375,0.922964015151515,0.078125,,32,0.005208333333333333,0.03690287971714152,3721.3894653320312,0.13360222172923386,4.0,"[""repeat2"", ""single""]"
qwen,INVARIANT_SET_s0,repeat8,0.8723958333333334,0.078125,0.07964015151515151,0.21875,0.21875,0.8854166666666667,0.8854166666666667,0.89375,0.09062500000000001,0.9203598484848484,0.078125,,32,0.0026041666666666665,0.037602789594178364,3721.3883018493652,0.13360241684131324,8.0,"[""repeat2"", ""repeat4"", ""single""]"
qwen,INVARIANT_SET_s0,restore,,0.04036458333333333,0.04918463298397509,0.28125,0.28125,0.9140625,0.9140625,0.9343750000000001,0.10044642857142855,0.9508153670160249,0.078125,,32,0.4583333333333333,1.170379316983093,3031.2306518554688,0.13918509194627404,2.0,"[""noop""]"
qwen,INVARIANT_SET_s0,restore_after4,,0.037760416666666664,0.045886021872863975,0.28125,0.28125,0.91796875,0.91796875,0.940625,0.0982142857142857,0.954113978127136,0.0703125,,32,0.4596354166666667,1.173256886195113,3031.2304916381836,0.13918499602004886,5.0,"[""noop"", ""restore""]"
qwen,INVARIANT_SET_s0,overwrite,0.875,0.07291666666666667,0.07443181818181818,0.21875,0.21875,0.8893229166666667,0.8893229166666667,0.896875,0.0875,0.9255681818181818,0.0703125,,32,0.006510416666666667,0.037961123873378626,3721.3884811401367,0.13360235723666847,3.0,"[""repeat2"", ""single""]"
qwen,INVARIANT_SET_s0,AB,0.921875,0.08984375,0.10325013528138528,0.3125,0.3125,0.9036458333333333,0.9036458333333333,0.9125000000000001,0.11458333333333333,0.8967498647186147,0.0625,,32,0.3177083333333333,0.8003068274624505,6570.850692749023,0.1385814743116498,2.0,[]
qwen,INVARIANT_SET_s0,BA,0.921875,0.08984375,0.10325013528138528,0.3125,0.3125,0.9036458333333333,0.9036458333333333,0.9125000000000001,0.11458333333333333,0.8967498647186147,0.0625,,32,0.3177083333333333,0.8003068274624505,6570.850692749023,0.1385814743116498,2.0,"[""AB""]"
qwen,INVARIANT_SET_s0,ABC,0.9622395833333333,0.15950520833333331,0.18796654734154733,0.09375,0.09375,0.8841145833333333,0.8930288461538461,0.89375,0.17604166666666665,0.8120334526584527,0.109375,1.0,32,0.4388020833333333,1.443572332121639,9666.286972045898,0.14157424122095108,3.0,[]
qwen,INVARIANT_SET_s0,CBA,0.9622395833333333,0.15950520833333331,0.18796654734154733,0.09375,0.09375,0.8841145833333333,0.8930288461538461,0.89375,0.17604166666666665,0.8120334526584527,0.109375,1.0,32,0.4388020833333333,1.443572332121639,9666.286972045898,0.14157424122095108,3.0,"[""ABC""]"
qwen,INVARIANT_SET_s0,AB_cross,0.8072916666666666,0.11197916666666667,0.11472537878787879,0.1875,0.1875,0.8411458333333333,0.8509615384615384,0.8218749999999999,0.1125,0.8852746212121212,0.0703125,0.96875,32,0.13020833333333334,0.9308369423360446,6781.203704833984,0.14062522421590984,2.0,[]
qwen,INVARIANT_SET_s1,single,0.8489583333333334,0.04947916666666666,0.049952651515151505,0.25,0.25,0.88671875,0.88671875,0.871875,0.0625,0.9500473484848485,0.1015625,,32,0.0,0.0,4175.48779296875,0.1392119105439633,1.0,[]
qwen,INVARIANT_SET_s1,noop,,0.04427083333333333,0.0548385335602239,0.3125,0.3125,0.9140625,0.9140625,0.928125,0.09598214285714285,0.945161466439776,0.109375,,32,0.4466145833333333,1.2808401211145146,3520.5805053710938,0.13640856835991144,1.0,[]
qwen,INVARIANT_SET_s1,repeat2,0.8463541666666667,0.04947916666666666,0.049952651515151505,0.25,0.25,0.8854166666666666,0.8854166666666666,0.86875,0.0625,0.9500473484848485,0.1015625,,32,0.0013020833333333333,0.048959120883229124,4175.488121032715,0.13921202044002712,2.0,"[""single""]"
qwen,INVARIANT_SET_s1,repeat4,0.8489583333333334,0.04687499999999999,0.04734848484848484,0.25,0.25,0.8880208333333334,0.8880208333333334,0.871875,0.059375,0.9526515151515152,0.09375,,32,0.0013020833333333333,0.041778560125755315,4175.488265991211,0.13921209936961532,4.0,"[""repeat2"", ""single""]"
qwen,INVARIANT_SET_s1,repeat8,0.84375,0.04687499999999999,0.04734848484848484,0.25,0.25,0.8854166666666667,0.8854166666666667,0.865625,0.059375,0.9526515151515152,0.09375,,32,0.00390625,0.042629052097679414,4175.487579345703,0.13921216153539717,8.0,"[""repeat2"", ""repeat4""]"
qwen,INVARIANT_SET_s1,restore,,0.04296875,0.05336740782922974,0.28125,0.28125,0.9140625,0.9140625,0.9249999999999999,0.09375,0.9466325921707703,0.1015625,,32,0.44921875,1.2820929489606294,3520.5798873901367,0.13640850642696023,2.0,"[""noop""]"
qwen,INVARIANT_SET_s1,restore_after4,,0.04296875,0.05319379671811863,0.3125,0.3125,0.9153645833333333,0.9153645833333333,0.928125,0.09375,0.9468062032818814,0.109375,,32,0.4479166666666667,1.286021450590026,3520.579818725586,0.13640861422754824,5.0,"[""noop"", ""restore""]"
qwen,INVARIANT_SET_s1,overwrite,0.8463541666666667,0.04947916666666666,0.049952651515151505,0.25,0.25,0.8854166666666667,0.8854166666666667,0.86875,0.0625,0.9500473484848485,0.1015625,,32,0.00390625,0.04345984422255945,4175.487571716309,0.13921202649362385,3.0,"[""repeat2"", ""repeat4"", ""single""]"
qwen,INVARIANT_SET_s1,AB,0.9049479166666667,0.05989583333333333,0.0689360119047619,0.375,0.375,0.9088541666666666,0.9088541666666666,0.940625,0.09895833333333333,0.9310639880952382,0.09375,,32,0.3216145833333333,0.7721410524479303,6959.344390869141,0.14305304503068328,2.0,[]
qwen,INVARIANT_SET_s1,BA,0.9049479166666667,0.05989583333333333,0.0689360119047619,0.375,0.375,0.9088541666666666,0.9088541666666666,0.940625,0.09895833333333333,0.9310639880952382,0.09375,,32,0.3216145833333333,0.7721410524479303,6959.344390869141,0.14305304503068328,2.0,"[""AB""]"
qwen,INVARIANT_SET_s1,ABC,0.9459635416666666,0.13216145833333331,0.16241050616050617,0.21875,0.21875,0.8880208333333333,0.8966346153846154,0.91875,0.18229166666666666,0.8375894938394939,0.109375,1.0,32,0.44921875,1.3855181581380795,9948.90202331543,0.14445590320974588,3.0,[]
qwen,INVARIANT_SET_s1,CBA,0.9459635416666666,0.13216145833333331,0.16241050616050617,0.21875,0.21875,0.8880208333333333,0.8966346153846154,0.91875,0.18229166666666666,0.8375894938394939,0.109375,1.0,32,0.44921875,1.3855181581380795,9948.90202331543,0.14445590320974588,3.0,"[""ABC""]"
qwen,INVARIANT_SET_s1,AB_cross,0.796875,0.08854166666666666,0.09081439393939392,0.25,0.1875,0.8463541666666666,0.8473557692307693,0.828125,0.1,0.909185606060606,0.0703125,0.859375,32,0.12369791666666667,1.140745762223272,7114.286926269531,0.14239963702857494,2.0,[]
qwen,FREE_OVERWRITE_s0,single,0.8802083333333334,0.1015625,0.10732323232323232,0.21875,0.21875,0.88671875,0.88671875,0.91875,0.084375,0.8926767676767677,0.1015625,,32,0.0,0.0,9030.738327026367,0.13968027592636645,1.0,[]
qwen,FREE_OVERWRITE_s0,noop,,0.04296875,0.052352174433239765,0.15625,0.15625,0.91796875,0.91796875,0.9375,0.09598214285714285,0.9476478255667602,0.0546875,,32,0.5,1.2705264689741544,6899.587921142578,0.1459779874421656,1.0,[]
qwen,FREE_OVERWRITE_s0,repeat2,0.8671875,0.09114583333333333,0.09719065656565656,0.15625,0.15625,0.8841145833333333,0.8841145833333333,0.909375,0.084375,0.9028093434343434,0.1171875,,32,0.033854166666666664,0.24655438322017856,12560.547241210938,0.1471957117319107,2.0,[]
qwen,FREE_OVERWRITE_s0,repeat4,0.8645833333333334,0.07552083333333333,0.08017676767676768,0.15625,0.15625,0.890625,0.890625,0.9156249999999999,0.071875,0.9198232323232323,0.1015625,,32,0.061197916666666664,0.4240109165136275,19550.733642578125,0.15560488076880574,4.0,[]
qwen,FREE_OVERWRITE_s0,repeat8,0.8489583333333333,0.0703125,0.07473169191919192,0.09375,0.09375,0.8815104166666667,0.8815104166666667,0.890625,0.071875,0.9252683080808082,0.0703125,,32,0.08072916666666667,0.5160642792397602,29255.743286132812,0.16470828792080283,8.0,[]
qwen,FREE_OVERWRITE_s0,restore,,0.032552083333333336,0.03924584089105096,0.21875,0.21875,0.9231770833333333,0.9231770833333333,0.9406249999999999,0.08928571428571427,0.960754159108949,0.0546875,,32,0.4791666666666667,1.0712734928655594,7223.219345092773,0.1452941345050931,2.0,[]
qwen,FREE_OVERWRITE_s0,restore_after4,,0.020833333333333332,0.024285588698068503,0.1875,0.1875,0.90625,0.90625,0.8999999999999999,0.08928571428571427,0.9757144113019315,0.0390625,,32,0.4466145833333333,1.1919627786782563,12450.669250488281,0.14641679357737303,5.0,[]
qwen,FREE_OVERWRITE_s0,overwrite,0.8697916666666666,0.08333333333333333,0.08866792929292928,0.1875,0.1875,0.890625,0.890625,0.9093749999999999,0.065625,0.9113320707070708,0.09375,,32,0.040364583333333336,0.29764739770600374,12125.896255493164,0.14384087570942938,3.0,[]
qwen,FREE_OVERWRITE_s0,AB,0.857421875,0.16536458333333331,0.18907941017316016,0.125,0.125,0.8411458333333333,0.8411458333333333,0.8625,0.11458333333333331,0.8109205898268399,0.09375,,32,0.2877604166666667,1.0612250513308066,14767.73159790039,0.14322460442781448,2.0,[]
qwen,FREE_OVERWRITE_s0,BA,0.857421875,0.16536458333333331,0.18907941017316016,0.125,0.125,0.8411458333333333,0.8411458333333333,0.8625,0.11458333333333331,0.8109205898268399,0.09375,,32,0.2877604166666667,1.0612250513308066,14767.73159790039,0.14322460442781448,2.0,"[""AB""]"
qwen,FREE_OVERWRITE_s0,ABC,0.9270833333333333,0.22591145833333331,0.26871964840714846,0.03125,0.03125,0.8294270833333334,0.8317307692307693,0.84375,0.20625,0.7312803515928517,0.109375,0.859375,32,0.3880208333333333,1.8310177632990168,21276.423767089844,0.14849861850962043,3.0,[]
qwen,FREE_OVERWRITE_s0,CBA,0.9270833333333333,0.22591145833333331,0.26871964840714846,0.03125,0.03125,0.8294270833333334,0.8317307692307693,0.84375,0.20625,0.7312803515928517,0.109375,0.859375,32,0.3880208333333333,1.8310177632990168,21276.423767089844,0.14849861850962043,3.0,"[""ABC""]"
qwen,FREE_OVERWRITE_s0,AB_cross,0.8072916666666666,0.17447916666666669,0.18540088383838382,0.09375,0.09375,0.8125,0.825721153846154,0.8375,0.171875,0.8145991161616162,0.140625,0.984375,32,0.12109375,0.8828450038717227,15766.407821655273,0.14857470151036978,2.0,[]
qwen,FREE_OVERWRITE_s1,single,0.8411458333333334,0.07291666666666666,0.07796717171717171,0.21875,0.21875,0.8802083333333333,0.8802083333333333,0.878125,0.075,0.9220328282828283,0.125,,32,0.0,0.0,12339.200256347656,0.15583183197304606,1.0,[]
qwen,FREE_OVERWRITE_s1,noop,,0.0234375,0.028270348958961574,0.1875,0.1875,0.9075520833333334,0.9075520833333334,0.90625,0.09151785714285714,0.9717296510410385,0.046875,,32,0.42578125,1.312567493146087,8239.899307250977,0.14804307860322297,1.0,[]
qwen,FREE_OVERWRITE_s1,repeat2,0.8359375,0.05989583333333333,0.06442550505050504,0.21875,0.21875,0.8828125,0.8828125,0.871875,0.0625,0.935574494949495,0.1171875,,32,0.028645833333333332,0.22446766200895898,13502.69140625,0.157723440323025,2.0,[]
qwen,FREE_OVERWRITE_s1,repeat4,0.7838541666666666,0.05208333333333333,0.05661300505050505,0.1875,0.1875,0.8619791666666666,0.8619791666666666,0.825,0.05,0.943386994949495,0.1171875,,32,0.059895833333333336,0.48513374902894757,18278.262908935547,0.16141472151502967,4.0,[]
qwen,FREE_OVERWRITE_s1,repeat8,0.71875,0.05729166666666666,0.062105429292929296,0.09375,0.09375,0.82421875,0.82421875,0.778125,0.0625,0.9378945707070707,0.140625,,32,0.10026041666666667,0.9599461619146007,23842.777618408203,0.1671735169366002,8.0,[]
qwen,FREE_OVERWRITE_s1,restore,,0.02864583333333333,0.035485959984073376,0.21875,0.21875,0.90234375,0.90234375,0.8968750000000001,0.09375,0.9645140400159267,0.0703125,,32,0.4205729166666667,1.2797913078622678,12915.2177734375,0.1549031799659133,2.0,[]
qwen,FREE_OVERWRITE_s1,restore_after4,,0.022135416666666664,0.028095086968200355,0.25,0.25,0.90234375,0.90234375,0.9,0.09598214285714285,0.9719049130317996,0.0703125,,32,0.4231770833333333,1.3069892940734285,15985.426544189453,0.1568722384981811,5.0,[]
qwen,FREE_OVERWRITE_s1,overwrite,0.8229166666666667,0.12760416666666666,0.1365372474747475,0.1875,0.1875,0.84375,0.84375,0.853125,0.13437500000000002,0.8634627525252525,0.2109375,,32,0.052083333333333336,0.32303402438293033,22553.612991333008,0.17108672531321645,3.0,[]
qwen,FREE_OVERWRITE_s1,AB,0.9029947916666667,0.11979166666666666,0.13976934523809526,0.25,0.25,0.8854166666666667,0.8854166666666667,0.9,0.10937499999999999,0.8602306547619047,0.140625,,32,0.2916666666666667,0.7952139545174349,20467.38934326172,0.15935490606352687,2.0,[]
qwen,FREE_OVERWRITE_s1,BA,0.9029947916666667,0.11979166666666666,0.13976934523809526,0.25,0.25,0.8854166666666667,0.8854166666666667,0.9,0.10937499999999999,0.8602306547619047,0.140625,,32,0.2916666666666667,0.7952139545174349,20467.38934326172,0.15935490606352687,2.0,"[""AB""]"
qwen,FREE_OVERWRITE_s1,ABC,0.955078125,0.17122395833333331,0.20404430638805637,0.125,0.125,0.8658854166666667,0.872596153846154,0.890625,0.22083333333333333,0.7959556936119436,0.171875,0.953125,32,0.3919270833333333,1.3487358872927482,29476.346923828125,0.1616538893431425,3.0,[]
qwen,FREE_OVERWRITE_s1,CBA,0.955078125,0.17122395833333331,0.20404430638805637,0.125,0.125,0.8658854166666667,0.872596153846154,0.890625,0.22083333333333333,0.7959556936119436,0.171875,0.953125,32,0.3919270833333333,1.3487358872927482,29476.346923828125,0.1616538893431425,3.0,"[""ABC""]"
qwen,FREE_OVERWRITE_s1,AB_cross,0.7786458333333334,0.16927083333333331,0.17787247474747475,0.09375,0.0625,0.8020833333333334,0.8076923076923077,0.796875,0.16562500000000002,0.8221275252525252,0.171875,0.875,32,0.125,0.969400447075921,21341.34878540039,0.1595409382134676,2.0,[]
qwen,AFFINE_CLAUSE_s0,single,0.8046875,0.026041666666666664,0.027509469696969695,0.15625,0.15625,0.8802083333333333,0.8802083333333333,0.8625,0.037500000000000006,0.9724905303030302,0.0546875,,32,0.0,0.0,7176.106414794922,0.0,1.0,[]
qwen,AFFINE_CLAUSE_s0,noop,,0.03515625,0.043450206537958086,0.21875,0.21875,0.90234375,0.90234375,0.934375,0.12053571428571427,0.9565497934620419,0.09375,,32,0.38671875,1.4275593416176424,5913.850570678711,0.0,1.0,[]
qwen,AFFINE_CLAUSE_s0,repeat2,0.8645833333333333,0.11197916666666666,0.11994949494949494,0.15625,0.15625,0.87109375,0.87109375,0.8875,0.12187500000000001,0.880050505050505,0.1875,,32,0.11848958333333333,0.8551648106332609,28341.86376953125,0.0,2.0,[]
qwen,AFFINE_CLAUSE_s0,repeat4,0.7604166666666667,0.22135416666666669,0.23563762626262624,0.03125,0.03125,0.7630208333333334,0.7630208333333334,0.825,0.24375000000000002,0.7643623737373737,0.359375,,32,0.24739583333333334,1.8868646747119744,109543.21459960938,0.0,4.0,[]
qwen,AFFINE_CLAUSE_s0,repeat8,0.7005208333333333,0.24218750000000003,0.2575126262626263,0.0,0.0,0.72265625,0.72265625,0.778125,0.265625,0.7424873737373737,0.3359375,,32,0.2747395833333333,2.433874405307563,378509.6416015625,0.0,8.0,[]
qwen,AFFINE_CLAUSE_s0,restore,,0.15104166666666669,0.1870437975654862,0.125,0.125,0.734375,0.734375,0.609375,0.1763392857142857,0.8129562024345138,0.078125,,32,0.20833333333333334,3.394045238908426,12700.617156982422,0.0,2.0,[]
qwen,AFFINE_CLAUSE_s0,restore_after4,,0.3841145833333333,0.4367294292747437,0.0,0.0,0.49348958333333337,0.49348958333333337,0.290625,0.3616071428571429,0.5632705707252563,0.34375,,32,0.2513020833333333,5.468660516122166,113378.73803710938,0.0,5.0,[]
qwen,AFFINE_CLAUSE_s0,overwrite,0.8307291666666666,0.09895833333333333,0.1051925505050505,0.125,0.125,0.859375,0.859375,0.85,0.1125,0.8948074494949494,0.1796875,,32,0.14322916666666666,1.0317606211202186,33332.359436035156,0.0,3.0,[]
qwen,AFFINE_CLAUSE_s0,AB,0.8626302083333333,0.08984375,0.10687229437229437,0.21875,0.21875,0.8645833333333334,0.8645833333333334,0.85,0.07291666666666666,0.8931277056277056,0.0390625,,32,0.3098958333333333,0.9179293367450287,13045.890686035156,0.0,2.0,[]
qwen,AFFINE_CLAUSE_s0,BA,0.8626302083333333,0.08984375,0.10687229437229437,0.21875,0.21875,0.8645833333333334,0.8645833333333334,0.85,0.07291666666666666,0.8931277056277056,0.0390625,,32,0.3098958333333333,0.9179293367450287,13045.890686035156,0.0,2.0,"[""AB""]"
qwen,AFFINE_CLAUSE_s0,ABC,0.9244791666666667,0.16015625,0.1939798049173049,0.03125,0.03125,0.8528645833333334,0.8629807692307693,0.865625,0.18333333333333335,0.8060201950826951,0.0859375,0.984375,32,0.4127604166666667,1.4725678517755292,19289.117462158203,0.0,3.0,[]
qwen,AFFINE_CLAUSE_s0,CBA,0.9244791666666667,0.16015625,0.1939798049173049,0.03125,0.03125,0.8528645833333334,0.8629807692307693,0.865625,0.18333333333333335,0.8060201950826951,0.0859375,0.984375,32,0.4127604166666667,1.4725678517755292,19289.117462158203,0.0,3.0,"[""ABC""]"
qwen,AFFINE_CLAUSE_s0,AB_cross,0.7369791666666666,0.10416666666666666,0.10767045454545454,0.03125,0.03125,0.8111979166666667,0.8173076923076923,0.790625,0.11249999999999999,0.8923295454545455,0.0859375,0.890625,32,0.12369791666666667,1.0502370538558803,13320.516510009766,0.0,2.0,[]
qwen,CANONICAL_AFFINE_s0,single,0.8046875,0.026041666666666664,0.027509469696969695,0.15625,0.15625,0.8802083333333333,0.8802083333333333,0.8625,0.037500000000000006,0.9724905303030302,0.0546875,,32,0.0,0.0,7176.106414794922,0.0,1.0,[]
qwen,CANONICAL_AFFINE_s0,noop,,0.03515625,0.043450206537958086,0.21875,0.21875,0.90234375,0.90234375,0.934375,0.12053571428571427,0.9565497934620419,0.09375,,32,0.38671875,1.4275593416176424,5913.850570678711,0.0,1.0,[]
qwen,CANONICAL_AFFINE_s0,repeat2,0.8046875,0.026041666666666664,0.027509469696969695,0.15625,0.15625,0.8802083333333333,0.8802083333333333,0.8625,0.037500000000000006,0.9724905303030302,0.0546875,,32,0.0,0.0,7176.106414794922,0.0,1.0,"[""single""]"
qwen,CANONICAL_AFFINE_s0,repeat4,0.8046875,0.026041666666666664,0.027509469696969695,0.15625,0.15625,0.8802083333333333,0.8802083333333333,0.8625,0.037500000000000006,0.9724905303030302,0.0546875,,32,0.0,0.0,7176.106414794922,0.0,1.0,"[""single""]"
qwen,CANONICAL_AFFINE_s0,repeat8,0.8046875,0.026041666666666664,0.027509469696969695,0.15625,0.15625,0.8802083333333333,0.8802083333333333,0.8625,0.037500000000000006,0.9724905303030302,0.0546875,,32,0.0,0.0,7176.106414794922,0.0,1.0,"[""single""]"
qwen,CANONICAL_AFFINE_s0,restore,,0.03515625,0.043450206537958086,0.21875,0.21875,0.90234375,0.90234375,0.934375,0.12053571428571427,0.9565497934620419,0.09375,,32,0.38671875,1.4275593416176424,5913.850570678711,0.0,1.0,"[""noop""]"
qwen,CANONICAL_AFFINE_s0,restore_after4,,0.03515625,0.043450206537958086,0.21875,0.21875,0.90234375,0.90234375,0.934375,0.12053571428571427,0.9565497934620419,0.09375,,32,0.38671875,1.4275593416176424,5913.850570678711,0.0,1.0,"[""noop""]"
qwen,CANONICAL_AFFINE_s0,overwrite,0.8046875,0.026041666666666664,0.027509469696969695,0.15625,0.15625,0.8802083333333333,0.8802083333333333,0.8625,0.037500000000000006,0.9724905303030302,0.0546875,,32,0.0,0.0,7176.106414794922,0.0,1.0,"[""single""]"
qwen,CANONICAL_AFFINE_s0,AB,0.8626302083333333,0.08984375,0.10687229437229437,0.21875,0.21875,0.8645833333333334,0.8645833333333334,0.85,0.07291666666666666,0.8931277056277056,0.0390625,,32,0.3098958333333333,0.9179293367450287,13045.890686035156,0.0,2.0,[]
qwen,CANONICAL_AFFINE_s0,BA,0.8626302083333333,0.08984375,0.10687229437229437,0.21875,0.21875,0.8645833333333334,0.8645833333333334,0.85,0.07291666666666666,0.8931277056277056,0.0390625,,32,0.3098958333333333,0.9179293367450287,13045.890686035156,0.0,2.0,"[""AB""]"
qwen,CANONICAL_AFFINE_s0,ABC,0.9244791666666667,0.16015625,0.1939798049173049,0.03125,0.03125,0.8528645833333334,0.8629807692307693,0.865625,0.18333333333333335,0.8060201950826951,0.0859375,0.984375,32,0.4127604166666667,1.4725678517755292,19289.117462158203,0.0,3.0,[]
qwen,CANONICAL_AFFINE_s0,CBA,0.9244791666666667,0.16015625,0.1939798049173049,0.03125,0.03125,0.8528645833333334,0.8629807692307693,0.865625,0.18333333333333335,0.8060201950826951,0.0859375,0.984375,32,0.4127604166666667,1.4725678517755292,19289.117462158203,0.0,3.0,"[""ABC""]"
qwen,CANONICAL_AFFINE_s0,AB_cross,0.7369791666666666,0.10416666666666666,0.10767045454545454,0.03125,0.03125,0.8111979166666667,0.8173076923076923,0.790625,0.11249999999999999,0.8923295454545455,0.0859375,0.890625,32,0.12369791666666667,1.0502370538558803,13320.516510009766,0.0,2.0,[]
qwen,AFFINE_CLAUSE_s1,single,0.7890625,0.020833333333333332,0.021780303030303032,0.15625,0.15625,0.8736979166666667,0.8736979166666667,0.840625,0.034375,0.978219696969697,0.046875,,32,0.0,0.0,6862.306182861328,0.0,1.0,[]
qwen,AFFINE_CLAUSE_s1,noop,,0.03255208333333333,0.04001714471673837,0.21875,0.21875,0.89453125,0.89453125,0.90625,0.11383928571428571,0.9599828552832617,0.0625,,32,0.359375,1.4015723103370679,5058.35489654541,0.0,1.0,[]
qwen,AFFINE_CLAUSE_s1,repeat2,0.7473958333333333,0.078125,0.08371212121212121,0.125,0.125,0.8268229166666667,0.8268229166666667,0.7875,0.09062500000000001,0.9162878787878788,0.1171875,,32,0.1015625,0.7850299272491962,27185.438537597656,0.0,2.0,[]
qwen,AFFINE_CLAUSE_s1,repeat4,0.6875,0.1953125,0.2068655303030303,0.0625,0.0625,0.7408854166666666,0.7408854166666666,0.7437499999999999,0.21250000000000002,0.7931344696969698,0.296875,,32,0.21875,1.9136587440679529,104976.94140625,0.0,4.0,[]
qwen,AFFINE_CLAUSE_s1,repeat8,0.671875,0.19010416666666666,0.20189393939393938,0.0625,0.0625,0.7369791666666666,0.7369791666666666,0.7281249999999999,0.203125,0.7981060606060606,0.2890625,,32,0.22265625,2.0216564245479574,357713.1083984375,0.0,8.0,[]
qwen,AFFINE_CLAUSE_s1,restore,,0.18359375,0.22197000342722556,0.03125,0.03125,0.7057291666666667,0.7057291666666667,0.59375,0.21428571428571425,0.7780299965727744,0.140625,,32,0.17578125,3.609393428851258,12129.769897460938,0.0,2.0,[]
qwen,AFFINE_CLAUSE_s1,restore_after4,,0.3411458333333333,0.3856838206188619,0.0,0.0,0.54296875,0.54296875,0.36250000000000004,0.328125,0.614316179381138,0.2734375,,32,0.21614583333333334,5.48664198249471,110637.375,0.0,5.0,[]
qwen,AFFINE_CLAUSE_s1,overwrite,0.7708333333333333,0.08854166666666666,0.09545454545454546,0.03125,0.03125,0.8359375,0.8359375,0.809375,0.09687499999999999,0.9045454545454545,0.125,,32,0.10807291666666667,0.8438412438775845,32604.24774169922,0.0,3.0,[]
qwen,AFFINE_CLAUSE_s1,AB,0.8658854166666666,0.09895833333333333,0.11741071428571428,0.1875,0.1875,0.8658854166666666,0.8658854166666666,0.8875000000000001,0.09375,0.8825892857142856,0.078125,,32,0.3229166666666667,1.0564729029222095,13273.739471435547,0.0,2.0,[]
qwen,AFFINE_CLAUSE_s1,BA,0.8658854166666666,0.09895833333333333,0.11741071428571428,0.1875,0.1875,0.8658854166666666,0.8658854166666666,0.8875000000000001,0.09375,0.8825892857142856,0.078125,,32,0.3229166666666667,1.0564729029222095,13273.739471435547,0.0,2.0,"[""AB""]"
qwen,AFFINE_CLAUSE_s1,ABC,0.9244791666666666,0.171875,0.20421731046731045,0.0,0.0,0.8502604166666667,0.8605769230769231,0.8843749999999999,0.221875,0.7957826895326896,0.140625,0.984375,32,0.4401041666666667,1.6914208229125098,19775.76806640625,0.0,3.0,[]
qwen,AFFINE_CLAUSE_s1,CBA,0.9244791666666666,0.171875,0.20421731046731045,0.0,0.0,0.8502604166666667,0.8605769230769231,0.8843749999999999,0.221875,0.7957826895326896,0.140625,0.984375,32,0.4401041666666667,1.6914208229125098,19775.76806640625,0.0,3.0,"[""ABC""]"
qwen,AFFINE_CLAUSE_s1,AB_cross,0.7291666666666667,0.0859375,0.09048295454545455,0.03125,0.03125,0.81640625,0.8245192307692307,0.76875,0.09062500000000001,0.9095170454545455,0.0625,0.921875,32,0.10416666666666667,1.0480181003332982,13275.883026123047,0.0,2.0,[]
qwen,CANONICAL_AFFINE_s1,single,0.7890625,0.020833333333333332,0.021780303030303032,0.15625,0.15625,0.8736979166666667,0.8736979166666667,0.840625,0.034375,0.978219696969697,0.046875,,32,0.0,0.0,6862.306182861328,0.0,1.0,[]
qwen,CANONICAL_AFFINE_s1,noop,,0.03255208333333333,0.04001714471673837,0.21875,0.21875,0.89453125,0.89453125,0.90625,0.11383928571428571,0.9599828552832617,0.0625,,32,0.359375,1.4015723103370679,5058.35489654541,0.0,1.0,[]
qwen,CANONICAL_AFFINE_s1,repeat2,0.7890625,0.020833333333333332,0.021780303030303032,0.15625,0.15625,0.8736979166666667,0.8736979166666667,0.840625,0.034375,0.978219696969697,0.046875,,32,0.0,0.0,6862.306182861328,0.0,1.0,"[""single""]"
qwen,CANONICAL_AFFINE_s1,repeat4,0.7890625,0.020833333333333332,0.021780303030303032,0.15625,0.15625,0.8736979166666667,0.8736979166666667,0.840625,0.034375,0.978219696969697,0.046875,,32,0.0,0.0,6862.306182861328,0.0,1.0,"[""single""]"
qwen,CANONICAL_AFFINE_s1,repeat8,0.7890625,0.020833333333333332,0.021780303030303032,0.15625,0.15625,0.8736979166666667,0.8736979166666667,0.840625,0.034375,0.978219696969697,0.046875,,32,0.0,0.0,6862.306182861328,0.0,1.0,"[""single""]"
qwen,CANONICAL_AFFINE_s1,restore,,0.03255208333333333,0.04001714471673837,0.21875,0.21875,0.89453125,0.89453125,0.90625,0.11383928571428571,0.9599828552832617,0.0625,,32,0.359375,1.4015723103370679,5058.35489654541,0.0,1.0,"[""noop""]"
qwen,CANONICAL_AFFINE_s1,restore_after4,,0.03255208333333333,0.04001714471673837,0.21875,0.21875,0.89453125,0.89453125,0.90625,0.11383928571428571,0.9599828552832617,0.0625,,32,0.359375,1.4015723103370679,5058.35489654541,0.0,1.0,"[""noop""]"
qwen,CANONICAL_AFFINE_s1,overwrite,0.7890625,0.020833333333333332,0.021780303030303032,0.15625,0.15625,0.8736979166666667,0.8736979166666667,0.840625,0.034375,0.978219696969697,0.046875,,32,0.0,0.0,6862.306182861328,0.0,1.0,"[""single""]"
qwen,CANONICAL_AFFINE_s1,AB,0.8658854166666666,0.09895833333333333,0.11741071428571428,0.1875,0.1875,0.8658854166666666,0.8658854166666666,0.8875000000000001,0.09375,0.8825892857142856,0.078125,,32,0.3229166666666667,1.0564729029222095,13273.739471435547,0.0,2.0,[]
qwen,CANONICAL_AFFINE_s1,BA,0.8658854166666666,0.09895833333333333,0.11741071428571428,0.1875,0.1875,0.8658854166666666,0.8658854166666666,0.8875000000000001,0.09375,0.8825892857142856,0.078125,,32,0.3229166666666667,1.0564729029222095,13273.739471435547,0.0,2.0,"[""AB""]"
qwen,CANONICAL_AFFINE_s1,ABC,0.9244791666666666,0.171875,0.20421731046731045,0.0,0.0,0.8502604166666667,0.8605769230769231,0.8843749999999999,0.221875,0.7957826895326896,0.140625,0.984375,32,0.4401041666666667,1.6914208229125098,19775.76806640625,0.0,3.0,[]
qwen,CANONICAL_AFFINE_s1,CBA,0.9244791666666666,0.171875,0.20421731046731045,0.0,0.0,0.8502604166666667,0.8605769230769231,0.8843749999999999,0.221875,0.7957826895326896,0.140625,0.984375,32,0.4401041666666667,1.6914208229125098,19775.76806640625,0.0,3.0,"[""ABC""]"
qwen,CANONICAL_AFFINE_s1,AB_cross,0.7291666666666667,0.0859375,0.09048295454545455,0.03125,0.03125,0.81640625,0.8245192307692307,0.76875,0.09062500000000001,0.9095170454545455,0.0625,0.921875,32,0.10416666666666667,1.0480181003332982,13275.883026123047,0.0,2.0,[]
