actor,condition,program,n,max_workspace,mean_workspace,max_bf16,hash_equal_single_fraction
gemma,CANONICAL_V2_s0,AB,64,,,,0.0
gemma,CANONICAL_V2_s0,ABC,64,,,,0.0
gemma,CANONICAL_V2_s0,AB_cross,64,,,,0.0
gemma,CANONICAL_V2_s0,BA,64,,,,0.0
gemma,CANONICAL_V2_s0,CBA,64,,,,0.0
gemma,CANONICAL_V2_s0,noop,64,12.21875,11.364990234375,12.21875,0.0
gemma,CANONICAL_V2_s0,overwrite,64,0.0,0.0,0.0,1.0
gemma,CANONICAL_V2_s0,repeat2,64,0.0,0.0,0.0,1.0
gemma,CANONICAL_V2_s0,repeat4,64,0.0,0.0,0.0,1.0
gemma,CANONICAL_V2_s0,repeat8,64,0.0,0.0,0.0,1.0
gemma,CANONICAL_V2_s0,restore,64,12.21875,11.364990234375,12.21875,0.0
gemma,CANONICAL_V2_s0,restore_after4,64,12.21875,11.364990234375,12.21875,0.0
gemma,CANONICAL_V2_s1,AB,64,,,,0.0
gemma,CANONICAL_V2_s1,ABC,64,,,,0.0
gemma,CANONICAL_V2_s1,AB_cross,64,,,,0.0
gemma,CANONICAL_V2_s1,BA,64,,,,0.0
gemma,CANONICAL_V2_s1,CBA,64,,,,0.0
gemma,CANONICAL_V2_s1,noop,64,11.3125,10.9449462890625,11.3125,0.0
gemma,CANONICAL_V2_s1,overwrite,64,0.0,0.0,0.0,1.0
gemma,CANONICAL_V2_s1,repeat2,64,0.0,0.0,0.0,1.0
gemma,CANONICAL_V2_s1,repeat4,64,0.0,0.0,0.0,1.0
gemma,CANONICAL_V2_s1,repeat8,64,0.0,0.0,0.0,1.0
gemma,CANONICAL_V2_s1,restore,64,11.3125,10.9449462890625,11.3125,0.0
gemma,CANONICAL_V2_s1,restore_after4,64,11.3125,10.9449462890625,11.3125,0.0
gemma,CONTINUED_AFFINE_s0,AB,64,,,,0.0
gemma,CONTINUED_AFFINE_s0,ABC,64,,,,0.0
gemma,CONTINUED_AFFINE_s0,AB_cross,64,,,,0.0
gemma,CONTINUED_AFFINE_s0,BA,64,,,,0.0
gemma,CONTINUED_AFFINE_s0,CBA,64,,,,0.0
gemma,CONTINUED_AFFINE_s0,noop,64,13.7265625,12.606689453125,13.7265625,0.0
gemma,CONTINUED_AFFINE_s0,overwrite,64,13.0,12.430908203125,13.0,0.0
gemma,CONTINUED_AFFINE_s0,repeat2,64,8.5,8.17919921875,8.5,0.0
gemma,CONTINUED_AFFINE_s0,repeat4,64,25.375,24.34375,25.375,0.0
gemma,CONTINUED_AFFINE_s0,repeat8,64,62.53125,55.94189453125,62.53125,0.0
gemma,CONTINUED_AFFINE_s0,restore,64,8.40625,8.139484405517578,8.40625,0.0
gemma,CONTINUED_AFFINE_s0,restore_after4,64,27.125,25.5191650390625,27.125,0.0
gemma,CONTINUED_AFFINE_s1,AB,64,,,,0.0
gemma,CONTINUED_AFFINE_s1,ABC,64,,,,0.0
gemma,CONTINUED_AFFINE_s1,AB_cross,64,,,,0.0
gemma,CONTINUED_AFFINE_s1,BA,64,,,,0.0
gemma,CONTINUED_AFFINE_s1,CBA,64,,,,0.0
gemma,CONTINUED_AFFINE_s1,noop,64,13.03125,12.296875,13.03125,0.0
gemma,CONTINUED_AFFINE_s1,overwrite,64,14.0,13.327316284179688,14.0,0.0
gemma,CONTINUED_AFFINE_s1,repeat2,64,9.03125,8.3543701171875,9.03125,0.0
gemma,CONTINUED_AFFINE_s1,repeat4,64,26.84375,24.75335693359375,26.84375,0.0
gemma,CONTINUED_AFFINE_s1,repeat8,64,61.1875,56.5626220703125,61.1875,0.0
gemma,CONTINUED_AFFINE_s1,restore,64,8.875,8.320194244384766,8.875,0.0
gemma,CONTINUED_AFFINE_s1,restore_after4,64,28.625,27.698974609375,28.625,0.0
gemma,FREE_OVERWRITE_s0,AB,64,,,,0.0
gemma,FREE_OVERWRITE_s0,ABC,64,,,,0.0
gemma,FREE_OVERWRITE_s0,AB_cross,64,,,,0.0
gemma,FREE_OVERWRITE_s0,BA,64,,,,0.0
gemma,FREE_OVERWRITE_s0,CBA,64,,,,0.0
gemma,FREE_OVERWRITE_s0,noop,64,16.253009796142578,13.571867808699608,16.234375,0.0
gemma,FREE_OVERWRITE_s0,overwrite,64,5.062424659729004,3.1332818530499935,5.068359375,0.0
gemma,FREE_OVERWRITE_s0,repeat2,64,4.648268222808838,3.6373690888285637,4.65625,0.0
gemma,FREE_OVERWRITE_s0,repeat4,64,4.162627220153809,3.151793997734785,4.15625,0.0
gemma,FREE_OVERWRITE_s0,repeat8,64,4.13647985458374,3.192571584135294,4.15625,0.0
gemma,FREE_OVERWRITE_s0,restore,64,14.164936065673828,12.05960527062416,14.1494140625,0.0
gemma,FREE_OVERWRITE_s0,restore_after4,64,14.671774864196777,12.129254475235939,14.65625,0.0
gemma,FREE_OVERWRITE_s1,AB,64,,,,0.0
gemma,FREE_OVERWRITE_s1,ABC,64,,,,0.0
gemma,FREE_OVERWRITE_s1,AB_cross,64,,,,0.0
gemma,FREE_OVERWRITE_s1,BA,64,,,,0.0
gemma,FREE_OVERWRITE_s1,CBA,64,,,,0.0
gemma,FREE_OVERWRITE_s1,noop,64,13.855039596557617,11.098206460475922,13.84375,0.0
gemma,FREE_OVERWRITE_s1,overwrite,64,3.2780544757843018,1.8176323315128684,3.28125,0.0
gemma,FREE_OVERWRITE_s1,repeat2,64,4.289411544799805,2.190569331869483,4.2734375,0.0
gemma,FREE_OVERWRITE_s1,repeat4,64,3.918268918991089,1.9391959365457296,3.91796875,0.0
gemma,FREE_OVERWRITE_s1,repeat8,64,3.8463897705078125,1.9096563886851072,3.84765625,0.0
gemma,FREE_OVERWRITE_s1,restore,64,11.920495986938477,9.955309726297855,11.90625,0.0
gemma,FREE_OVERWRITE_s1,restore_after4,64,12.494365692138672,10.186848677694798,12.46875,0.0
gemma,FROZEN_V2_CLAUSE_FP32_s0,AB,64,,,,0.0
gemma,FROZEN_V2_CLAUSE_FP32_s0,ABC,64,,,,0.0
gemma,FROZEN_V2_CLAUSE_FP32_s0,AB_cross,64,,,,0.0
gemma,FROZEN_V2_CLAUSE_FP32_s0,BA,64,,,,0.0
gemma,FROZEN_V2_CLAUSE_FP32_s0,CBA,64,,,,0.0
gemma,FROZEN_V2_CLAUSE_FP32_s0,noop,64,12.233616828918457,11.365994483232498,12.21875,0.0
gemma,FROZEN_V2_CLAUSE_FP32_s0,overwrite,64,12.027036666870117,11.461784169077873,12.0625,0.0
gemma,FROZEN_V2_CLAUSE_FP32_s0,repeat2,64,8.269895553588867,7.984631389379501,8.3125,0.0
gemma,FROZEN_V2_CLAUSE_FP32_s0,repeat4,64,24.689579010009766,23.636489778757095,24.71875,0.0
gemma,FROZEN_V2_CLAUSE_FP32_s0,repeat8,64,57.297908782958984,54.54356783628464,57.375,0.0
gemma,FROZEN_V2_CLAUSE_FP32_s0,restore,64,8.345602035522461,8.197436884045601,8.359375,0.0
gemma,FROZEN_V2_CLAUSE_FP32_s0,restore_after4,64,27.01325035095215,24.61372670531273,27.0625,0.0
gemma,FROZEN_V2_CLAUSE_FP32_s1,AB,64,,,,0.0
gemma,FROZEN_V2_CLAUSE_FP32_s1,ABC,64,,,,0.0
gemma,FROZEN_V2_CLAUSE_FP32_s1,AB_cross,64,,,,0.0
gemma,FROZEN_V2_CLAUSE_FP32_s1,BA,64,,,,0.0
gemma,FROZEN_V2_CLAUSE_FP32_s1,CBA,64,,,,0.0
gemma,FROZEN_V2_CLAUSE_FP32_s1,noop,64,11.320490837097168,10.945758521556854,11.3125,0.0
gemma,FROZEN_V2_CLAUSE_FP32_s1,overwrite,64,11.409208297729492,11.01623709499836,11.4375,0.0
gemma,FROZEN_V2_CLAUSE_FP32_s1,repeat2,64,8.308931350708008,7.549574658274651,8.34375,0.0
gemma,FROZEN_V2_CLAUSE_FP32_s1,repeat4,64,24.83208656311035,22.537187159061432,24.84375,0.0
gemma,FROZEN_V2_CLAUSE_FP32_s1,repeat8,64,57.41960906982422,52.08702152967453,57.59375,0.0
gemma,FROZEN_V2_CLAUSE_FP32_s1,restore,64,8.274982452392578,7.572061747312546,8.265625,0.0
gemma,FROZEN_V2_CLAUSE_FP32_s1,restore_after4,64,26.388751983642578,24.983554184436798,26.4375,0.0
gemma,FROZEN_V2_CLAUSE_s0,AB,64,,,,0.0
gemma,FROZEN_V2_CLAUSE_s0,ABC,64,,,,0.0
gemma,FROZEN_V2_CLAUSE_s0,AB_cross,64,,,,0.0
gemma,FROZEN_V2_CLAUSE_s0,BA,64,,,,0.0
gemma,FROZEN_V2_CLAUSE_s0,CBA,64,,,,0.0
gemma,FROZEN_V2_CLAUSE_s0,noop,64,12.21875,11.364990234375,12.21875,0.0
gemma,FROZEN_V2_CLAUSE_s0,overwrite,64,12.0625,11.4635009765625,12.0625,0.0
gemma,FROZEN_V2_CLAUSE_s0,repeat2,64,8.3125,7.984375,8.3125,0.0
gemma,FROZEN_V2_CLAUSE_s0,repeat4,64,24.71875,23.66357421875,24.71875,0.0
gemma,FROZEN_V2_CLAUSE_s0,repeat8,64,57.40625,54.576171875,57.40625,0.0
gemma,FROZEN_V2_CLAUSE_s0,restore,64,8.359375,8.198739051818848,8.359375,0.0
gemma,FROZEN_V2_CLAUSE_s0,restore_after4,64,27.0625,24.612548828125,27.0625,0.0
gemma,FROZEN_V2_CLAUSE_s1,AB,64,,,,0.0
gemma,FROZEN_V2_CLAUSE_s1,ABC,64,,,,0.0
gemma,FROZEN_V2_CLAUSE_s1,AB_cross,64,,,,0.0
gemma,FROZEN_V2_CLAUSE_s1,BA,64,,,,0.0
gemma,FROZEN_V2_CLAUSE_s1,CBA,64,,,,0.0
gemma,FROZEN_V2_CLAUSE_s1,noop,64,11.3125,10.9449462890625,11.3125,0.0
gemma,FROZEN_V2_CLAUSE_s1,overwrite,64,11.375,11.0179443359375,11.375,0.0
gemma,FROZEN_V2_CLAUSE_s1,repeat2,64,8.3125,7.548828125,8.3125,0.0
gemma,FROZEN_V2_CLAUSE_s1,repeat4,64,24.875,22.5654296875,24.875,0.0
gemma,FROZEN_V2_CLAUSE_s1,repeat8,64,57.59375,52.031494140625,57.59375,0.0
gemma,FROZEN_V2_CLAUSE_s1,restore,64,8.265625,7.57342529296875,8.265625,0.0
gemma,FROZEN_V2_CLAUSE_s1,restore_after4,64,26.4375,24.96826171875,26.4375,0.0
gemma,FROZEN_V2_TAIL_s0,AB,64,7.15625,6.7678937911987305,7.15625,0.0
gemma,FROZEN_V2_TAIL_s0,ABC,64,13.8046875,11.38007640838623,13.8046875,0.0
gemma,FROZEN_V2_TAIL_s0,AB_cross,64,7.3125,6.732710838317871,7.3125,0.0
gemma,FROZEN_V2_TAIL_s0,BA,64,8.328125,6.929874420166016,8.328125,0.0
gemma,FROZEN_V2_TAIL_s0,CBA,64,14.84375,11.670478820800781,14.84375,0.0
gemma,FROZEN_V2_TAIL_s0,noop,64,9.671875,9.519111633300781,9.671875,0.0
gemma,FROZEN_V2_TAIL_s0,overwrite,64,10.5625,9.43603515625,10.5625,0.0
gemma,FROZEN_V2_TAIL_s0,repeat2,64,7.1875,6.93359375,7.1875,0.0
gemma,FROZEN_V2_TAIL_s0,repeat4,64,21.6875,20.890625,21.6875,0.0
gemma,FROZEN_V2_TAIL_s0,repeat8,64,50.15625,48.798828125,50.15625,0.0
gemma,FROZEN_V2_TAIL_s0,restore,64,7.2021484375,7.087019920349121,7.2021484375,0.0
gemma,FROZEN_V2_TAIL_s0,restore_after4,64,23.1875,21.743408203125,23.1875,0.0
gemma,FROZEN_V2_TAIL_s1,AB,64,6.8125,6.666877746582031,6.8125,0.0
gemma,FROZEN_V2_TAIL_s1,ABC,64,13.59375,11.023139953613281,13.59375,0.0
gemma,FROZEN_V2_TAIL_s1,AB_cross,64,6.859375,6.6429290771484375,6.859375,0.0
gemma,FROZEN_V2_TAIL_s1,BA,64,7.0625,6.6822357177734375,7.0625,0.0
gemma,FROZEN_V2_TAIL_s1,CBA,64,14.09375,10.98870849609375,14.09375,0.0
gemma,FROZEN_V2_TAIL_s1,noop,64,11.09375,10.607955932617188,11.09375,0.0
gemma,FROZEN_V2_TAIL_s1,overwrite,64,10.59375,10.1654052734375,10.59375,0.0
gemma,FROZEN_V2_TAIL_s1,repeat2,64,7.09375,6.752197265625,7.09375,0.0
gemma,FROZEN_V2_TAIL_s1,repeat4,64,20.84375,20.2275390625,20.84375,0.0
gemma,FROZEN_V2_TAIL_s1,repeat8,64,47.6875,46.9873046875,47.6875,0.0
gemma,FROZEN_V2_TAIL_s1,restore,64,7.1689453125,6.859703063964844,7.1689453125,0.0
gemma,FROZEN_V2_TAIL_s1,restore_after4,64,23.6875,22.738037109375,23.6875,0.0
gemma,INVARIANT_SET_s0,AB,64,,,,0.0
gemma,INVARIANT_SET_s0,ABC,64,,,,0.0
gemma,INVARIANT_SET_s0,AB_cross,64,,,,0.0
gemma,INVARIANT_SET_s0,BA,64,,,,0.0
gemma,INVARIANT_SET_s0,CBA,64,,,,0.0
gemma,INVARIANT_SET_s0,noop,64,9.403040885925293,8.162651762366295,9.3984375,0.0
gemma,INVARIANT_SET_s0,overwrite,64,1.52587890625e-05,1.2129545211791992e-05,0.03125,0.046875
gemma,INVARIANT_SET_s0,repeat2,64,1.52587890625e-05,9.447336196899414e-06,0.015625,0.078125
gemma,INVARIANT_SET_s0,repeat4,64,1.52587890625e-05,1.1086463928222656e-05,0.03125,0.0625
gemma,INVARIANT_SET_s0,repeat8,64,2.6702880859375e-05,1.658499240875244e-05,0.03125,0.03125
gemma,INVARIANT_SET_s0,restore,64,9.403039932250977,8.162651740014553,9.3984375,0.0
gemma,INVARIANT_SET_s0,restore_after4,64,9.40304183959961,8.16265169531107,9.3984375,0.0
gemma,INVARIANT_SET_s1,AB,64,,,,0.0
gemma,INVARIANT_SET_s1,ABC,64,,,,0.0
gemma,INVARIANT_SET_s1,AB_cross,64,,,,0.0
gemma,INVARIANT_SET_s1,BA,64,,,,0.0
gemma,INVARIANT_SET_s1,CBA,64,,,,0.0
gemma,INVARIANT_SET_s1,noop,64,10.183258056640625,8.953216060996056,10.1640625,0.0
gemma,INVARIANT_SET_s1,overwrite,64,1.52587890625e-05,1.1146068572998047e-05,0.03125,0.125
gemma,INVARIANT_SET_s1,repeat2,64,1.52587890625e-05,8.64267349243164e-06,0.03125,0.125
gemma,INVARIANT_SET_s1,repeat4,64,1.52587890625e-05,1.0475516319274902e-05,0.03125,0.09375
gemma,INVARIANT_SET_s1,repeat8,64,2.6702880859375e-05,1.6614794731140137e-05,0.03125,0.0625
gemma,INVARIANT_SET_s1,restore,64,10.183256149291992,8.953216552734375,10.1640625,0.0
gemma,INVARIANT_SET_s1,restore_after4,64,10.183256149291992,8.953216537833214,10.1640625,0.0
qwen,AFFINE_CLAUSE_s0,AB,32,,,,0.0
qwen,AFFINE_CLAUSE_s0,ABC,32,,,,0.0
qwen,AFFINE_CLAUSE_s0,AB_cross,32,,,,0.0
qwen,AFFINE_CLAUSE_s0,BA,32,,,,0.0
qwen,AFFINE_CLAUSE_s0,CBA,32,,,,0.0
qwen,AFFINE_CLAUSE_s0,noop,32,2.232421875,2.21612548828125,2.232421875,0.0
qwen,AFFINE_CLAUSE_s0,overwrite,32,2.203125,2.16497802734375,2.203125,0.0
qwen,AFFINE_CLAUSE_s0,repeat2,32,1.80078125,1.6572265625,1.80078125,0.0
qwen,AFFINE_CLAUSE_s0,repeat4,32,5.37890625,4.962158203125,5.37890625,0.0
qwen,AFFINE_CLAUSE_s0,repeat8,32,12.61328125,11.381103515625,12.61328125,0.0
qwen,AFFINE_CLAUSE_s0,restore,32,1.796875,1.649169921875,1.796875,0.0
qwen,AFFINE_CLAUSE_s0,restore_after4,32,5.6796875,5.1351318359375,5.6796875,0.0
qwen,AFFINE_CLAUSE_s1,AB,32,,,,0.0
qwen,AFFINE_CLAUSE_s1,ABC,32,,,,0.0
qwen,AFFINE_CLAUSE_s1,AB_cross,32,,,,0.0
qwen,AFFINE_CLAUSE_s1,BA,32,,,,0.0
qwen,AFFINE_CLAUSE_s1,CBA,32,,,,0.0
qwen,AFFINE_CLAUSE_s1,noop,32,2.19921875,2.152618408203125,2.19921875,0.0
qwen,AFFINE_CLAUSE_s1,overwrite,32,2.4921875,2.44097900390625,2.4921875,0.0
qwen,AFFINE_CLAUSE_s1,repeat2,32,1.78125,1.712890625,1.78125,0.0
qwen,AFFINE_CLAUSE_s1,repeat4,32,5.375,5.15966796875,5.375,0.0
qwen,AFFINE_CLAUSE_s1,repeat8,32,12.3671875,11.9344482421875,12.3671875,0.0
qwen,AFFINE_CLAUSE_s1,restore,32,1.783203125,1.6788482666015625,1.783203125,0.0
qwen,AFFINE_CLAUSE_s1,restore_after4,32,5.375,5.2410888671875,5.375,0.0
qwen,CANONICAL_AFFINE_s0,AB,32,,,,0.0
qwen,CANONICAL_AFFINE_s0,ABC,32,,,,0.0
qwen,CANONICAL_AFFINE_s0,AB_cross,32,,,,0.0
qwen,CANONICAL_AFFINE_s0,BA,32,,,,0.0
qwen,CANONICAL_AFFINE_s0,CBA,32,,,,0.0
qwen,CANONICAL_AFFINE_s0,noop,32,2.232421875,2.21612548828125,2.232421875,0.0
qwen,CANONICAL_AFFINE_s0,overwrite,32,0.0,0.0,0.0,1.0
qwen,CANONICAL_AFFINE_s0,repeat2,32,0.0,0.0,0.0,1.0
qwen,CANONICAL_AFFINE_s0,repeat4,32,0.0,0.0,0.0,1.0
qwen,CANONICAL_AFFINE_s0,repeat8,32,0.0,0.0,0.0,1.0
qwen,CANONICAL_AFFINE_s0,restore,32,2.232421875,2.21612548828125,2.232421875,0.0
qwen,CANONICAL_AFFINE_s0,restore_after4,32,2.232421875,2.21612548828125,2.232421875,0.0
qwen,CANONICAL_AFFINE_s1,AB,32,,,,0.0
qwen,CANONICAL_AFFINE_s1,ABC,32,,,,0.0
qwen,CANONICAL_AFFINE_s1,AB_cross,32,,,,0.0
qwen,CANONICAL_AFFINE_s1,BA,32,,,,0.0
qwen,CANONICAL_AFFINE_s1,CBA,32,,,,0.0
qwen,CANONICAL_AFFINE_s1,noop,32,2.19921875,2.152618408203125,2.19921875,0.0
qwen,CANONICAL_AFFINE_s1,overwrite,32,0.0,0.0,0.0,1.0
qwen,CANONICAL_AFFINE_s1,repeat2,32,0.0,0.0,0.0,1.0
qwen,CANONICAL_AFFINE_s1,repeat4,32,0.0,0.0,0.0,1.0
qwen,CANONICAL_AFFINE_s1,repeat8,32,0.0,0.0,0.0,1.0
qwen,CANONICAL_AFFINE_s1,restore,32,2.19921875,2.152618408203125,2.19921875,0.0
qwen,CANONICAL_AFFINE_s1,restore_after4,32,2.19921875,2.152618408203125,2.19921875,0.0
qwen,FREE_OVERWRITE_s0,AB,32,,,,0.0
qwen,FREE_OVERWRITE_s0,ABC,32,,,,0.0
qwen,FREE_OVERWRITE_s0,AB_cross,32,,,,0.0
qwen,FREE_OVERWRITE_s0,BA,32,,,,0.0
qwen,FREE_OVERWRITE_s0,CBA,32,,,,0.0
qwen,FREE_OVERWRITE_s0,noop,32,6.634342193603516,4.851164102554321,6.75,0.0
qwen,FREE_OVERWRITE_s0,overwrite,32,1.8317699432373047,1.5079989433288574,1.8125,0.0
qwen,FREE_OVERWRITE_s0,repeat2,32,1.9105186462402344,1.5198490396142006,1.875,0.0
qwen,FREE_OVERWRITE_s0,repeat4,32,4.28485107421875,3.078238680958748,4.25,0.0
qwen,FREE_OVERWRITE_s0,repeat8,32,7.025306701660156,4.331936560571194,7.0,0.0
qwen,FREE_OVERWRITE_s0,restore,32,4.715091705322266,3.265783742070198,4.75,0.0
qwen,FREE_OVERWRITE_s0,restore_after4,32,4.023006916046143,3.1908002719283104,4.02734375,0.0
qwen,FREE_OVERWRITE_s1,AB,32,,,,0.0
qwen,FREE_OVERWRITE_s1,ABC,32,,,,0.0
qwen,FREE_OVERWRITE_s1,AB_cross,32,,,,0.0
qwen,FREE_OVERWRITE_s1,BA,32,,,,0.0
qwen,FREE_OVERWRITE_s1,CBA,32,,,,0.0
qwen,FREE_OVERWRITE_s1,noop,32,6.219687461853027,5.066628359258175,6.234375,0.0
qwen,FREE_OVERWRITE_s1,overwrite,32,4.848091125488281,3.0081003420054913,4.75,0.0
qwen,FREE_OVERWRITE_s1,repeat2,32,2.217052459716797,1.7169472128152847,2.25,0.0
qwen,FREE_OVERWRITE_s1,repeat4,32,5.4562530517578125,4.417304575443268,5.375,0.0
qwen,FREE_OVERWRITE_s1,repeat8,32,8.973930358886719,7.549992859363556,9.0,0.0
qwen,FREE_OVERWRITE_s1,restore,32,5.376544952392578,4.4654383808374405,5.375,0.0
qwen,FREE_OVERWRITE_s1,restore_after4,32,7.324794769287109,5.000900238752365,7.25,0.0
qwen,INVARIANT_SET_s0,AB,32,,,,0.0
qwen,INVARIANT_SET_s0,ABC,32,,,,0.0
qwen,INVARIANT_SET_s0,AB_cross,32,,,,0.0
qwen,INVARIANT_SET_s0,BA,32,,,,0.0
qwen,INVARIANT_SET_s0,CBA,32,,,,0.0
qwen,INVARIANT_SET_s0,noop,32,4.304981231689453,3.4041128158569336,4.375,0.0
qwen,INVARIANT_SET_s0,overwrite,32,3.814697265625e-06,2.0489096641540527e-06,0.00390625,0.0625
qwen,INVARIANT_SET_s0,repeat2,32,3.814697265625e-06,1.34296715259552e-06,0.001953125,0.21875
qwen,INVARIANT_SET_s0,repeat4,32,3.814697265625e-06,2.3990869522094727e-06,0.03125,0.09375
qwen,INVARIANT_SET_s0,repeat8,32,6.67572021484375e-06,3.933906555175781e-06,0.0078125,0.09375
qwen,INVARIANT_SET_s0,restore,32,4.304981231689453,3.4041128754615784,4.375,0.0
qwen,INVARIANT_SET_s0,restore_after4,32,4.304981231689453,3.404112994670868,4.375,0.0
qwen,INVARIANT_SET_s1,AB,32,,,,0.0
qwen,INVARIANT_SET_s1,ABC,32,,,,0.0
qwen,INVARIANT_SET_s1,AB_cross,32,,,,0.0
qwen,INVARIANT_SET_s1,BA,32,,,,0.0
qwen,INVARIANT_SET_s1,CBA,32,,,,0.0
qwen,INVARIANT_SET_s1,noop,32,2.9270710945129395,2.5807852149009705,2.9296875,0.0
qwen,INVARIANT_SET_s1,overwrite,32,3.814697265625e-06,2.294778823852539e-06,0.00390625,0.15625
qwen,INVARIANT_SET_s1,repeat2,32,3.814697265625e-06,1.7918646335601807e-06,0.00390625,0.03125
qwen,INVARIANT_SET_s1,repeat4,32,7.62939453125e-06,2.473592758178711e-06,0.00390625,0.03125
qwen,INVARIANT_SET_s1,repeat8,32,7.62939453125e-06,4.120171070098877e-06,0.00390625,0.0
qwen,INVARIANT_SET_s1,restore,32,2.9270713329315186,2.58078496158123,2.9296875,0.0
qwen,INVARIANT_SET_s1,restore_after4,32,2.9270713329315186,2.580784983932972,2.9296875,0.0
