actor,format,endpoint,point,ci_low,ci_high,worlds,improvement_point,improvement_ci_low,improvement_ci_high
llama,F1,direct_single_holder_entailment_ba,1.0,1.0,1.0,48,0.5,0.5,0.5
llama,F2,direct_single_holder_entailment_ba,1.0,1.0,1.0,48,0.5,0.5,0.5
llama,zero_shot_baseline,direct_single_holder_entailment_ba,0.5,0.5,0.5,48,,,
llama,F1,operator_sign_ba,0.923931623931624,0.9104967948717948,0.9367925347222222,48,0.35694444444444445,0.3417728365384616,0.3722889957264957
llama,F2,operator_sign_ba,0.921741452991453,0.9074385683760684,0.9354700854700856,48,0.3547542735042735,0.34034388354700856,0.3696718082264958
llama,zero_shot_baseline,operator_sign_ba,0.5669871794871795,0.5486097756410255,0.5862192841880342,48,,,
llama,F1,same_context_dual_query_reversal,0.7916666666666666,0.6666666666666666,0.8958333333333334,48,0.5833333333333334,0.4375,0.7291666666666666
llama,F2,same_context_dual_query_reversal,0.7708333333333334,0.6458333333333334,0.8958333333333334,48,0.5625,0.4166666666666667,0.7083333333333334
llama,zero_shot_baseline,same_context_dual_query_reversal,0.2083333333333333,0.1041666666666666,0.3333333333333333,48,,,
llama,F1,holder_swap_correct,0.8333333333333334,0.7291666666666666,0.9375,48,0.625,0.4791666666666667,0.7708333333333334
llama,F2,holder_swap_correct,0.6875,0.5416666666666666,0.8125,48,0.4791666666666667,0.2916666666666667,0.6458333333333334
llama,zero_shot_baseline,holder_swap_correct,0.2083333333333333,0.1041666666666666,0.3333333333333333,48,,,
llama,F1,target_swap_correct,0.7916666666666666,0.6666666666666666,0.8958333333333334,48,0.20833333333333334,0.0625,0.3541666666666667
llama,F2,target_swap_correct,0.7916666666666666,0.6666666666666666,0.8958333333333334,48,0.20833333333333334,0.0625,0.3541666666666667
llama,zero_shot_baseline,target_swap_correct,0.5833333333333334,0.4375,0.7083333333333334,48,,,
llama,F1,role_permutation_transfer,1.0,1.0,1.0,48,0.3697916666666667,0.3125,0.421875
llama,F2,role_permutation_transfer,1.0,1.0,1.0,48,0.3697916666666667,0.3125,0.421875
llama,zero_shot_baseline,role_permutation_transfer,0.6302083333333334,0.578125,0.6875,48,,,
llama,F1,order_crossed_transfer,0.5625,0.4166666666666667,0.7083333333333334,48,-0.14583333333333334,-0.375,0.10416666666666667
llama,F2,order_crossed_transfer,0.6041666666666666,0.4583333333333333,0.75,48,-0.10416666666666667,-0.3333333333333333,0.125
llama,zero_shot_baseline,order_crossed_transfer,0.7083333333333334,0.5625,0.8333333333333334,48,,,
llama,F1,reporter_quoter_attribution,0.21875,0.1458333333333333,0.2916666666666667,48,0.20833333333333334,0.13541666666666666,0.28125
llama,F2,reporter_quoter_attribution,0.1458333333333333,0.0833333333333333,0.2083333333333333,48,0.13541666666666666,0.0625,0.20833333333333334
llama,zero_shot_baseline,reporter_quoter_attribution,0.0104166666666666,0.0,0.03125,48,,,
llama,F1,negated_withheld_entailment_ba,1.0,1.0,1.0,48,0.5,0.5,0.5
llama,F2,negated_withheld_entailment_ba,1.0,1.0,1.0,48,0.5,0.5,0.5
llama,zero_shot_baseline,negated_withheld_entailment_ba,0.5,0.5,0.5,48,,,
llama,F1,mapping_reversal_semantic_agreement,1.0,1.0,1.0,48,0.020833333333333332,0.0,0.0625
llama,F2,mapping_reversal_semantic_agreement,1.0,1.0,1.0,48,0.020833333333333332,0.0,0.0625
llama,zero_shot_baseline,mapping_reversal_semantic_agreement,0.9791666666666666,0.9375,1.0,48,,,
llama,F1,F1_mapping_semantic_agreement,0.954861111111111,0.9427083333333334,0.9661458333333334,48,,,
llama,F2,F2_candidate_vs_generated_agreement,0.9991319444444444,0.9973958333333334,1.0,48,,,
llama,F2,F2_generation_parse_rate,1.0,1.0,1.0,48,,,
llama,F2,F2_generated_label_direct_ba,1.0,1.0,1.0,48,,,
llama,F1,native_vs_frozen_dim_sign_agreement_new_activations,0.9956140350877192,0.9912280701754388,0.9989035087719298,48,,,
llama,F2,native_vs_frozen_dim_sign_agreement_new_activations,0.9934210526315792,0.987938596491228,0.9978070175438596,48,,,
llama,F1,native_vs_frozen_dim_sign_agreement_baseline_activations,0.7423245614035087,0.7039473684210527,0.7785087719298245,48,,,
llama,F2,native_vs_frozen_dim_sign_agreement_baseline_activations,0.7357456140350876,0.6973684210526315,0.7730263157894738,48,,,
llama,F1,heldout_lexical_recall,1.0,1.0,1.0,48,0.9895833333333334,0.96875,1.0
llama,F2,heldout_lexical_recall,1.0,1.0,1.0,48,0.9895833333333334,0.96875,1.0
llama,zero_shot_baseline,heldout_lexical_recall,0.0104166666666666,0.0,0.03125,48,,,
llama,F1,heldout_discourse_ba,0.5,0.5,0.5,48,-0.010416666666666666,-0.03125,0.0
llama,F2,heldout_discourse_ba,0.5,0.5,0.5,48,-0.010416666666666666,-0.03125,0.0
llama,zero_shot_baseline,heldout_discourse_ba,0.5104166666666666,0.5,0.53125,48,,,
llama,F1,heldout_domain_ba,0.8988782051282053,0.8834787174630925,0.9152977855477856,24,0.38530982905982913,0.36976874236874246,0.402051775147929
llama,F2,heldout_domain_ba,0.8871260683760683,0.8710250305250307,0.9043350312881564,24,0.37355769230769237,0.35654517403283853,0.3924309664694281
llama,zero_shot_baseline,heldout_domain_ba,0.5135683760683761,0.5067599067599068,0.5208086785009862,24,,,
llama,F1,false_binary_opposite_rate,1.0,1.0,1.0,48,0.0,0.0,0.0
llama,F2,false_binary_opposite_rate,1.0,1.0,1.0,48,0.0,0.0,0.0
llama,zero_shot_baseline,false_binary_opposite_rate,1.0,1.0,1.0,48,,,
llama,F1_dim_A_strict,sign_balanced_accuracy,0.920005341880342,0.906529780982906,0.9332398504273504,48,,,
llama,F2_dim_A_strict,sign_balanced_accuracy,0.91875,0.9038995726495728,0.9335740518162392,48,,,
llama,F1_dim_A_strict,same_context_dual_query_reversal,0.7708333333333334,0.6458333333333334,0.875,48,,,
llama,F2_dim_A_strict,same_context_dual_query_reversal,0.7291666666666666,0.6041666666666666,0.8541666666666666,48,,,
llama,F1_dim_A_strict,holder_swap_correct,0.7916666666666666,0.6666666666666666,0.8958333333333334,48,,,
llama,F2_dim_A_strict,holder_swap_correct,0.6458333333333334,0.5,0.7708333333333334,48,,,
llama,F1_dim_A_strict,target_swap_correct,0.7916666666666666,0.6666666666666666,0.8958333333333334,48,,,
llama,F2_dim_A_strict,target_swap_correct,0.7916666666666666,0.6666666666666666,0.8958333333333334,48,,,
llama,F1_dim_C_threshold_free,operator_sign_world_auroc,0.9849893162393162,0.9801014957264956,0.9893696581196582,48,,,
llama,F2_dim_C_threshold_free,operator_sign_world_auroc,0.988034188034188,0.9838675213675212,0.9916399572649572,48,,,
llama,F1_dim_C_threshold_free,same_context_dual_query_reversal,1.0,1.0,1.0,48,,,
llama,F2_dim_C_threshold_free,same_context_dual_query_reversal,0.9791666666666666,0.9375,1.0,48,,,
llama,F1_dim_C_threshold_free,holder_swap_correct,1.0,1.0,1.0,48,,,
llama,F2_dim_C_threshold_free,holder_swap_correct,0.9791666666666666,0.9375,1.0,48,,,
llama,F1_dim_C_threshold_free,target_swap_correct,1.0,1.0,1.0,48,,,
llama,F2_dim_C_threshold_free,target_swap_correct,1.0,1.0,1.0,48,,,
llama,F1_dim_C_threshold_free,role_permutation_transfer,1.0,1.0,1.0,48,,,
llama,F2_dim_C_threshold_free,role_permutation_transfer,1.0,1.0,1.0,48,,,
llama,F1_dim_C_threshold_free,order_crossed_transfer,0.951121794871795,0.9310897435897436,0.9691506410256412,48,,,
llama,F2_dim_C_threshold_free,order_crossed_transfer,0.9727564102564102,0.9615384615384616,0.983974358974359,48,,,
gemma,F1,direct_single_holder_entailment_ba,1.0,1.0,1.0,48,0.4583333333333333,0.4166666666666667,0.4895833333333333
gemma,F2,direct_single_holder_entailment_ba,1.0,1.0,1.0,48,0.4583333333333333,0.4166666666666667,0.4895833333333333
gemma,zero_shot_baseline,direct_single_holder_entailment_ba,0.5416666666666666,0.5104166666666666,0.5833333333333334,48,,,
gemma,F1,operator_sign_ba,1.0,1.0,1.0,48,0.40934829059829064,0.3854153311965812,0.4307692307692308
gemma,F2,operator_sign_ba,0.998263888888889,0.9947916666666666,1.0,48,0.4076121794871795,0.3818910256410257,0.4301829594017095
gemma,zero_shot_baseline,operator_sign_ba,0.5906517094017093,0.5692307692307692,0.6145846688034187,48,,,
gemma,F1,same_context_dual_query_reversal,1.0,1.0,1.0,48,0.6041666666666666,0.4583333333333333,0.75
gemma,F2,same_context_dual_query_reversal,1.0,1.0,1.0,48,0.6041666666666666,0.4583333333333333,0.75
gemma,zero_shot_baseline,same_context_dual_query_reversal,0.3958333333333333,0.25,0.5416666666666666,48,,,
gemma,F1,holder_swap_correct,1.0,1.0,1.0,48,0.6458333333333334,0.5,0.7708333333333334
gemma,F2,holder_swap_correct,1.0,1.0,1.0,48,0.6458333333333334,0.5,0.7708333333333334
gemma,zero_shot_baseline,holder_swap_correct,0.3541666666666667,0.2291666666666666,0.5,48,,,
gemma,F1,target_swap_correct,1.0,1.0,1.0,48,0.1875,0.08333333333333333,0.3125
gemma,F2,target_swap_correct,1.0,1.0,1.0,48,0.1875,0.08333333333333333,0.3125
gemma,zero_shot_baseline,target_swap_correct,0.8125,0.6875,0.9166666666666666,48,,,
gemma,F1,role_permutation_transfer,1.0,1.0,1.0,48,0.296875,0.22916666666666666,0.359375
gemma,F2,role_permutation_transfer,1.0,1.0,1.0,48,0.296875,0.22916666666666666,0.359375
gemma,zero_shot_baseline,role_permutation_transfer,0.703125,0.640625,0.7708333333333334,48,,,
gemma,F1,order_crossed_transfer,1.0,1.0,1.0,48,0.10416666666666667,0.020833333333333332,0.20833333333333334
gemma,F2,order_crossed_transfer,0.9791666666666666,0.9375,1.0,48,0.08333333333333333,0.0,0.1875
gemma,zero_shot_baseline,order_crossed_transfer,0.8958333333333334,0.7916666666666666,0.9791666666666666,48,,,
gemma,F1,reporter_quoter_attribution,1.0,1.0,1.0,48,0.9895833333333334,0.96875,1.0
gemma,F2,reporter_quoter_attribution,1.0,1.0,1.0,48,0.9895833333333334,0.96875,1.0
gemma,zero_shot_baseline,reporter_quoter_attribution,0.0104166666666666,0.0,0.03125,48,,,
gemma,F1,negated_withheld_entailment_ba,1.0,1.0,1.0,48,0.46875,0.4270833333333333,0.5
gemma,F2,negated_withheld_entailment_ba,1.0,1.0,1.0,48,0.46875,0.4270833333333333,0.5
gemma,zero_shot_baseline,negated_withheld_entailment_ba,0.53125,0.5,0.5729166666666666,48,,,
gemma,F1,mapping_reversal_semantic_agreement,1.0,1.0,1.0,48,0.08333333333333333,0.020833333333333332,0.16666666666666666
gemma,F2,mapping_reversal_semantic_agreement,1.0,1.0,1.0,48,0.08333333333333333,0.020833333333333332,0.16666666666666666
gemma,zero_shot_baseline,mapping_reversal_semantic_agreement,0.9166666666666666,0.8333333333333334,0.9791666666666666,48,,,
gemma,F1,F1_mapping_semantic_agreement,1.0,1.0,1.0,48,,,
gemma,F2,F2_candidate_vs_generated_agreement,1.0,1.0,1.0,48,,,
gemma,F2,F2_generation_parse_rate,1.0,1.0,1.0,48,,,
gemma,F2,F2_generated_label_direct_ba,1.0,1.0,1.0,48,,,
gemma,F1,native_vs_frozen_dim_sign_agreement_new_activations,0.9846491228070176,0.9769736842105262,0.9912280701754388,48,,,
gemma,F2,native_vs_frozen_dim_sign_agreement_new_activations,0.9769736842105262,0.9692982456140352,0.9846491228070176,48,,,
gemma,F1,native_vs_frozen_dim_sign_agreement_baseline_activations,0.7445175438596491,0.7094298245614036,0.7796052631578947,48,,,
gemma,F2,native_vs_frozen_dim_sign_agreement_baseline_activations,0.7434210526315791,0.7083333333333334,0.7774122807017543,48,,,
gemma,F1,heldout_lexical_recall,1.0,1.0,1.0,48,0.9791666666666666,0.9479166666666666,1.0
gemma,F2,heldout_lexical_recall,1.0,1.0,1.0,48,0.9791666666666666,0.9479166666666666,1.0
gemma,zero_shot_baseline,heldout_lexical_recall,0.0208333333333333,0.0,0.0520833333333333,48,,,
gemma,F1,heldout_discourse_ba,1.0,1.0,1.0,48,0.5,0.5,0.5
gemma,F2,heldout_discourse_ba,1.0,1.0,1.0,48,0.5,0.5,0.5
gemma,zero_shot_baseline,heldout_discourse_ba,0.5,0.5,0.5,48,,,
gemma,F1,heldout_domain_ba,1.0,1.0,1.0,24,0.45064102564102565,0.4345535714285714,0.46526830808080805
gemma,F2,heldout_domain_ba,1.0,1.0,1.0,24,0.45064102564102565,0.4345535714285714,0.46526830808080805
gemma,zero_shot_baseline,heldout_domain_ba,0.5493589743589743,0.5347316919191919,0.5654464285714286,24,,,
gemma,F1,false_binary_opposite_rate,1.0,1.0,1.0,48,0.0,0.0,0.0
gemma,F2,false_binary_opposite_rate,1.0,1.0,1.0,48,0.0,0.0,0.0
gemma,zero_shot_baseline,false_binary_opposite_rate,1.0,1.0,1.0,48,,,
gemma,F1_dim_A_strict,sign_balanced_accuracy,0.9888888888888888,0.9832799145299146,0.9938034188034188,48,,,
gemma,F2_dim_A_strict,sign_balanced_accuracy,0.9840811965811967,0.9786858974358976,0.9895833333333334,48,,,
gemma,F1_dim_A_strict,same_context_dual_query_reversal,0.9791666666666666,0.9375,1.0,48,,,
gemma,F2_dim_A_strict,same_context_dual_query_reversal,0.9791666666666666,0.9375,1.0,48,,,
gemma,F1_dim_A_strict,holder_swap_correct,0.9791666666666666,0.9375,1.0,48,,,
gemma,F2_dim_A_strict,holder_swap_correct,1.0,1.0,1.0,48,,,
gemma,F1_dim_A_strict,target_swap_correct,0.75,0.625,0.875,48,,,
gemma,F2_dim_A_strict,target_swap_correct,0.6041666666666666,0.4791666666666667,0.75,48,,,
gemma,F1_dim_C_threshold_free,operator_sign_world_auroc,1.0,1.0,1.0,48,,,
gemma,F2_dim_C_threshold_free,operator_sign_world_auroc,1.0,1.0,1.0,48,,,
gemma,F1_dim_C_threshold_free,same_context_dual_query_reversal,1.0,1.0,1.0,48,,,
gemma,F2_dim_C_threshold_free,same_context_dual_query_reversal,1.0,1.0,1.0,48,,,
gemma,F1_dim_C_threshold_free,holder_swap_correct,1.0,1.0,1.0,48,,,
gemma,F2_dim_C_threshold_free,holder_swap_correct,1.0,1.0,1.0,48,,,
gemma,F1_dim_C_threshold_free,target_swap_correct,1.0,1.0,1.0,48,,,
gemma,F2_dim_C_threshold_free,target_swap_correct,1.0,1.0,1.0,48,,,
gemma,F1_dim_C_threshold_free,role_permutation_transfer,1.0,1.0,1.0,48,,,
gemma,F2_dim_C_threshold_free,role_permutation_transfer,1.0,1.0,1.0,48,,,
gemma,F1_dim_C_threshold_free,order_crossed_transfer,1.0,1.0,1.0,48,,,
gemma,F2_dim_C_threshold_free,order_crossed_transfer,1.0,1.0,1.0,48,,,
